🔌 Using Local Database Config: localhost

        🚀 Googer Backend Enhanced
        -------------------------
        📍 Local Access: http://localhost:5000
        📍 API Access:   http://localhost:5000/api
        📍 Health Check: http://localhost:5000/api/health
        🛡️  Security:     Helmet, Rate Limiter Active
        -------------------------
        
✅ Connected to PostgreSQL database
[0mGET /api/health [32m200[0m 136.295 ms - 154[0m
[0mGET /api/health [32m200[0m 1.576 ms - 154[0m
[AUTH] Token Decoded: { id: 4, userId: '4208' }
[0mGET /api/cart [32m200[0m 15.431 ms - 18646[0m
[AUTH] Token Decoded: { id: 4, userId: '4208' }
[AUTH] Token Decoded: { id: 4, userId: '4208' }
[AUTH] Token Decoded: { id: 4, userId: '4208' }
✅ Connected to PostgreSQL database
[0mGET /api/cart [32m200[0m 59.732 ms - 18646[0m
✅ Connected to PostgreSQL database
[0mGET /api/cart [32m200[0m 79.294 ms - 18646[0m
✅ Connected to PostgreSQL database
[0mGET /api/cart [32m200[0m 93.190 ms - 18646[0m
[AUTH] Token Decoded: { id: 4, userId: '4208' }
[0mGET /api/cart [32m200[0m 4.380 ms - 18646[0m
[AUTH] Token Decoded: { id: 4, userId: '4208' }
[0mGET /api/cart [32m200[0m 4.302 ms - 18646[0m
[AUTH] Token Decoded: { id: 4, userId: '4208' }
[0mGET /api/cart [32m200[0m 4.092 ms - 18646[0m
[0mPOST /api/auth/login [32m200[0m 120.489 ms - 27939[0m
[AUTH] Token Decoded: { id: 4, userId: '4208' }
[0mGET /api/cart [32m200[0m 4.294 ms - 18646[0m
[AUTH] Token Decoded: { id: 4, userId: '4208' }
[AUTH] Fetching profile for ID: 4
[DEBUG] Processing profile for sandildilmith12
[0mGET /api/auth/profile [32m200[0m 43.843 ms - 27740[0m
[AUTH] Token Decoded: { id: 4, userId: '4208' }
[0mGET /api/chat/conversations [32m200[0m 14.286 ms - 1080[0m
[AUTH] Token Decoded: { id: 4, userId: '4208' }
[0mGET /api/cart [32m200[0m 4.210 ms - 18646[0m
[DEBUG] getMarketItems query: SELECT m.id, m.user_id, m.username, m.title, m.description, m.price, m.promo_price, m.category, 
                            m.sub_category, m.manual_category, m.stock, m.image_url, m.status, 
                            m.likes_count, m.comments_count, m.shares_count, m.views_count,
                            m.variants, m.shipping_info, m.commission_info,
                            m.created_at, m.product_code,
                            u.username as owner_username, u.profile_picture,
                            EXISTS(SELECT 1 FROM market_likes ml WHERE ml.market_id = m.id AND ml.user_id = $1) as user_liked
                     FROM market m 
                     INNER JOIN users u ON m.user_id = u.id 
                     WHERE 1=1 AND m.status = ANY($2) ORDER BY m.created_at DESC
[DEBUG] getMarketItems params: [ null, [ 'approved', 'active' ] ]
[DEBUG] getMarketItems Result Rows: [
  { id: 21, user_id: 5, status: 'active' },
  { id: 16, user_id: 4, status: 'active' },
  { id: 15, user_id: 4, status: 'active' },
  { id: 10, user_id: 2, status: 'active' }
]
[0mGET /api/market?status=approved [32m200[0m 18.451 ms - 612036[0m
[AUTH] Token Decoded: { id: 4, userId: '4208' }
[AUTH] Token Decoded: { id: 4, userId: '4208' }
[AUTH] Fetching profile for ID: 4
[0mGET /api/chat/conversations [32m200[0m 8.659 ms - 1080[0m
[DEBUG] Processing profile for sandildilmith12
[0mGET /api/auth/profile [36m304[0m 19.135 ms - -[0m
[0mGET /api/auth/user/4/following [32m200[0m 2.190 ms - 26953[0m
[AUTH] Token Decoded: { id: 4, userId: '4208' }
[AUTH] Token Decoded: { id: 4, userId: '4208' }
[AUTH] Token Decoded: { id: 4, userId: '4208' }
[AUTH] Token Decoded: { id: 4, userId: '4208' }
[AUTH] Token Decoded: { id: 4, userId: '4208' }
✅ Connected to PostgreSQL database
[0mGET /api/orders/buyer?status=shipped [32m200[0m 69.907 ms - 26[0m
✅ Connected to PostgreSQL database
[0mGET /api/orders/buyer?status=pending%2Cprocessing%2Cshipped%2Cdelivered%2Creceived%2Creshipped%2Ccancelled%2Creturned%2Crejected [32m200[0m 107.999 ms - 2073715[0m
[AUTH] Token Decoded: { id: 4, userId: '4208' }
[0mGET /api/orders/seller?status=shipped [32m200[0m 5.575 ms - 26[0m
✅ Connected to PostgreSQL database
[DEBUG] getMarketItems query: SELECT m.id, m.user_id, m.username, m.title, m.description, m.price, m.promo_price, m.category, 
                            m.sub_category, m.manual_category, m.stock, m.image_url, m.status, 
                            m.likes_count, m.comments_count, m.shares_count, m.views_count,
                            m.variants, m.shipping_info, m.commission_info,
                            m.created_at, m.product_code,
                            u.username as owner_username, u.profile_picture,
                            EXISTS(SELECT 1 FROM market_likes ml WHERE ml.market_id = m.id AND ml.user_id = $1) as user_liked
                     FROM market m 
                     INNER JOIN users u ON m.user_id = u.id 
                     WHERE 1=1 AND m.status = ANY($2) ORDER BY m.created_at DESC
[DEBUG] getMarketItems params: [ null, [ 'approved', 'active' ] ]
[0mGET /api/orders/seller?status=processing [32m200[0m 156.325 ms - 26[0m
[DEBUG] getMarketItems Result Rows: [
  { id: 21, user_id: 5, status: 'active' },
  { id: 16, user_id: 4, status: 'active' },
  { id: 15, user_id: 4, status: 'active' },
  { id: 10, user_id: 2, status: 'active' }
]
[0mGET /api/market?status=approved [36m304[0m 20.147 ms - -[0m
✅ Connected to PostgreSQL database
[0mGET /api/orders/buyer?status=processing [32m200[0m 273.903 ms - 26[0m
✅ Connected to PostgreSQL database
[0mGET /api/orders/seller?status=pending%2Cprocessing%2Cshipped%2Cdelivered%2Creceived%2Creshipped%2Ccancelled%2Creturned%2Crejected [32m200[0m 297.012 ms - 3175480[0m
[AUTH] Token Decoded: { id: 4, userId: '4208' }
[0mGET /api/cart [32m200[0m 6.342 ms - 18646[0m
[AUTH] Token Decoded: { id: 4, userId: '4208' }
[0mGET /api/orders/buyer?status=pending%2Cprocessing%2Cshipped%2Cdelivered%2Creceived%2Creshipped%2Ccancelled%2Creturned%2Crejected [32m200[0m 16.505 ms - 2073715[0m
[DEBUG] getMarketItems query: SELECT m.id, m.user_id, m.username, m.title, m.description, m.price, m.promo_price, m.category, 
                            m.sub_category, m.manual_category, m.stock, m.image_url, m.status, 
                            m.likes_count, m.comments_count, m.shares_count, m.views_count,
                            m.variants, m.shipping_info, m.commission_info,
                            m.created_at, m.product_code,
                            u.username as owner_username, u.profile_picture,
                            EXISTS(SELECT 1 FROM market_likes ml WHERE ml.market_id = m.id AND ml.user_id = $1) as user_liked
                     FROM market m 
                     INNER JOIN users u ON m.user_id = u.id 
                     WHERE 1=1 AND m.user_id = $2 AND m.status = ANY($3) ORDER BY m.created_at DESC
[DEBUG] getMarketItems params: [ null, 4, [ 'approved', 'active' ] ]
[AUTH] Token Decoded: { id: 4, userId: '4208' }
[0mGET /api/orders/buyer?status=shipped [32m200[0m 5.232 ms - 26[0m
[DEBUG] getMarketItems Result Rows: [
  { id: 16, user_id: 4, status: 'active' },
  { id: 15, user_id: 4, status: 'active' }
]
[0mGET /api/market?user_id=4&status=approved [32m200[0m 18.059 ms - 401587[0m
[AUTH] Token Decoded: { id: 4, userId: '4208' }
[AUTH] Token Decoded: { id: 4, userId: '4208' }
[AUTH] Token Decoded: { id: 4, userId: '4208' }
[0mGET /api/orders/seller?status=shipped [32m200[0m 10.732 ms - 26[0m
[0mGET /api/orders/seller?status=processing [32m200[0m 8.416 ms - 26[0m
[0mGET /api/orders/seller?status=pending%2Cprocessing%2Cshipped%2Cdelivered%2Creceived%2Creshipped%2Ccancelled%2Creturned%2Crejected [32m200[0m 37.975 ms - 3175480[0m
[AUTH] Token Decoded: { id: 4, userId: '4208' }
[0mGET /api/orders/buyer?status=processing [32m200[0m 5.471 ms - 26[0m
[AUTH] Token Decoded: { id: 4, userId: '4208' }
[0mGET /api/chat/conversations [32m200[0m 8.600 ms - 1080[0m
[AUTH] Token Decoded: { id: 4, userId: '4208' }
[0mGET /api/cart [32m200[0m 4.077 ms - 18646[0m
[AUTH] Token Decoded: { id: 4, userId: '4208' }
[0mGET /api/chat/conversations [32m200[0m 4.912 ms - 1080[0m
[AUTH] Token Decoded: { id: 4, userId: '4208' }
[0mGET /api/cart [32m200[0m 3.580 ms - 18646[0m
[AUTH] Token Decoded: { id: 4, userId: '4208' }
[AUTH] Token Decoded: { id: 4, userId: '4208' }
[AUTH] Token Decoded: { id: 4, userId: '4208' }
[AUTH] Token Decoded: { id: 4, userId: '4208' }
[0mGET /api/orders/buyer?status=shipped [32m200[0m 10.920 ms - 26[0m
[0mGET /api/orders/buyer?status=pending%2Cprocessing%2Cshipped%2Cdelivered%2Creceived%2Creshipped%2Ccancelled%2Creturned%2Crejected [32m200[0m 28.788 ms - 2073715[0m
[0mGET /api/orders/buyer?status=processing [32m200[0m 25.104 ms - 26[0m
[0mGET /api/orders/seller?status=pending%2Cprocessing%2Cshipped%2Cdelivered%2Creceived%2Creshipped%2Ccancelled%2Creturned%2Crejected [32m200[0m 42.119 ms - 3175480[0m
[AUTH] Token Decoded: { id: 4, userId: '4208' }
[0mGET /api/orders/seller?status=pending%2Cprocessing%2Cshipped%2Cdelivered%2Creceived%2Creshipped%2Ccancelled%2Creturned%2Crejected [32m200[0m 23.577 ms - 3175480[0m
[AUTH] Token Decoded: { id: 4, userId: '4208' }
[AUTH] Token Decoded: { id: 4, userId: '4208' }
[AUTH] Token Decoded: { id: 4, userId: '4208' }
[0mGET /api/chat/conversations [32m200[0m 10.236 ms - 1080[0m
[0mGET /api/orders/seller?status=shipped [32m200[0m 20.282 ms - 26[0m
[0mGET /api/orders/seller?status=processing [32m200[0m 26.136 ms - 26[0m
[AUTH] Token Decoded: { id: 4, userId: '4208' }
[0mGET /api/cart [32m200[0m 5.913 ms - 18646[0m
[AUTH] Token Decoded: { id: 4, userId: '4208' }
[AUTH] Token Decoded: { id: 4, userId: '4208' }
[AUTH] Token Decoded: { id: 4, userId: '4208' }
[AUTH] Token Decoded: { id: 4, userId: '4208' }
[AUTH] Token Decoded: { id: 4, userId: '4208' }
[0mGET /api/orders/buyer?status=shipped [32m200[0m 13.389 ms - 26[0m
[0mGET /api/orders/buyer?status=pending%2Cprocessing%2Cshipped%2Cdelivered%2Creceived%2Creshipped%2Ccancelled%2Creturned%2Crejected [32m200[0m 35.655 ms - 2073715[0m
[0mGET /api/orders/buyer?status=pending%2Cprocessing%2Cshipped%2Cdelivered%2Creceived%2Creshipped%2Ccancelled%2Creturned%2Crejected [32m200[0m 43.490 ms - 2073715[0m
[AUTH] Token Decoded: { id: 4, userId: '4208' }
[AUTH] Token Decoded: { id: 4, userId: '4208' }
[0mGET /api/orders/buyer?status=processing [32m200[0m 10.630 ms - 26[0m
[0mGET /api/orders/seller?status=processing [32m200[0m 10.172 ms - 26[0m
✅ Connected to PostgreSQL database
[0mGET /api/orders/seller?status=pending%2Cprocessing%2Cshipped%2Cdelivered%2Creceived%2Creshipped%2Ccancelled%2Creturned%2Crejected [32m200[0m 331.834 ms - 3175480[0m
✅ Connected to PostgreSQL database
[0mGET /api/orders/seller?status=shipped [32m200[0m 352.366 ms - 26[0m
[AUTH] Token Decoded: { id: 4, userId: '4208' }
[0mGET /api/chat/conversations [32m200[0m 6.950 ms - 1080[0m
[AUTH] Token Decoded: { id: 4, userId: '4208' }
[AUTH] Token Decoded: { id: 4, userId: '4208' }
[AUTH] Token Decoded: { id: 4, userId: '4208' }
[AUTH] Token Decoded: { id: 4, userId: '4208' }
[AUTH] Token Decoded: { id: 4, userId: '4208' }
[AUTH] Token Decoded: { id: 4, userId: '4208' }
[AUTH] Token Decoded: { id: 4, userId: '4208' }
[0mGET /api/orders/buyer?status=pending%2Cprocessing%2Cshipped%2Cdelivered%2Creceived%2Creshipped%2Ccancelled%2Creturned%2Crejected [32m200[0m 36.357 ms - 2073715[0m
[0mGET /api/orders/seller?status=shipped [32m200[0m 36.519 ms - 26[0m
[0mGET /api/orders/buyer?status=processing [32m200[0m 34.551 ms - 26[0m
[0mGET /api/orders/buyer?status=shipped [32m200[0m 35.065 ms - 26[0m
[0mGET /api/orders/seller?status=processing [32m200[0m 34.437 ms - 26[0m
[0mGET /api/orders/buyer?status=processing [32m200[0m 30.737 ms - 26[0m
[0mGET /api/orders/seller?status=pending%2Cprocessing%2Cshipped%2Cdelivered%2Creceived%2Creshipped%2Ccancelled%2Creturned%2Crejected [32m200[0m 55.175 ms - 3175480[0m
[AUTH] Token Decoded: { id: 4, userId: '4208' }
[0mGET /api/orders/seller?status=pending%2Cprocessing%2Cshipped%2Cdelivered%2Creceived%2Creshipped%2Ccancelled%2Creturned%2Crejected [32m200[0m 22.607 ms - 3175480[0m
[AUTH] Token Decoded: { id: 4, userId: '4208' }
[AUTH] Token Decoded: { id: 4, userId: '4208' }
[AUTH] Token Decoded: { id: 4, userId: '4208' }
[AUTH] Token Decoded: { id: 4, userId: '4208' }
[AUTH] Token Decoded: { id: 4, userId: '4208' }
[0mGET /api/orders/buyer?status=shipped [32m200[0m 15.935 ms - 26[0m
[0mGET /api/orders/seller?status=shipped [32m200[0m 16.086 ms - 26[0m
[0mGET /api/orders/buyer?status=processing [32m200[0m 15.641 ms - 26[0m
[0mGET /api/orders/buyer?status=pending%2Cprocessing%2Cshipped%2Cdelivered%2Creceived%2Creshipped%2Ccancelled%2Creturned%2Crejected [32m200[0m 29.146 ms - 2073715[0m
[0mGET /api/orders/seller?status=pending%2Cprocessing%2Cshipped%2Cdelivered%2Creceived%2Creshipped%2Ccancelled%2Creturned%2Crejected [32m200[0m 63.390 ms - 3175480[0m
[AUTH] Token Decoded: { id: 4, userId: '4208' }
[AUTH] Token Decoded: { id: 4, userId: '4208' }
[0mGET /api/cart [32m200[0m 5.269 ms - 18646[0m
[0mGET /api/orders/seller?status=processing [32m200[0m 10.936 ms - 26[0m
[AUTH] Token Decoded: { id: 4, userId: '4208' }
[0mGET /api/chat/conversations [32m200[0m 9.723 ms - 1080[0m
[AUTH] Token Decoded: { id: 4, userId: '4208' }
[0mGET /api/cart [32m200[0m 3.127 ms - 18646[0m
[AUTH] Token Decoded: { id: 4, userId: '4208' }
[0mGET /api/chat/conversations [32m200[0m 5.007 ms - 1080[0m
[AUTH] Token Decoded: { id: 4, userId: '4208' }
[0mGET /api/orders/seller?status=processing [32m200[0m 8.593 ms - 26[0m
[AUTH] Token Decoded: { id: 4, userId: '4208' }
[0mGET /api/orders/buyer?status=pending%2Cprocessing%2Cshipped%2Cdelivered%2Creceived%2Creshipped%2Ccancelled%2Creturned%2Crejected [32m200[0m 15.032 ms - 2073715[0m
[AUTH] Token Decoded: { id: 4, userId: '4208' }
[AUTH] Token Decoded: { id: 4, userId: '4208' }
[AUTH] Token Decoded: { id: 4, userId: '4208' }
[0mGET /api/orders/buyer?status=shipped [32m200[0m 11.246 ms - 26[0m
[0mGET /api/orders/seller?status=processing [32m200[0m 10.315 ms - 26[0m
[0mGET /api/orders/buyer?status=processing [32m200[0m 9.673 ms - 26[0m
[AUTH] Token Decoded: { id: 4, userId: '4208' }
[AUTH] Token Decoded: { id: 4, userId: '4208' }
[0mGET /api/orders/seller?status=shipped [32m200[0m 7.577 ms - 26[0m
[0mGET /api/orders/seller?status=pending%2Cprocessing%2Cshipped%2Cdelivered%2Creceived%2Creshipped%2Ccancelled%2Creturned%2Crejected [32m200[0m 24.489 ms - 3175480[0m
[AUTH] Token Decoded: { id: 4, userId: '4208' }
[0mGET /api/cart [32m200[0m 3.548 ms - 18646[0m
[AUTH] Token Decoded: { id: 4, userId: '4208' }
[0mGET /api/chat/conversations [32m200[0m 8.227 ms - 1080[0m
[AUTH] Token Decoded: { id: 4, userId: '4208' }
[0mGET /api/cart [32m200[0m 3.911 ms - 18646[0m
[AUTH] Token Decoded: { id: 4, userId: '4208' }
[AUTH] Token Decoded: { id: 4, userId: '4208' }
[0mGET /api/orders/buyer?status=processing [32m200[0m 7.970 ms - 26[0m
[0mGET /api/orders/buyer?status=pending%2Cprocessing%2Cshipped%2Cdelivered%2Creceived%2Creshipped%2Ccancelled%2Creturned%2Crejected [32m200[0m 18.437 ms - 2073715[0m
[AUTH] Token Decoded: { id: 4, userId: '4208' }
[AUTH] Token Decoded: { id: 4, userId: '4208' }
[AUTH] Token Decoded: { id: 4, userId: '4208' }
[AUTH] Token Decoded: { id: 4, userId: '4208' }
[AUTH] Token Decoded: { id: 4, userId: '4208' }
[0mGET /api/orders/seller?status=processing [32m200[0m 17.319 ms - 26[0m
[0mGET /api/orders/buyer?status=shipped [32m200[0m 17.162 ms - 26[0m
[0mGET /api/orders/seller?status=shipped [32m200[0m 15.937 ms - 26[0m
[0mGET /api/orders/seller?status=pending%2Cprocessing%2Cshipped%2Cdelivered%2Creceived%2Creshipped%2Ccancelled%2Creturned%2Crejected [32m200[0m 46.327 ms - 3175480[0m
[0mGET /api/orders/seller?status=pending%2Cprocessing%2Cshipped%2Cdelivered%2Creceived%2Creshipped%2Ccancelled%2Creturned%2Crejected [32m200[0m 53.849 ms - 3175480[0m
[AUTH] Token Decoded: { id: 4, userId: '4208' }
[0mGET /api/chat/conversations [32m200[0m 5.038 ms - 1080[0m
[AUTH] Token Decoded: { id: 4, userId: '4208' }
[0mGET /api/cart [32m200[0m 3.818 ms - 18646[0m
[AUTH] Token Decoded: { id: 4, userId: '4208' }
[0mGET /api/orders/seller?status=processing [32m200[0m 5.928 ms - 26[0m
[AUTH] Token Decoded: { id: 4, userId: '4208' }
[AUTH] Token Decoded: { id: 4, userId: '4208' }
[AUTH] Token Decoded: { id: 4, userId: '4208' }
[AUTH] Token Decoded: { id: 4, userId: '4208' }
[0mGET /api/orders/seller?status=processing [32m200[0m 12.889 ms - 26[0m
[AUTH] Token Decoded: { id: 4, userId: '4208' }
[0mGET /api/orders/buyer?status=shipped [32m200[0m 15.179 ms - 26[0m
[0mGET /api/orders/seller?status=shipped [32m200[0m 9.096 ms - 26[0m
[0mGET /api/orders/buyer?status=pending%2Cprocessing%2Cshipped%2Cdelivered%2Creceived%2Creshipped%2Ccancelled%2Creturned%2Crejected [32m200[0m 31.245 ms - 2073715[0m
[0mGET /api/orders/seller?status=pending%2Cprocessing%2Cshipped%2Cdelivered%2Creceived%2Creshipped%2Ccancelled%2Creturned%2Crejected [32m200[0m 46.033 ms - 3175480[0m
[AUTH] Token Decoded: { id: 4, userId: '4208' }
[0mGET /api/chat/conversations [32m200[0m 8.291 ms - 1080[0m
[AUTH] Token Decoded: { id: 4, userId: '4208' }
[0mGET /api/orders/buyer?status=processing [32m200[0m 6.695 ms - 26[0m
[AUTH] Token Decoded: { id: 4, userId: '4208' }
[0mGET /api/orders/seller?status=pending%2Cprocessing%2Cshipped%2Cdelivered%2Creceived%2Creshipped%2Ccancelled%2Creturned%2Crejected [32m200[0m 21.988 ms - 3175480[0m
[AUTH] Token Decoded: { id: 4, userId: '4208' }
[AUTH] Token Decoded: { id: 4, userId: '4208' }
[0mGET /api/orders/buyer?status=shipped [32m200[0m 7.837 ms - 26[0m
[0mGET /api/orders/seller?status=pending%2Cprocessing%2Cshipped%2Cdelivered%2Creceived%2Creshipped%2Ccancelled%2Creturned%2Crejected [32m200[0m 26.358 ms - 3175480[0m
[AUTH] Token Decoded: { id: 4, userId: '4208' }
[0mGET /api/orders/seller?status=shipped [32m200[0m 5.308 ms - 26[0m
[AUTH] Token Decoded: { id: 4, userId: '4208' }
[AUTH] Token Decoded: { id: 4, userId: '4208' }
[AUTH] Token Decoded: { id: 4, userId: '4208' }
[AUTH] Token Decoded: { id: 4, userId: '4208' }
[0mGET /api/cart [32m200[0m 8.772 ms - 18646[0m
[0mGET /api/orders/seller?status=processing [32m200[0m 10.392 ms - 26[0m
[0mGET /api/orders/buyer?status=processing [32m200[0m 11.782 ms - 26[0m
[0mGET /api/orders/buyer?status=pending%2Cprocessing%2Cshipped%2Cdelivered%2Creceived%2Creshipped%2Ccancelled%2Creturned%2Crejected [32m200[0m 32.546 ms - 2073715[0m
[AUTH] Token Decoded: { id: 4, userId: '4208' }
[0mGET /api/chat/conversations [32m200[0m 4.707 ms - 1080[0m
[AUTH] Token Decoded: { id: 4, userId: '4208' }
[0mGET /api/cart [32m200[0m 3.632 ms - 18646[0m
[AUTH] Token Decoded: { id: 4, userId: '4208' }
[0mGET /api/chat/conversations [32m200[0m 4.420 ms - 1080[0m
[AUTH] Token Decoded: { id: 4, userId: '4208' }
[0mGET /api/cart [32m200[0m 3.792 ms - 18646[0m
[AUTH] Token Decoded: { id: 4, userId: '4208' }
[0mGET /api/chat/conversations [32m200[0m 4.604 ms - 1080[0m
[AUTH] Token Decoded: { id: 4, userId: '4208' }
[0mGET /api/cart [32m200[0m 3.627 ms - 18646[0m
[AUTH] Token Decoded: { id: 4, userId: '4208' }
[AUTH] Fetching profile for ID: 4
[DEBUG] Processing profile for sandildilmith12
[DEBUG] getMarketItems query: SELECT m.id, m.user_id, m.username, m.title, m.description, m.price, m.promo_price, m.category, 
                            m.sub_category, m.manual_category, m.stock, m.image_url, m.status, 
                            m.likes_count, m.comments_count, m.shares_count, m.views_count,
                            m.variants, m.shipping_info, m.commission_info,
                            m.created_at, m.product_code,
                            u.username as owner_username, u.profile_picture,
                            EXISTS(SELECT 1 FROM market_likes ml WHERE ml.market_id = m.id AND ml.user_id = $1) as user_liked
                     FROM market m 
                     INNER JOIN users u ON m.user_id = u.id 
                     WHERE 1=1 AND m.status = ANY($2) ORDER BY m.created_at DESC
[DEBUG] getMarketItems params: [ null, [ 'approved', 'active' ] ]
[AUTH] Token Decoded: { id: 4, userId: '4208' }
[DEBUG] getMarketItems Result Rows: [
  { id: 21, user_id: 5, status: 'active' },
  { id: 16, user_id: 4, status: 'active' },
  { id: 15, user_id: 4, status: 'active' },
  { id: 10, user_id: 2, status: 'active' }
]
[0mGET /api/market?status=approved [36m304[0m 14.950 ms - -[0m
[0mGET /api/cart [32m200[0m 12.395 ms - 18646[0m
[0mGET /api/auth/profile [36m304[0m 32.240 ms - -[0m
[AUTH] Token Decoded: { id: 4, userId: '4208' }
[AUTH] Fetching profile for ID: 4
[DEBUG] Processing profile for sandildilmith12
[0mGET /api/auth/profile [36m304[0m 9.738 ms - -[0m
[0mGET /api/auth/user/4/following [36m304[0m 2.423 ms - -[0m
[AUTH] Token Decoded: { id: 4, userId: '4208' }
[0mGET /api/chat/conversations [32m200[0m 4.855 ms - 1080[0m
[AUTH] Token Decoded: { id: 4, userId: '4208' }
[DEBUG] getMarketItems query: SELECT m.id, m.user_id, m.username, m.title, m.description, m.price, m.promo_price, m.category, 
                            m.sub_category, m.manual_category, m.stock, m.image_url, m.status, 
                            m.likes_count, m.comments_count, m.shares_count, m.views_count,
                            m.variants, m.shipping_info, m.commission_info,
                            m.created_at, m.product_code,
                            u.username as owner_username, u.profile_picture,
                            EXISTS(SELECT 1 FROM market_likes ml WHERE ml.market_id = m.id AND ml.user_id = $1) as user_liked
                     FROM market m 
                     INNER JOIN users u ON m.user_id = u.id 
                     WHERE 1=1 AND m.status = ANY($2) ORDER BY m.created_at DESC
[DEBUG] getMarketItems params: [ null, [ 'approved', 'active' ] ]
[DEBUG] getMarketItems Result Rows: [
  { id: 21, user_id: 5, status: 'active' },
  { id: 16, user_id: 4, status: 'active' },
  { id: 15, user_id: 4, status: 'active' },
  { id: 10, user_id: 2, status: 'active' }
]
[0mGET /api/market?status=approved [36m304[0m 13.170 ms - -[0m
[0mGET /api/orders/buyer?status=pending%2Cprocessing%2Cshipped%2Cdelivered%2Creceived%2Creshipped%2Ccancelled%2Creturned%2Crejected [32m200[0m 34.632 ms - 2073715[0m
[AUTH] Token Decoded: { id: 4, userId: '4208' }
[AUTH] Token Decoded: { id: 4, userId: '4208' }
[AUTH] Token Decoded: { id: 4, userId: '4208' }
[AUTH] Token Decoded: { id: 4, userId: '4208' }
[AUTH] Token Decoded: { id: 4, userId: '4208' }
[0mGET /api/orders/seller?status=pending%2Cprocessing%2Cshipped%2Cdelivered%2Creceived%2Creshipped%2Ccancelled%2Creturned%2Crejected [32m200[0m 37.028 ms - 3175480[0m
✅ Connected to PostgreSQL database
[0mGET /api/orders/buyer?status=shipped [32m200[0m 155.994 ms - 26[0m
✅ Connected to PostgreSQL database
[0mGET /api/orders/seller?status=shipped [32m200[0m 196.779 ms - 26[0m
✅ Connected to PostgreSQL database
[0mGET /api/orders/seller?status=processing [32m200[0m 249.443 ms - 26[0m
✅ Connected to PostgreSQL database
[0mGET /api/orders/buyer?status=processing [32m200[0m 299.834 ms - 26[0m
[AUTH] Token Decoded: { id: 4, userId: '4208' }
[0mGET /api/orders/seller?status=processing [32m200[0m 5.318 ms - 26[0m
[AUTH] Token Decoded: { id: 4, userId: '4208' }
[AUTH] Token Decoded: { id: 4, userId: '4208' }
[AUTH] Token Decoded: { id: 4, userId: '4208' }
[AUTH] Token Decoded: { id: 4, userId: '4208' }
[AUTH] Token Decoded: { id: 4, userId: '4208' }
[DEBUG] getMarketItems query: SELECT m.id, m.user_id, m.username, m.title, m.description, m.price, m.promo_price, m.category, 
                            m.sub_category, m.manual_category, m.stock, m.image_url, m.status, 
                            m.likes_count, m.comments_count, m.shares_count, m.views_count,
                            m.variants, m.shipping_info, m.commission_info,
                            m.created_at, m.product_code,
                            u.username as owner_username, u.profile_picture,
                            EXISTS(SELECT 1 FROM market_likes ml WHERE ml.market_id = m.id AND ml.user_id = $1) as user_liked
                     FROM market m 
                     INNER JOIN users u ON m.user_id = u.id 
                     WHERE 1=1 AND m.user_id = $2 AND m.status = ANY($3) ORDER BY m.created_at DESC
[DEBUG] getMarketItems params: [ null, 4, [ 'approved', 'active' ] ]
[0mGET /api/orders/buyer?status=shipped [32m200[0m 18.513 ms - 26[0m
[DEBUG] getMarketItems Result Rows: [
  { id: 16, user_id: 4, status: 'active' },
  { id: 15, user_id: 4, status: 'active' }
]
[0mGET /api/market?user_id=4&status=approved [36m304[0m 14.370 ms - -[0m
[0mGET /api/orders/buyer?status=processing [32m200[0m 24.364 ms - 26[0m
[0mGET /api/orders/seller?status=shipped [32m200[0m 25.045 ms - 26[0m
[0mGET /api/orders/buyer?status=pending%2Cprocessing%2Cshipped%2Cdelivered%2Creceived%2Creshipped%2Ccancelled%2Creturned%2Crejected [32m200[0m 50.084 ms - 2073715[0m
[0mGET /api/orders/seller?status=pending%2Cprocessing%2Cshipped%2Cdelivered%2Creceived%2Creshipped%2Ccancelled%2Creturned%2Crejected [32m200[0m 61.593 ms - 3175480[0m
[AUTH] Token Decoded: { id: 4, userId: '4208' }
[0mGET /api/cart [32m200[0m 3.821 ms - 18646[0m
[AUTH] Token Decoded: { id: 4, userId: '4208' }
[0mGET /api/chat/conversations [32m200[0m 5.048 ms - 1080[0m
[AUTH] Token Decoded: { id: 4, userId: '4208' }
[AUTH] Token Decoded: { id: 4, userId: '4208' }
[0mGET /api/orders/buyer?status=shipped [32m200[0m 4.564 ms - 26[0m
[0mGET /api/orders/seller?status=pending%2Cprocessing%2Cshipped%2Cdelivered%2Creceived%2Creshipped%2Ccancelled%2Creturned%2Crejected [32m200[0m 29.499 ms - 3175480[0m
[AUTH] Token Decoded: { id: 4, userId: '4208' }
[AUTH] Token Decoded: { id: 4, userId: '4208' }
[AUTH] Token Decoded: { id: 4, userId: '4208' }
[AUTH] Token Decoded: { id: 4, userId: '4208' }
[0mGET /api/orders/buyer?status=processing [32m200[0m 14.992 ms - 26[0m
[0mGET /api/orders/seller?status=shipped [32m200[0m 11.277 ms - 26[0m
[0mGET /api/orders/seller?status=processing [32m200[0m 16.449 ms - 26[0m
[0mGET /api/orders/buyer?status=pending%2Cprocessing%2Cshipped%2Cdelivered%2Creceived%2Creshipped%2Ccancelled%2Creturned%2Crejected [32m200[0m 23.816 ms - 2073715[0m
[AUTH] Token Decoded: { id: 4, userId: '4208' }
[0mGET /api/orders/seller?status=pending%2Cprocessing%2Cshipped%2Cdelivered%2Creceived%2Creshipped%2Ccancelled%2Creturned%2Crejected [32m200[0m 27.088 ms - 3175480[0m
[AUTH] Token Decoded: { id: 4, userId: '4208' }
[0mGET /api/cart [32m200[0m 3.677 ms - 18646[0m
[AUTH] Token Decoded: { id: 4, userId: '4208' }
[0mGET /api/chat/conversations [32m200[0m 5.783 ms - 1080[0m
[AUTH] Token Decoded: { id: 4, userId: '4208' }
[0mGET /api/cart [32m200[0m 3.993 ms - 18646[0m
[AUTH] Token Decoded: { id: 4, userId: '4208' }
[0mGET /api/chat/conversations [32m200[0m 4.615 ms - 1080[0m
[AUTH] Token Decoded: { id: 4, userId: '4208' }
[0mGET /api/cart [32m200[0m 3.592 ms - 18646[0m
[AUTH] Token Decoded: { id: 4, userId: '4208' }
[0mGET /api/chat/conversations [32m200[0m 4.688 ms - 1080[0m
[AUTH] Token Decoded: { id: 4, userId: '4208' }
[0mGET /api/cart [32m200[0m 3.572 ms - 18646[0m
[AUTH] Token Decoded: { id: 4, userId: '4208' }
[0mGET /api/chat/conversations [32m200[0m 8.181 ms - 1080[0m
[AUTH] Token Decoded: { id: 4, userId: '4208' }
[0mGET /api/cart [32m200[0m 4.034 ms - 18646[0m
[AUTH] Token Decoded: { id: 4, userId: '4208' }
[0mGET /api/chat/conversations [32m200[0m 4.521 ms - 1080[0m
[AUTH] Token Decoded: { id: 4, userId: '4208' }
[0mGET /api/cart [32m200[0m 3.554 ms - 18646[0m
[AUTH] Token Decoded: { id: 4, userId: '4208' }
[0mGET /api/chat/conversations [32m200[0m 4.659 ms - 1080[0m
[AUTH] Token Decoded: { id: 4, userId: '4208' }
[0mGET /api/cart [32m200[0m 3.823 ms - 18646[0m
[AUTH] Token Decoded: { id: 4, userId: '4208' }
[AUTH] Token Decoded: { id: 4, userId: '4208' }
[AUTH] Token Decoded: { id: 4, userId: '4208' }
[AUTH] Token Decoded: { id: 4, userId: '4208' }
[AUTH] Token Decoded: { id: 4, userId: '4208' }
[AUTH] Token Decoded: { id: 4, userId: '4208' }
✅ Connected to PostgreSQL database
✅ Connected to PostgreSQL database
[AUTH] Token Decoded: { id: 4, userId: '4208' }
✅ Connected to PostgreSQL database
✅ Connected to PostgreSQL database
[0mGET /api/orders/buyer?status=shipped [32m200[0m 138.659 ms - 26[0m
[0mGET /api/orders/buyer?status=pending%2Cprocessing%2Cshipped%2Cdelivered%2Creceived%2Creshipped%2Ccancelled%2Creturned%2Crejected [32m200[0m 154.286 ms - 2073715[0m
✅ Connected to PostgreSQL database
[0mGET /api/orders/seller?status=shipped [32m200[0m 206.132 ms - 26[0m
✅ Connected to PostgreSQL database
[0mGET /api/orders/seller?status=pending%2Cprocessing%2Cshipped%2Cdelivered%2Creceived%2Creshipped%2Ccancelled%2Creturned%2Crejected [32m200[0m 241.798 ms - 3175480[0m
✅ Connected to PostgreSQL database
[0mGET /api/orders/buyer?status=processing [32m200[0m 317.560 ms - 26[0m
✅ Connected to PostgreSQL database
✅ Connected to PostgreSQL database
[0mGET /api/orders/seller?status=processing [32m200[0m 253.916 ms - 26[0m
[0mGET /api/orders/seller?status=processing [32m200[0m 340.854 ms - 26[0m
[AUTH] Token Decoded: { id: 4, userId: '4208' }
[0mGET /api/chat/conversations [32m200[0m 11.243 ms - 1080[0m
[AUTH] Token Decoded: { id: 4, userId: '4208' }
[0mGET /api/orders/buyer?status=shipped [32m200[0m 4.759 ms - 26[0m
[AUTH] Token Decoded: { id: 4, userId: '4208' }
[0mGET /api/orders/seller?status=processing [32m200[0m 4.223 ms - 26[0m
[AUTH] Token Decoded: { id: 4, userId: '4208' }
[0mGET /api/orders/seller?status=pending%2Cprocessing%2Cshipped%2Cdelivered%2Creceived%2Creshipped%2Ccancelled%2Creturned%2Crejected [32m200[0m 22.766 ms - 3175480[0m
[AUTH] Token Decoded: { id: 4, userId: '4208' }
[0mGET /api/orders/seller?status=shipped [32m200[0m 4.782 ms - 26[0m
[AUTH] Token Decoded: { id: 4, userId: '4208' }
[AUTH] Token Decoded: { id: 4, userId: '4208' }
[AUTH] Token Decoded: { id: 4, userId: '4208' }
[0mGET /api/orders/buyer?status=processing [32m200[0m 11.892 ms - 26[0m
[0mGET /api/orders/buyer?status=pending%2Cprocessing%2Cshipped%2Cdelivered%2Creceived%2Creshipped%2Ccancelled%2Creturned%2Crejected [32m200[0m 21.669 ms - 2073715[0m
[0mGET /api/orders/seller?status=pending%2Cprocessing%2Cshipped%2Cdelivered%2Creceived%2Creshipped%2Ccancelled%2Creturned%2Crejected [32m200[0m 47.179 ms - 3175480[0m
[AUTH] Token Decoded: { id: 4, userId: '4208' }
[0mGET /api/cart [32m200[0m 6.116 ms - 18646[0m
[AUTH] Token Decoded: { id: 4, userId: '4208' }
[0mGET /api/chat/conversations [32m200[0m 8.011 ms - 1080[0m
[AUTH] Token Decoded: { id: 4, userId: '4208' }
[0mGET /api/cart [32m200[0m 3.737 ms - 18646[0m
[AUTH] Token Decoded: { id: 4, userId: '4208' }
[0mGET /api/chat/conversations [32m200[0m 4.841 ms - 1080[0m
[AUTH] Token Decoded: { id: 4, userId: '4208' }
[0mGET /api/cart [32m200[0m 3.698 ms - 18646[0m
[AUTH] Token Decoded: { id: 4, userId: '4208' }
[0mGET /api/chat/conversations [32m200[0m 4.976 ms - 1080[0m
[AUTH] Token Decoded: { id: 4, userId: '4208' }
[0mGET /api/cart [32m200[0m 3.809 ms - 18646[0m
[AUTH] Token Decoded: { id: 4, userId: '4208' }
[AUTH] Token Decoded: { id: 4, userId: '4208' }
[AUTH] Fetching profile for ID: 4
[0mGET /api/cart [32m200[0m 8.849 ms - 18646[0m
[DEBUG] Processing profile for sandildilmith12
[0mGET /api/auth/profile [36m304[0m 17.719 ms - -[0m
[0mGET /api/auth/user/4/following [36m304[0m 1.731 ms - -[0m
[AUTH] Token Decoded: { id: 4, userId: '4208' }
[0mGET /api/chat/conversations [32m200[0m 8.436 ms - 1080[0m
[AUTH] Token Decoded: { id: 4, userId: '4208' }
[0mGET /api/cart [32m200[0m 5.668 ms - 18646[0m
[AUTH] Token Decoded: { id: 4, userId: '4208' }
[0mGET /api/chat/conversations [32m200[0m 5.518 ms - 1080[0m
[AUTH] Token Decoded: { id: 4, userId: '4208' }
[0mGET /api/cart [32m200[0m 4.068 ms - 18646[0m
[AUTH] Token Decoded: { id: 4, userId: '4208' }
[0mGET /api/chat/conversations [32m200[0m 4.912 ms - 1080[0m
[AUTH] Token Decoded: { id: 4, userId: '4208' }
[0mGET /api/cart [32m200[0m 4.216 ms - 18646[0m
[AUTH] Token Decoded: { id: 4, userId: '4208' }
[0mGET /api/chat/conversations [32m200[0m 4.932 ms - 1080[0m
[AUTH] Token Decoded: { id: 4, userId: '4208' }
[0mGET /api/cart [32m200[0m 3.654 ms - 18646[0m
[AUTH] Token Decoded: { id: 4, userId: '4208' }
[0mGET /api/chat/conversations [32m200[0m 4.566 ms - 1080[0m
[AUTH] Token Decoded: { id: 4, userId: '4208' }
[0mGET /api/cart [32m200[0m 3.686 ms - 18646[0m
[AUTH] Token Decoded: { id: 4, userId: '4208' }
[0mGET /api/chat/conversations [32m200[0m 9.793 ms - 1080[0m
[AUTH] Token Decoded: { id: 4, userId: '4208' }
[0mGET /api/cart [32m200[0m 3.278 ms - 18646[0m
[AUTH] Token Decoded: { id: 4, userId: '4208' }
[0mGET /api/chat/conversations [32m200[0m 4.978 ms - 1080[0m
[AUTH] Token Decoded: { id: 4, userId: '4208' }
[0mGET /api/cart [32m200[0m 3.719 ms - 18646[0m
[AUTH] Token Decoded: { id: 4, userId: '4208' }
[0mGET /api/chat/conversations [32m200[0m 4.964 ms - 1080[0m
[AUTH] Token Decoded: { id: 4, userId: '4208' }
[0mGET /api/cart [32m200[0m 3.835 ms - 18646[0m
[AUTH] Token Decoded: { id: 4, userId: '4208' }
[0mGET /api/chat/conversations [32m200[0m 5.093 ms - 1080[0m
[AUTH] Token Decoded: { id: 4, userId: '4208' }
[0mGET /api/cart [32m200[0m 3.689 ms - 18646[0m
[AUTH] Token Decoded: { id: 4, userId: '4208' }
[0mGET /api/chat/conversations [32m200[0m 5.524 ms - 1080[0m
[AUTH] Token Decoded: { id: 4, userId: '4208' }
[0mGET /api/cart [32m200[0m 3.796 ms - 18646[0m
[AUTH] Token Decoded: { id: 4, userId: '4208' }
[0mGET /api/chat/conversations [32m200[0m 4.859 ms - 1080[0m
[AUTH] Token Decoded: { id: 4, userId: '4208' }
[0mGET /api/cart [32m200[0m 3.847 ms - 18646[0m
[AUTH] Token Decoded: { id: 4, userId: '4208' }
[0mGET /api/chat/conversations [32m200[0m 4.672 ms - 1080[0m
[AUTH] Token Decoded: { id: 4, userId: '4208' }
[0mGET /api/cart [32m200[0m 4.101 ms - 18646[0m
[AUTH] Token Decoded: { id: 4, userId: '4208' }
[0mGET /api/chat/conversations [32m200[0m 4.859 ms - 1080[0m
[AUTH] Token Decoded: { id: 4, userId: '4208' }
[0mGET /api/cart [32m200[0m 3.674 ms - 18646[0m
[AUTH] Token Decoded: { id: 4, userId: '4208' }
[0mGET /api/chat/conversations [32m200[0m 6.152 ms - 1080[0m
[AUTH] Token Decoded: { id: 4, userId: '4208' }
[0mGET /api/cart [32m200[0m 4.071 ms - 18646[0m
[AUTH] Token Decoded: { id: 4, userId: '4208' }
[0mGET /api/chat/conversations [32m200[0m 5.107 ms - 1080[0m
[AUTH] Token Decoded: { id: 4, userId: '4208' }
[0mGET /api/cart [32m200[0m 4.338 ms - 18646[0m
[AUTH] Token Decoded: { id: 4, userId: '4208' }
[0mGET /api/chat/conversations [32m200[0m 4.749 ms - 1080[0m
[AUTH] Token Decoded: { id: 4, userId: '4208' }
[0mGET /api/cart [32m200[0m 3.774 ms - 18646[0m
[AUTH] Token Decoded: { id: 4, userId: '4208' }
[0mGET /api/chat/conversations [32m200[0m 5.391 ms - 1080[0m
[AUTH] Token Decoded: { id: 4, userId: '4208' }
[0mGET /api/cart [32m200[0m 4.149 ms - 18646[0m
[AUTH] Token Decoded: { id: 4, userId: '4208' }
[0mGET /api/chat/conversations [32m200[0m 5.374 ms - 1080[0m
[AUTH] Token Decoded: { id: 4, userId: '4208' }
[0mGET /api/cart [32m200[0m 3.774 ms - 18646[0m
[AUTH] Token Decoded: { id: 4, userId: '4208' }
[0mGET /api/chat/conversations [32m200[0m 4.906 ms - 1080[0m
[AUTH] Token Decoded: { id: 4, userId: '4208' }
[0mGET /api/cart [32m200[0m 3.901 ms - 18646[0m
[AUTH] Token Decoded: { id: 4, userId: '4208' }
[0mGET /api/chat/conversations [32m200[0m 6.541 ms - 1080[0m
[AUTH] Token Decoded: { id: 4, userId: '4208' }
[0mGET /api/cart [32m200[0m 4.019 ms - 18646[0m
[AUTH] Token Decoded: { id: 4, userId: '4208' }
[0mGET /api/chat/conversations [32m200[0m 4.177 ms - 1080[0m
[AUTH] Token Decoded: { id: 4, userId: '4208' }
[0mGET /api/cart [32m200[0m 3.644 ms - 18646[0m
[AUTH] Token Decoded: { id: 4, userId: '4208' }
[0mGET /api/chat/conversations [32m200[0m 5.159 ms - 1080[0m
[AUTH] Token Decoded: { id: 4, userId: '4208' }
[0mGET /api/cart [32m200[0m 5.264 ms - 18646[0m
[AUTH] Token Decoded: { id: 4, userId: '4208' }
[0mGET /api/chat/conversations [32m200[0m 5.147 ms - 1080[0m
[AUTH] Token Decoded: { id: 4, userId: '4208' }
[0mGET /api/cart [32m200[0m 4.345 ms - 18646[0m
[AUTH] Token Decoded: { id: 4, userId: '4208' }
[0mGET /api/chat/conversations [32m200[0m 3.979 ms - 1080[0m
[AUTH] Token Decoded: { id: 4, userId: '4208' }
[AUTH] Fetching profile for ID: 4
[AUTH] Token Decoded: { id: 4, userId: '4208' }
[AUTH] Token Decoded: { id: 4, userId: '4208' }
[DEBUG] Processing profile for sandildilmith12
[0mGET /api/auth/profile [36m304[0m 16.215 ms - -[0m
✅ Connected to PostgreSQL database
[0mGET /api/cart [32m200[0m 51.494 ms - 18646[0m
✅ Connected to PostgreSQL database
[0mGET /api/cart [32m200[0m 79.873 ms - 18646[0m
[AUTH] Token Decoded: { id: 4, userId: '4208' }
[AUTH] Token Decoded: { id: 4, userId: '4208' }
[AUTH] Fetching profile for ID: 4
[0mGET /api/cart [32m200[0m 9.280 ms - 18646[0m
[DEBUG] Processing profile for sandildilmith12
[0mGET /api/auth/user/4/following [36m304[0m 5.371 ms - -[0m
[0mGET /api/auth/profile [36m304[0m 19.897 ms - -[0m
[AUTH] Token Decoded: { id: 4, userId: '4208' }
[0mGET /api/chat/conversations [32m200[0m 6.084 ms - 1080[0m
[0mGET /api/auth/user/4/following [36m304[0m 1.236 ms - -[0m
[AUTH] Token Decoded: { id: 4, userId: '4208' }
[0mGET /api/cart [32m200[0m 5.062 ms - 18646[0m
[AUTH] Token Decoded: { id: 4, userId: '4208' }
[0mGET /api/chat/conversations [32m200[0m 5.062 ms - 1080[0m
[AUTH] Token Decoded: { id: 4, userId: '4208' }
[AUTH] Token Decoded: { id: 4, userId: '4208' }
[AUTH] Token Decoded: { id: 4, userId: '4208' }
[AUTH] Token Decoded: { id: 4, userId: '4208' }
[AUTH] Token Decoded: { id: 4, userId: '4208' }
[AUTH] Token Decoded: { id: 4, userId: '4208' }
[AUTH] Token Decoded: { id: 4, userId: '4208' }
✅ Connected to PostgreSQL database
✅ Connected to PostgreSQL database
[0mGET /api/orders/buyer?status=processing [32m200[0m 276.477 ms - 26[0m
[0mGET /api/orders/buyer?status=shipped [32m200[0m 272.794 ms - 26[0m
✅ Connected to PostgreSQL database
[0mGET /api/orders/buyer?status=pending%2Cprocessing%2Cshipped%2Cdelivered%2Creceived%2Creshipped%2Ccancelled%2Creturned%2Crejected [32m200[0m 319.146 ms - 2073715[0m
✅ Connected to PostgreSQL database
[0mGET /api/orders/buyer?status=pending%2Cprocessing%2Cshipped%2Cdelivered%2Creceived%2Creshipped%2Ccancelled%2Creturned%2Crejected [32m200[0m 349.735 ms - 2073715[0m
✅ Connected to PostgreSQL database
[0mGET /api/orders/seller?status=pending%2Cprocessing%2Cshipped%2Cdelivered%2Creceived%2Creshipped%2Ccancelled%2Creturned%2Crejected [32m200[0m 438.270 ms - 3175480[0m
✅ Connected to PostgreSQL database
[0mGET /api/orders/seller?status=shipped [32m200[0m 460.535 ms - 26[0m
[AUTH] Token Decoded: { id: 4, userId: '4208' }
[0mGET /api/cart [32m200[0m 5.763 ms - 18646[0m
✅ Connected to PostgreSQL database
[0mGET /api/orders/seller?status=processing [32m200[0m 559.486 ms - 26[0m
[AUTH] Token Decoded: { id: 4, userId: '4208' }
[0mGET /api/chat/conversations [32m200[0m 14.346 ms - 1080[0m
[AUTH] Token Decoded: { id: 4, userId: '4208' }
[0mGET /api/cart [32m200[0m 5.323 ms - 18646[0m
[AUTH] Token Decoded: { id: 4, userId: '4208' }
[0mGET /api/chat/conversations [32m200[0m 4.357 ms - 1080[0m
[AUTH] Token Decoded: { id: 4, userId: '4208' }
[0mGET /api/cart [32m200[0m 3.769 ms - 18646[0m
[AUTH] Token Decoded: { id: 4, userId: '4208' }
[0mGET /api/chat/conversations [32m200[0m 4.725 ms - 1080[0m
[AUTH] Token Decoded: { id: 4, userId: '4208' }
[0mGET /api/cart [32m200[0m 4.829 ms - 18646[0m
[AUTH] Token Decoded: { id: 4, userId: '4208' }
[0mGET /api/chat/conversations [32m200[0m 4.924 ms - 1080[0m
[AUTH] Token Decoded: { id: 4, userId: '4208' }
[0mGET /api/cart [32m200[0m 4.064 ms - 18646[0m
[AUTH] Token Decoded: { id: 4, userId: '4208' }
[0mGET /api/chat/conversations [32m200[0m 4.956 ms - 1080[0m
[AUTH] Token Decoded: { id: 4, userId: '4208' }
[0mGET /api/cart [32m200[0m 3.626 ms - 18646[0m
[AUTH] Token Decoded: { id: 4, userId: '4208' }
[0mGET /api/chat/conversations [32m200[0m 4.311 ms - 1080[0m
[AUTH] Token Decoded: { id: 4, userId: '4208' }
[0mGET /api/cart [32m200[0m 4.821 ms - 18646[0m
[AUTH] Token Decoded: { id: 4, userId: '4208' }
[0mGET /api/chat/conversations [32m200[0m 4.681 ms - 1080[0m
[AUTH] Token Decoded: { id: 4, userId: '4208' }
[0mGET /api/cart [32m200[0m 3.887 ms - 18646[0m
[AUTH] Token Decoded: { id: 4, userId: '4208' }
[AUTH] Token Decoded: { id: 4, userId: '4208' }
[AUTH] Fetching profile for ID: 4
[0mGET /api/cart [32m200[0m 21.311 ms - 18646[0m
✅ Connected to PostgreSQL database
[DEBUG] Processing profile for sandildilmith12
[0mGET /api/auth/profile [36m304[0m 246.878 ms - -[0m
[0mGET /api/auth/user/4/following [36m304[0m 2.399 ms - -[0m
[AUTH] Token Decoded: { id: 4, userId: '4208' }
[0mGET /api/chat/conversations [32m200[0m 8.161 ms - 1080[0m
[AUTH] Token Decoded: { id: 4, userId: '4208' }
[0mGET /api/cart [32m200[0m 5.741 ms - 18646[0m
[AUTH] Token Decoded: { id: 4, userId: '4208' }
[0mGET /api/chat/conversations [32m200[0m 5.527 ms - 1080[0m
[AUTH] Token Decoded: { id: 4, userId: '4208' }
[0mGET /api/cart [32m200[0m 4.585 ms - 18646[0m
[AUTH] Token Decoded: { id: 4, userId: '4208' }
[0mGET /api/chat/conversations [32m200[0m 4.993 ms - 1080[0m
[AUTH] Token Decoded: { id: 4, userId: '4208' }
[0mGET /api/cart [32m200[0m 3.809 ms - 18646[0m
[AUTH] Token Decoded: { id: 4, userId: '4208' }
[0mGET /api/chat/conversations [32m200[0m 4.759 ms - 1080[0m
[AUTH] Token Decoded: { id: 4, userId: '4208' }
[0mGET /api/cart [32m200[0m 3.710 ms - 18646[0m
[AUTH] Token Decoded: { id: 4, userId: '4208' }
[0mGET /api/chat/conversations [32m200[0m 16.493 ms - 1080[0m
[AUTH] Token Decoded: { id: 4, userId: '4208' }
[0mGET /api/cart [32m200[0m 3.763 ms - 18646[0m
[AUTH] Token Decoded: { id: 4, userId: '4208' }
[0mGET /api/chat/conversations [32m200[0m 4.933 ms - 1080[0m
[AUTH] Token Decoded: { id: 4, userId: '4208' }
[0mGET /api/cart [32m200[0m 3.379 ms - 18646[0m
[AUTH] Token Decoded: { id: 4, userId: '4208' }
[0mGET /api/chat/conversations [32m200[0m 4.384 ms - 1080[0m
[AUTH] Token Decoded: { id: 4, userId: '4208' }
[0mGET /api/cart [32m200[0m 3.867 ms - 18646[0m
[AUTH] Token Decoded: { id: 4, userId: '4208' }
[0mGET /api/chat/conversations [32m200[0m 6.221 ms - 1080[0m
[AUTH] Token Decoded: { id: 4, userId: '4208' }
[0mGET /api/cart [32m200[0m 3.831 ms - 18646[0m
[AUTH] Token Decoded: { id: 4, userId: '4208' }
[0mGET /api/chat/conversations [32m200[0m 4.565 ms - 1080[0m
[AUTH] Token Decoded: { id: 4, userId: '4208' }
[0mGET /api/cart [32m200[0m 3.973 ms - 18646[0m
[AUTH] Token Decoded: { id: 4, userId: '4208' }
[0mGET /api/chat/conversations [32m200[0m 4.842 ms - 1080[0m
[AUTH] Token Decoded: { id: 4, userId: '4208' }
[0mGET /api/cart [32m200[0m 3.641 ms - 18646[0m
[AUTH] Token Decoded: { id: 4, userId: '4208' }
[0mGET /api/chat/conversations [32m200[0m 5.015 ms - 1080[0m
[AUTH] Token Decoded: { id: 4, userId: '4208' }
[0mGET /api/cart [32m200[0m 3.815 ms - 18646[0m
[AUTH] Token Decoded: { id: 4, userId: '4208' }
[0mGET /api/chat/conversations [32m200[0m 5.138 ms - 1080[0m
[AUTH] Token Decoded: { id: 4, userId: '4208' }
[0mGET /api/cart [32m200[0m 3.719 ms - 18646[0m
[AUTH] Token Decoded: { id: 4, userId: '4208' }
[0mGET /api/chat/conversations [32m200[0m 4.898 ms - 1080[0m
[AUTH] Token Decoded: { id: 4, userId: '4208' }
[0mGET /api/cart [32m200[0m 3.260 ms - 18646[0m
[AUTH] Token Decoded: { id: 4, userId: '4208' }
[0mGET /api/chat/conversations [32m200[0m 4.653 ms - 1080[0m
[AUTH] Token Decoded: { id: 4, userId: '4208' }
[0mGET /api/cart [32m200[0m 3.790 ms - 18646[0m
[AUTH] Token Decoded: { id: 4, userId: '4208' }
[0mGET /api/chat/conversations [32m200[0m 4.776 ms - 1080[0m
[AUTH] Token Decoded: { id: 4, userId: '4208' }
[0mGET /api/cart [32m200[0m 3.911 ms - 18646[0m
[AUTH] Token Decoded: { id: 4, userId: '4208' }
[0mGET /api/chat/conversations [32m200[0m 4.168 ms - 1080[0m
[AUTH] Token Decoded: { id: 4, userId: '4208' }
[0mGET /api/cart [32m200[0m 3.637 ms - 18646[0m
[AUTH] Token Decoded: { id: 4, userId: '4208' }
[0mGET /api/chat/conversations [32m200[0m 4.730 ms - 1080[0m
[AUTH] Token Decoded: { id: 4, userId: '4208' }
[0mGET /api/cart [32m200[0m 3.596 ms - 18646[0m
[AUTH] Token Decoded: { id: 4, userId: '4208' }
[0mGET /api/chat/conversations [32m200[0m 4.826 ms - 1080[0m
[AUTH] Token Decoded: { id: 4, userId: '4208' }
[0mGET /api/cart [32m200[0m 3.930 ms - 18646[0m
[AUTH] Token Decoded: { id: 4, userId: '4208' }
[0mGET /api/chat/conversations [32m200[0m 4.928 ms - 1080[0m
[AUTH] Token Decoded: { id: 4, userId: '4208' }
[0mGET /api/cart [32m200[0m 3.373 ms - 18646[0m
[AUTH] Token Decoded: { id: 4, userId: '4208' }
[0mGET /api/chat/conversations [32m200[0m 4.619 ms - 1080[0m
[AUTH] Token Decoded: { id: 4, userId: '4208' }
[0mGET /api/cart [32m200[0m 4.048 ms - 18646[0m
[AUTH] Token Decoded: { id: 4, userId: '4208' }
[0mGET /api/chat/conversations [32m200[0m 5.502 ms - 1080[0m
[AUTH] Token Decoded: { id: 4, userId: '4208' }
[0mGET /api/cart [32m200[0m 3.805 ms - 18646[0m
[AUTH] Token Decoded: { id: 4, userId: '4208' }
[0mGET /api/chat/conversations [32m200[0m 4.948 ms - 1080[0m
[AUTH] Token Decoded: { id: 4, userId: '4208' }
[0mGET /api/cart [32m200[0m 3.622 ms - 18646[0m
[AUTH] Token Decoded: { id: 4, userId: '4208' }
[0mGET /api/chat/conversations [32m200[0m 4.480 ms - 1080[0m
[AUTH] Token Decoded: { id: 4, userId: '4208' }
[0mGET /api/cart [32m200[0m 4.244 ms - 18646[0m
[AUTH] Token Decoded: { id: 4, userId: '4208' }
[0mGET /api/chat/conversations [32m200[0m 4.743 ms - 1080[0m
[AUTH] Token Decoded: { id: 4, userId: '4208' }
[0mGET /api/cart [32m200[0m 3.736 ms - 18646[0m
[AUTH] Token Decoded: { id: 4, userId: '4208' }
[0mGET /api/chat/conversations [32m200[0m 4.936 ms - 1080[0m
[AUTH] Token Decoded: { id: 4, userId: '4208' }
[0mGET /api/cart [32m200[0m 3.727 ms - 18646[0m
[AUTH] Token Decoded: { id: 4, userId: '4208' }
[0mGET /api/chat/conversations [32m200[0m 5.799 ms - 1080[0m
[AUTH] Token Decoded: { id: 4, userId: '4208' }
[0mGET /api/cart [32m200[0m 4.884 ms - 18646[0m
[AUTH] Token Decoded: { id: 4, userId: '4208' }
[0mGET /api/chat/conversations [32m200[0m 5.843 ms - 1080[0m
[AUTH] Token Decoded: { id: 4, userId: '4208' }
[0mGET /api/cart [32m200[0m 5.317 ms - 18646[0m
[AUTH] Token Decoded: { id: 4, userId: '4208' }
[0mGET /api/chat/conversations [32m200[0m 6.055 ms - 1080[0m
[AUTH] Token Decoded: { id: 4, userId: '4208' }
[0mGET /api/cart [32m200[0m 4.041 ms - 18646[0m
[AUTH] Token Decoded: { id: 4, userId: '4208' }
[0mGET /api/chat/conversations [32m200[0m 4.592 ms - 1080[0m
[AUTH] Token Decoded: { id: 4, userId: '4208' }
[0mGET /api/cart [32m200[0m 5.146 ms - 18646[0m
[AUTH] Token Decoded: { id: 4, userId: '4208' }
[0mGET /api/chat/conversations [32m200[0m 4.864 ms - 1080[0m
[AUTH] Token Decoded: { id: 4, userId: '4208' }
[0mGET /api/cart [32m200[0m 3.982 ms - 18646[0m
[AUTH] Token Decoded: { id: 4, userId: '4208' }
[AUTH] Token Decoded: { id: 4, userId: '4208' }
✅ Connected to PostgreSQL database
[0mGET /api/chat/conversations [32m200[0m 93.820 ms - 1080[0m
✅ Connected to PostgreSQL database
[0mGET /api/cart [32m200[0m 199.946 ms - 18646[0m
[AUTH] Token Decoded: { id: 4, userId: '4208' }
[AUTH] Token Decoded: { id: 4, userId: '4208' }
✅ Connected to PostgreSQL database
✅ Connected to PostgreSQL database
[0mGET /api/cart [32m200[0m 45.273 ms - 18646[0m
[0mGET /api/chat/conversations [32m200[0m 48.663 ms - 1080[0m
[AUTH] Token Decoded: { id: 4, userId: '4208' }
[AUTH] Token Decoded: { id: 4, userId: '4208' }
✅ Connected to PostgreSQL database
[0mGET /api/cart [32m200[0m 50.367 ms - 18646[0m
✅ Connected to PostgreSQL database
[0mGET /api/cart [32m200[0m 57.204 ms - 18646[0m
[AUTH] Token Decoded: { id: 4, userId: '4208' }
[AUTH] Token Decoded: { id: 4, userId: '4208' }
[AUTH] Fetching profile for ID: 4
[0mGET /api/chat/conversations [32m200[0m 13.645 ms - 1080[0m
[DEBUG] Processing profile for sandildilmith12
[0mGET /api/auth/profile [36m304[0m 20.805 ms - -[0m
[0mGET /api/auth/user/4/following [36m304[0m 1.589 ms - -[0m
[AUTH] Token Decoded: { id: 4, userId: '4208' }
[0mGET /api/cart [32m200[0m 3.669 ms - 18646[0m
[AUTH] Token Decoded: { id: 4, userId: '4208' }
[0mGET /api/cart [32m200[0m 3.742 ms - 18646[0m
[AUTH] Token Decoded: { id: 4, userId: '4208' }
[AUTH] Fetching profile for ID: 4
[DEBUG] Processing profile for sandildilmith12
[0mGET /api/auth/profile [36m304[0m 16.223 ms - -[0m
[0mGET /api/auth/user/4/following [36m304[0m 1.345 ms - -[0m
[AUTH] Token Decoded: { id: 4, userId: '4208' }
[0mGET /api/chat/conversations [32m200[0m 8.126 ms - 1080[0m
[AUTH] Token Decoded: { id: 4, userId: '4208' }
[0mGET /api/cart [32m200[0m 3.674 ms - 18646[0m
[AUTH] Token Decoded: { id: 4, userId: '4208' }
[AUTH] Fetching profile for ID: 4
[DEBUG] Processing profile for sandildilmith12
[0mGET /api/auth/profile [36m304[0m 9.864 ms - -[0m
[AUTH] Token Decoded: { id: 4, userId: '4208' }
[0mGET /api/cart [32m200[0m 3.677 ms - 18646[0m
[0mGET /api/auth/user/4/following [36m304[0m 1.426 ms - -[0m
[AUTH] Token Decoded: { id: 4, userId: '4208' }
[AUTH] Fetching profile for ID: 4
[DEBUG] Processing profile for sandildilmith12
[0mGET /api/auth/profile [36m304[0m 9.230 ms - -[0m
[AUTH] Token Decoded: { id: 4, userId: '4208' }
[0mGET /api/cart [32m200[0m 3.218 ms - 18646[0m
[AUTH] Token Decoded: { id: 4, userId: '4208' }
[0mGET /api/cart [32m200[0m 3.776 ms - 18646[0m
[0mPOST /api/auth/login [32m200[0m 91.540 ms - 27939[0m
[AUTH] Token Decoded: { id: 4, userId: '4208' }
[AUTH] Fetching profile for ID: 4
[DEBUG] Processing profile for sandildilmith12
[0mGET /api/auth/profile [36m304[0m 9.818 ms - -[0m
[AUTH] Token Decoded: { id: 4, userId: '4208' }
[0mGET /api/chat/conversations [32m200[0m 4.665 ms - 1080[0m
[AUTH] Token Decoded: { id: 4, userId: '4208' }
[0mGET /api/chat/conversations [32m200[0m 4.737 ms - 1080[0m
[AUTH] Token Decoded: { id: 4, userId: '4208' }
[0mGET /api/chat/conversations [32m200[0m 4.723 ms - 1080[0m
[AUTH] Token Decoded: { id: 4, userId: '4208' }
[0mGET /api/chat/conversations [32m200[0m 4.821 ms - 1080[0m
[AUTH] Token Decoded: { id: 4, userId: '4208' }
[AUTH] Fetching profile for ID: 4
[DEBUG] Processing profile for sandildilmith12
[DEBUG] getMarketItems query: SELECT m.id, m.user_id, m.username, m.title, m.description, m.price, m.promo_price, m.category, 
                            m.sub_category, m.manual_category, m.stock, m.image_url, m.status, 
                            m.likes_count, m.comments_count, m.shares_count, m.views_count,
                            m.variants, m.shipping_info, m.commission_info,
                            m.created_at, m.product_code,
                            u.username as owner_username, u.profile_picture,
                            EXISTS(SELECT 1 FROM market_likes ml WHERE ml.market_id = m.id AND ml.user_id = $1) as user_liked
                     FROM market m 
                     INNER JOIN users u ON m.user_id = u.id 
                     WHERE 1=1 AND m.status = ANY($2) ORDER BY m.created_at DESC
[DEBUG] getMarketItems params: [ null, [ 'approved', 'active' ] ]
[0mGET /api/auth/profile [36m304[0m 15.887 ms - -[0m
✅ Connected to PostgreSQL database
[DEBUG] getMarketItems Result Rows: [
  { id: 21, user_id: 5, status: 'active' },
  { id: 16, user_id: 4, status: 'active' },
  { id: 15, user_id: 4, status: 'active' },
  { id: 10, user_id: 2, status: 'active' }
]
[0mGET /api/market?status=approved [36m304[0m 61.998 ms - -[0m
[0mGET /api/auth/user/4/following [36m304[0m 4.025 ms - -[0m
[AUTH] Token Decoded: { id: 4, userId: '4208' }
[0mGET /api/orders/buyer?status=pending%2Cprocessing%2Cshipped%2Cdelivered%2Creceived%2Creshipped%2Ccancelled%2Creturned%2Crejected [32m200[0m 21.999 ms - 2073715[0m
[AUTH] Token Decoded: { id: 4, userId: '4208' }
[AUTH] Token Decoded: { id: 4, userId: '4208' }
[AUTH] Token Decoded: { id: 4, userId: '4208' }
✅ Connected to PostgreSQL database
[AUTH] Token Decoded: { id: 4, userId: '4208' }
[AUTH] Token Decoded: { id: 4, userId: '4208' }
✅ Connected to PostgreSQL database
[0mGET /api/orders/buyer?status=shipped [32m200[0m 164.118 ms - 26[0m
[DEBUG] getMarketItems query: SELECT m.id, m.user_id, m.username, m.title, m.description, m.price, m.promo_price, m.category, 
                            m.sub_category, m.manual_category, m.stock, m.image_url, m.status, 
                            m.likes_count, m.comments_count, m.shares_count, m.views_count,
                            m.variants, m.shipping_info, m.commission_info,
                            m.created_at, m.product_code,
                            u.username as owner_username, u.profile_picture,
                            EXISTS(SELECT 1 FROM market_likes ml WHERE ml.market_id = m.id AND ml.user_id = $1) as user_liked
                     FROM market m 
                     INNER JOIN users u ON m.user_id = u.id 
                     WHERE 1=1 AND m.status = ANY($2) ORDER BY m.created_at DESC
[DEBUG] getMarketItems params: [ null, [ 'approved', 'active' ] ]
[DEBUG] getMarketItems Result Rows: [
  { id: 21, user_id: 5, status: 'active' },
  { id: 16, user_id: 4, status: 'active' },
  { id: 15, user_id: 4, status: 'active' },
  { id: 10, user_id: 2, status: 'active' }
]
[0mGET /api/market?status=approved [36m304[0m 12.242 ms - -[0m
✅ Connected to PostgreSQL database
[0mGET /api/orders/seller?status=pending%2Cprocessing%2Cshipped%2Cdelivered%2Creceived%2Creshipped%2Ccancelled%2Creturned%2Crejected [32m200[0m 235.011 ms - 3175480[0m
✅ Connected to PostgreSQL database
[0mGET /api/orders/buyer?status=processing [32m200[0m 261.206 ms - 26[0m
✅ Connected to PostgreSQL database
[0mGET /api/orders/seller?status=processing [32m200[0m 152.486 ms - 26[0m
✅ Connected to PostgreSQL database
[0mGET /api/orders/seller?status=shipped [32m200[0m 167.529 ms - 26[0m
[AUTH] Token Decoded: { id: 4, userId: '4208' }
[0mGET /api/chat/conversations [32m200[0m 10.537 ms - 1080[0m
[DEBUG] getMarketItems query: SELECT m.id, m.user_id, m.username, m.title, m.description, m.price, m.promo_price, m.category, 
                            m.sub_category, m.manual_category, m.stock, m.image_url, m.status, 
                            m.likes_count, m.comments_count, m.shares_count, m.views_count,
                            m.variants, m.shipping_info, m.commission_info,
                            m.created_at, m.product_code,
                            u.username as owner_username, u.profile_picture,
                            EXISTS(SELECT 1 FROM market_likes ml WHERE ml.market_id = m.id AND ml.user_id = $1) as user_liked
                     FROM market m 
                     INNER JOIN users u ON m.user_id = u.id 
                     WHERE 1=1 AND m.user_id = $2 AND m.status = ANY($3) ORDER BY m.created_at DESC
[DEBUG] getMarketItems params: [ null, 4, [ 'approved', 'active' ] ]
[DEBUG] getMarketItems Result Rows: [
  { id: 16, user_id: 4, status: 'active' },
  { id: 15, user_id: 4, status: 'active' }
]
[0mGET /api/market?user_id=4&status=approved [36m304[0m 14.361 ms - -[0m
[AUTH] Token Decoded: { id: 4, userId: '4208' }
[0mGET /api/chat/conversations [32m200[0m 4.738 ms - 1080[0m
[AUTH] Token Decoded: { id: 4, userId: '4208' }
[0mGET /api/orders/seller?status=pending%2Cprocessing%2Cshipped%2Cdelivered%2Creceived%2Creshipped%2Ccancelled%2Creturned%2Crejected [32m200[0m 25.703 ms - 3175480[0m
[AUTH] Token Decoded: { id: 4, userId: '4208' }
[0mGET /api/chat/conversations [32m200[0m 4.640 ms - 1080[0m
[DEBUG] getMarketItems query: SELECT m.id, m.user_id, m.username, m.title, m.description, m.price, m.promo_price, m.category, 
                            m.sub_category, m.manual_category, m.stock, m.image_url, m.status, 
                            m.likes_count, m.comments_count, m.shares_count, m.views_count,
                            m.variants, m.shipping_info, m.commission_info,
                            m.created_at, m.product_code,
                            u.username as owner_username, u.profile_picture,
                            EXISTS(SELECT 1 FROM market_likes ml WHERE ml.market_id = m.id AND ml.user_id = $1) as user_liked
                     FROM market m 
                     INNER JOIN users u ON m.user_id = u.id 
                     WHERE 1=1 AND m.status = ANY($2) ORDER BY m.created_at DESC
[DEBUG] getMarketItems params: [ null, [ 'approved', 'active' ] ]
[DEBUG] getMarketItems Result Rows: [
  { id: 21, user_id: 5, status: 'active' },
  { id: 16, user_id: 4, status: 'active' },
  { id: 15, user_id: 4, status: 'active' },
  { id: 10, user_id: 2, status: 'active' }
]
[0mGET /api/market?status=approved [36m304[0m 12.584 ms - -[0m
[AUTH] Token Decoded: { id: 4, userId: '4208' }
[0mGET /api/chat/conversations [32m200[0m 4.961 ms - 1080[0m
[AUTH] Token Decoded: { id: 4, userId: '4208' }
[0mGET /api/orders/seller?status=pending%2Cprocessing%2Cshipped%2Cdelivered%2Creceived%2Creshipped%2Ccancelled%2Creturned%2Crejected [32m200[0m 22.265 ms - 3175480[0m
[AUTH] Token Decoded: { id: 4, userId: '4208' }
[0mGET /api/chat/conversations [32m200[0m 5.275 ms - 1080[0m
[AUTH] Token Decoded: { id: 4, userId: '4208' }
[0mGET /api/orders/buyer?status=pending%2Cprocessing%2Cshipped%2Cdelivered%2Creceived%2Creshipped%2Ccancelled%2Creturned%2Crejected [32m200[0m 16.625 ms - 2073715[0m
[AUTH] Token Decoded: { id: 4, userId: '4208' }
[0mGET /api/chat/conversations [32m200[0m 5.121 ms - 1080[0m
[AUTH] Token Decoded: { id: 4, userId: '4208' }
[0mGET /api/chat/conversations [32m200[0m 4.716 ms - 1080[0m
[AUTH] Token Decoded: { id: 4, userId: '4208' }
[0mGET /api/chat/conversations [32m200[0m 4.487 ms - 1080[0m
[AUTH] Token Decoded: { id: 4, userId: '4208' }
[0mGET /api/chat/conversations [32m200[0m 4.706 ms - 1080[0m
[AUTH] Token Decoded: { id: 4, userId: '4208' }
[AUTH] Fetching profile for ID: 4
[DEBUG] Processing profile for sandildilmith12
[0mGET /api/auth/profile [36m304[0m 18.523 ms - -[0m
[AUTH] Token Decoded: { id: 4, userId: '4208' }
[0mGET /api/chat/conversations [32m200[0m 4.707 ms - 1080[0m
[AUTH] Token Decoded: { id: 4, userId: '4208' }
[0mGET /api/chat/conversations [32m200[0m 4.679 ms - 1080[0m
[AUTH] Token Decoded: { id: 4, userId: '4208' }
[0mGET /api/chat/conversations [32m200[0m 4.516 ms - 1080[0m
[AUTH] Token Decoded: { id: 4, userId: '4208' }
[0mGET /api/chat/conversations [32m200[0m 4.746 ms - 1080[0m
[AUTH] Token Decoded: { id: 4, userId: '4208' }
[0mGET /api/chat/conversations [32m200[0m 4.654 ms - 1080[0m
[AUTH] Token Decoded: { id: 4, userId: '4208' }
[0mGET /api/chat/conversations [32m200[0m 4.728 ms - 1080[0m
[AUTH] Token Decoded: { id: 4, userId: '4208' }
[0mGET /api/chat/conversations [32m200[0m 4.615 ms - 1080[0m
[DEBUG] getMarketItems query: SELECT m.id, m.user_id, m.username, m.title, m.description, m.price, m.promo_price, m.category, 
                            m.sub_category, m.manual_category, m.stock, m.image_url, m.status, 
                            m.likes_count, m.comments_count, m.shares_count, m.views_count,
                            m.variants, m.shipping_info, m.commission_info,
                            m.created_at, m.product_code,
                            u.username as owner_username, u.profile_picture,
                            EXISTS(SELECT 1 FROM market_likes ml WHERE ml.market_id = m.id AND ml.user_id = $1) as user_liked
                     FROM market m 
                     INNER JOIN users u ON m.user_id = u.id 
                     WHERE 1=1 AND m.status = ANY($2) ORDER BY m.created_at DESC
[DEBUG] getMarketItems params: [ null, [ 'approved', 'active' ] ]
[DEBUG] getMarketItems Result Rows: [
  { id: 21, user_id: 5, status: 'active' },
  { id: 16, user_id: 4, status: 'active' },
  { id: 15, user_id: 4, status: 'active' },
  { id: 10, user_id: 2, status: 'active' }
]
[0mGET /api/market?status=approved [36m304[0m 21.330 ms - -[0m
[AUTH] Token Decoded: { id: 4, userId: '4208' }
[AUTH] Fetching profile for ID: 4
[DEBUG] Processing profile for sandildilmith12
[0mGET /api/auth/profile [36m304[0m 9.785 ms - -[0m
[0mGET /api/auth/user/4/following [36m304[0m 1.482 ms - -[0m
[AUTH] Token Decoded: { id: 4, userId: '4208' }
[DEBUG] getMarketItems query: SELECT m.id, m.user_id, m.username, m.title, m.description, m.price, m.promo_price, m.category, 
                            m.sub_category, m.manual_category, m.stock, m.image_url, m.status, 
                            m.likes_count, m.comments_count, m.shares_count, m.views_count,
                            m.variants, m.shipping_info, m.commission_info,
                            m.created_at, m.product_code,
                            u.username as owner_username, u.profile_picture,
                            EXISTS(SELECT 1 FROM market_likes ml WHERE ml.market_id = m.id AND ml.user_id = $1) as user_liked
                     FROM market m 
                     INNER JOIN users u ON m.user_id = u.id 
                     WHERE 1=1 AND m.status = ANY($2) ORDER BY m.created_at DESC
[DEBUG] getMarketItems params: [ null, [ 'approved', 'active' ] ]
[AUTH] Token Decoded: { id: 4, userId: '4208' }
[AUTH] Token Decoded: { id: 4, userId: '4208' }
[AUTH] Token Decoded: { id: 4, userId: '4208' }
[AUTH] Token Decoded: { id: 4, userId: '4208' }
✅ Connected to PostgreSQL database
[DEBUG] getMarketItems Result Rows: [
  { id: 21, user_id: 5, status: 'active' },
  { id: 16, user_id: 4, status: 'active' },
  { id: 15, user_id: 4, status: 'active' },
  { id: 10, user_id: 2, status: 'active' }
]
[0mGET /api/market?status=approved [36m304[0m 66.036 ms - -[0m
✅ Connected to PostgreSQL database
[0mGET /api/orders/buyer?status=processing [32m200[0m 88.522 ms - 26[0m
✅ Connected to PostgreSQL database
[0mGET /api/orders/seller?status=shipped [32m200[0m 117.117 ms - 26[0m
✅ Connected to PostgreSQL database
✅ Connected to PostgreSQL database
[AUTH] Token Decoded: { id: 4, userId: '4208' }
[0mGET /api/orders/buyer?status=shipped [32m200[0m 5.109 ms - 26[0m
[0mGET /api/orders/buyer?status=pending%2Cprocessing%2Cshipped%2Cdelivered%2Creceived%2Creshipped%2Ccancelled%2Creturned%2Crejected [32m200[0m 183.150 ms - 2073715[0m
✅ Connected to PostgreSQL database
[0mGET /api/orders/seller?status=processing [32m200[0m 184.000 ms - 26[0m
[0mGET /api/orders/seller?status=pending%2Cprocessing%2Cshipped%2Cdelivered%2Creceived%2Creshipped%2Ccancelled%2Creturned%2Crejected [32m200[0m 304.590 ms - 3175480[0m
[AUTH] Token Decoded: { id: 4, userId: '4208' }
[0mGET /api/cart [32m200[0m 6.350 ms - 18646[0m
✅ Connected to PostgreSQL database
[0mPOST /api/auth/login [33m401[0m 134.353 ms - 49[0m
[0mPOST /api/auth/login [32m200[0m 84.322 ms - 27939[0m
[AUTH] Token Decoded: { id: 4, userId: '4208' }
[AUTH] Fetching profile for ID: 4
[DEBUG] Processing profile for sandildilmith12
[0mGET /api/auth/profile [32m200[0m 17.536 ms - 27740[0m
[AUTH] Token Decoded: { id: 4, userId: '4208' }
[0mGET /api/chat/conversations [32m200[0m 11.025 ms - 1080[0m
[AUTH] Token Decoded: { id: 4, userId: '4208' }
[0mGET /api/chat/conversations [32m200[0m 4.997 ms - 1080[0m
[DEBUG] getMarketItems query: SELECT m.id, m.user_id, m.username, m.title, m.description, m.price, m.promo_price, m.category, 
                            m.sub_category, m.manual_category, m.stock, m.image_url, m.status, 
                            m.likes_count, m.comments_count, m.shares_count, m.views_count,
                            m.variants, m.shipping_info, m.commission_info,
                            m.created_at, m.product_code,
                            u.username as owner_username, u.profile_picture,
                            EXISTS(SELECT 1 FROM market_likes ml WHERE ml.market_id = m.id AND ml.user_id = $1) as user_liked
                     FROM market m 
                     INNER JOIN users u ON m.user_id = u.id 
                     WHERE 1=1 AND m.status = ANY($2) ORDER BY m.created_at DESC
[DEBUG] getMarketItems params: [ null, [ 'approved', 'active' ] ]
[AUTH] Token Decoded: { id: 4, userId: '4208' }
[AUTH] Fetching profile for ID: 4
[DEBUG] getMarketItems Result Rows: [
  { id: 21, user_id: 5, status: 'active' },
  { id: 16, user_id: 4, status: 'active' },
  { id: 15, user_id: 4, status: 'active' },
  { id: 10, user_id: 2, status: 'active' }
]
[0mGET /api/market?status=approved [32m200[0m 17.898 ms - 612036[0m
✅ Connected to PostgreSQL database
[DEBUG] Processing profile for sandildilmith12
[0mGET /api/auth/profile [36m304[0m 79.365 ms - -[0m
[0mGET /api/auth/user/4/following [32m200[0m 1.926 ms - 26953[0m
[DEBUG] getMarketItems query: SELECT m.id, m.user_id, m.username, m.title, m.description, m.price, m.promo_price, m.category, 
                            m.sub_category, m.manual_category, m.stock, m.image_url, m.status, 
                            m.likes_count, m.comments_count, m.shares_count, m.views_count,
                            m.variants, m.shipping_info, m.commission_info,
                            m.created_at, m.product_code,
                            u.username as owner_username, u.profile_picture,
                            EXISTS(SELECT 1 FROM market_likes ml WHERE ml.market_id = m.id AND ml.user_id = $1) as user_liked
                     FROM market m 
                     INNER JOIN users u ON m.user_id = u.id 
                     WHERE 1=1 AND m.status = ANY($2) ORDER BY m.created_at DESC
[DEBUG] getMarketItems params: [ null, [ 'approved', 'active' ] ]
[AUTH] Token Decoded: { id: 4, userId: '4208' }
[DEBUG] getMarketItems Result Rows: [
  { id: 21, user_id: 5, status: 'active' },
  { id: 16, user_id: 4, status: 'active' },
  { id: 15, user_id: 4, status: 'active' },
  { id: 10, user_id: 2, status: 'active' }
]
[0mGET /api/market?status=approved [32m200[0m 18.441 ms - 612036[0m
[AUTH] Token Decoded: { id: 4, userId: '4208' }
[AUTH] Token Decoded: { id: 4, userId: '4208' }
[AUTH] Token Decoded: { id: 4, userId: '4208' }
[AUTH] Token Decoded: { id: 4, userId: '4208' }
[AUTH] Token Decoded: { id: 4, userId: '4208' }
✅ Connected to PostgreSQL database
✅ Connected to PostgreSQL database
[0mGET /api/orders/seller?status=pending%2Cprocessing%2Cshipped%2Cdelivered%2Creceived%2Creshipped%2Ccancelled%2Creturned%2Crejected [32m200[0m 116.117 ms - 3175480[0m
[0mGET /api/orders/seller?status=shipped [32m200[0m 108.212 ms - 26[0m
✅ Connected to PostgreSQL database
[0mGET /api/orders/buyer?status=pending%2Cprocessing%2Cshipped%2Cdelivered%2Creceived%2Creshipped%2Ccancelled%2Creturned%2Crejected [32m200[0m 160.297 ms - 2073715[0m
✅ Connected to PostgreSQL database
✅ Connected to PostgreSQL database
[0mGET /api/orders/buyer?status=shipped [32m200[0m 200.865 ms - 26[0m
[0mGET /api/orders/seller?status=processing [32m200[0m 205.027 ms - 26[0m
✅ Connected to PostgreSQL database
[0mGET /api/orders/buyer?status=processing [32m200[0m 241.189 ms - 26[0m
[AUTH] Token Decoded: { id: 4, userId: '4208' }
[0mGET /api/chat/conversations [32m200[0m 9.018 ms - 1080[0m
[AUTH] Token Decoded: { id: 4, userId: '4208' }
[0mGET /api/chat/conversations [32m200[0m 4.677 ms - 1080[0m
[DEBUG] getMarketItems query: SELECT m.id, m.user_id, m.username, m.title, m.description, m.price, m.promo_price, m.category, 
                            m.sub_category, m.manual_category, m.stock, m.image_url, m.status, 
                            m.likes_count, m.comments_count, m.shares_count, m.views_count,
                            m.variants, m.shipping_info, m.commission_info,
                            m.created_at, m.product_code,
                            u.username as owner_username, u.profile_picture,
                            EXISTS(SELECT 1 FROM market_likes ml WHERE ml.market_id = m.id AND ml.user_id = $1) as user_liked
                     FROM market m 
                     INNER JOIN users u ON m.user_id = u.id 
                     WHERE 1=1 AND m.user_id = $2 AND m.status = ANY($3) ORDER BY m.created_at DESC
[DEBUG] getMarketItems params: [ null, 4, [ 'approved', 'active' ] ]
[DEBUG] getMarketItems Result Rows: [
  { id: 16, user_id: 4, status: 'active' },
  { id: 15, user_id: 4, status: 'active' }
]
[0mGET /api/market?user_id=4&status=approved [32m200[0m 13.696 ms - 401587[0m
[AUTH] Token Decoded: { id: 4, userId: '4208' }
[0mGET /api/orders/seller?status=pending%2Cprocessing%2Cshipped%2Cdelivered%2Creceived%2Creshipped%2Ccancelled%2Creturned%2Crejected [32m200[0m 24.182 ms - 3175480[0m
[AUTH] Token Decoded: { id: 4, userId: '4208' }
[0mGET /api/chat/conversations [32m200[0m 4.880 ms - 1080[0m
[AUTH] Token Decoded: { id: 4, userId: '4208' }
[0mGET /api/orders/buyer?status=pending%2Cprocessing%2Cshipped%2Cdelivered%2Creceived%2Creshipped%2Ccancelled%2Creturned%2Crejected [32m200[0m 15.612 ms - 2073715[0m
[AUTH] Token Decoded: { id: 4, userId: '4208' }
[0mGET /api/chat/conversations [32m200[0m 4.690 ms - 1080[0m
[AUTH] Token Decoded: { id: 4, userId: '4208' }
[AUTH] Fetching profile for ID: 4
[DEBUG] Processing profile for sandildilmith12
[0mGET /api/auth/profile [36m304[0m 15.379 ms - -[0m
[0mGET /api/auth/user/4/following [36m304[0m 1.502 ms - -[0m
[AUTH] Token Decoded: { id: 4, userId: '4208' }
[0mGET /api/chat/conversations [32m200[0m 4.718 ms - 1080[0m
[AUTH] Token Decoded: { id: 4, userId: '4208' }
[0mGET /api/chat/conversations [32m200[0m 4.769 ms - 1080[0m
[AUTH] Token Decoded: { id: 4, userId: '4208' }
[0mGET /api/chat/conversations [32m200[0m 4.723 ms - 1080[0m
[AUTH] Token Decoded: { id: 4, userId: '4208' }
[0mGET /api/chat/conversations [32m200[0m 4.516 ms - 1080[0m
[AUTH] Token Decoded: { id: 4, userId: '4208' }
[0mGET /api/chat/conversations [32m200[0m 4.618 ms - 1080[0m
[AUTH] Token Decoded: { id: 4, userId: '4208' }
✅ Connected to PostgreSQL database
[0mGET /api/cart [32m200[0m 262.019 ms - 18646[0m
[0mPOST /api/auth/login [32m200[0m 90.181 ms - 27939[0m
[AUTH] Token Decoded: { id: 4, userId: '4208' }
[AUTH] Fetching profile for ID: 4
[DEBUG] Processing profile for sandildilmith12
[0mGET /api/auth/profile [36m304[0m 15.976 ms - -[0m
[AUTH] Token Decoded: { id: 4, userId: '4208' }
[0mGET /api/chat/conversations [32m200[0m 7.906 ms - 1080[0m
[AUTH] Token Decoded: { id: 4, userId: '4208' }
[0mGET /api/chat/conversations [32m200[0m 4.168 ms - 1080[0m
[AUTH] Token Decoded: { id: 4, userId: '4208' }
[0mGET /api/chat/conversations [32m200[0m 4.596 ms - 1080[0m
[AUTH] Token Decoded: { id: 4, userId: '4208' }
[0mGET /api/chat/conversations [32m200[0m 4.605 ms - 1080[0m
[AUTH] Token Decoded: { id: 4, userId: '4208' }
[0mGET /api/chat/conversations [32m200[0m 4.375 ms - 1080[0m
[AUTH] Token Decoded: { id: 4, userId: '4208' }
[0mGET /api/chat/conversations [32m200[0m 4.781 ms - 1080[0m
[0mPOST /api/auth/login [32m200[0m 85.337 ms - 27939[0m
[AUTH] Token Decoded: { id: 4, userId: '4208' }
[AUTH] Fetching profile for ID: 4
[DEBUG] Processing profile for sandildilmith12
[0mGET /api/auth/profile [32m200[0m 9.417 ms - 27740[0m
[AUTH] Token Decoded: { id: 4, userId: '4208' }
[0mGET /api/chat/conversations [32m200[0m 4.726 ms - 1080[0m
[AUTH] Token Decoded: { id: 4, userId: '4208' }
[AUTH] Fetching profile for ID: 4
[DEBUG] Processing profile for sandildilmith12
[0mGET /api/auth/profile [36m304[0m 10.084 ms - -[0m
[DEBUG] getMarketItems query: SELECT m.id, m.user_id, m.username, m.title, m.description, m.price, m.promo_price, m.category, 
                            m.sub_category, m.manual_category, m.stock, m.image_url, m.status, 
                            m.likes_count, m.comments_count, m.shares_count, m.views_count,
                            m.variants, m.shipping_info, m.commission_info,
                            m.created_at, m.product_code,
                            u.username as owner_username, u.profile_picture,
                            EXISTS(SELECT 1 FROM market_likes ml WHERE ml.market_id = m.id AND ml.user_id = $1) as user_liked
                     FROM market m 
                     INNER JOIN users u ON m.user_id = u.id 
                     WHERE 1=1 AND m.status = ANY($2) ORDER BY m.created_at DESC
[DEBUG] getMarketItems params: [ null, [ 'approved', 'active' ] ]
[DEBUG] getMarketItems Result Rows: [
  { id: 21, user_id: 5, status: 'active' },
  { id: 16, user_id: 4, status: 'active' },
  { id: 15, user_id: 4, status: 'active' },
  { id: 10, user_id: 2, status: 'active' }
]
[0mGET /api/market?status=approved [36m304[0m 17.388 ms - -[0m
[0mGET /api/auth/user/4/following [36m304[0m 1.709 ms - -[0m
[AUTH] Token Decoded: { id: 4, userId: '4208' }
[AUTH] Token Decoded: { id: 4, userId: '4208' }
[AUTH] Token Decoded: { id: 4, userId: '4208' }
[AUTH] Token Decoded: { id: 4, userId: '4208' }
[AUTH] Token Decoded: { id: 4, userId: '4208' }
[AUTH] Token Decoded: { id: 4, userId: '4208' }
[AUTH] Token Decoded: { id: 4, userId: '4208' }
✅ Connected to PostgreSQL database
✅ Connected to PostgreSQL database
[0mGET /api/orders/buyer?status=pending%2Cprocessing%2Cshipped%2Cdelivered%2Creceived%2Creshipped%2Ccancelled%2Creturned%2Crejected [32m200[0m 231.638 ms - 2073715[0m
[DEBUG] getMarketItems query: SELECT m.id, m.user_id, m.username, m.title, m.description, m.price, m.promo_price, m.category, 
                            m.sub_category, m.manual_category, m.stock, m.image_url, m.status, 
                            m.likes_count, m.comments_count, m.shares_count, m.views_count,
                            m.variants, m.shipping_info, m.commission_info,
                            m.created_at, m.product_code,
                            u.username as owner_username, u.profile_picture,
                            EXISTS(SELECT 1 FROM market_likes ml WHERE ml.market_id = m.id AND ml.user_id = $1) as user_liked
                     FROM market m 
                     INNER JOIN users u ON m.user_id = u.id 
                     WHERE 1=1 AND m.status = ANY($2) ORDER BY m.created_at DESC
[DEBUG] getMarketItems params: [ null, [ 'approved', 'active' ] ]
[DEBUG] getMarketItems Result Rows: [
  { id: 21, user_id: 5, status: 'active' },
  { id: 16, user_id: 4, status: 'active' },
  { id: 15, user_id: 4, status: 'active' },
  { id: 10, user_id: 2, status: 'active' }
]
[0mGET /api/market?status=approved [36m304[0m 12.777 ms - -[0m
✅ Connected to PostgreSQL database
✅ Connected to PostgreSQL database
[0mGET /api/orders/seller?status=processing [32m200[0m 341.181 ms - 26[0m
[0mGET /api/orders/seller?status=pending%2Cprocessing%2Cshipped%2Cdelivered%2Creceived%2Creshipped%2Ccancelled%2Creturned%2Crejected [32m200[0m 372.621 ms - 3175480[0m
✅ Connected to PostgreSQL database
[0mGET /api/orders/buyer?status=shipped [32m200[0m 446.618 ms - 26[0m
✅ Connected to PostgreSQL database
[0mGET /api/chat/conversations [32m200[0m 452.077 ms - 1080[0m
✅ Connected to PostgreSQL database
[0mGET /api/orders/seller?status=shipped [32m200[0m 531.031 ms - 26[0m
✅ Connected to PostgreSQL database
[0mGET /api/orders/buyer?status=processing [32m200[0m 566.543 ms - 26[0m
[AUTH] Token Decoded: { id: 4, userId: '4208' }
[0mGET /api/chat/conversations [32m200[0m 11.497 ms - 1080[0m
[AUTH] Token Decoded: { id: 4, userId: '4208' }
[AUTH] Fetching profile for ID: 4
[DEBUG] Processing profile for sandildilmith12
[DEBUG] getMarketItems query: SELECT m.id, m.user_id, m.username, m.title, m.description, m.price, m.promo_price, m.category, 
                            m.sub_category, m.manual_category, m.stock, m.image_url, m.status, 
                            m.likes_count, m.comments_count, m.shares_count, m.views_count,
                            m.variants, m.shipping_info, m.commission_info,
                            m.created_at, m.product_code,
                            u.username as owner_username, u.profile_picture,
                            EXISTS(SELECT 1 FROM market_likes ml WHERE ml.market_id = m.id AND ml.user_id = $1) as user_liked
                     FROM market m 
                     INNER JOIN users u ON m.user_id = u.id 
                     WHERE 1=1 AND m.status = ANY($2) ORDER BY m.created_at DESC
[DEBUG] getMarketItems params: [ null, [ 'approved', 'active' ] ]
[DEBUG] getMarketItems Result Rows: [
  { id: 21, user_id: 5, status: 'active' },
  { id: 16, user_id: 4, status: 'active' },
  { id: 15, user_id: 4, status: 'active' },
  { id: 10, user_id: 2, status: 'active' }
]
[0mGET /api/market?status=approved [32m200[0m 13.494 ms - 612036[0m
[0mGET /api/auth/profile [36m304[0m 29.395 ms - -[0m
[AUTH] Token Decoded: { id: 4, userId: '4208' }
[0mGET /api/chat/conversations [32m200[0m 4.668 ms - 1080[0m
[0mGET /api/auth/user/4/following [32m200[0m 1.129 ms - 26953[0m
[DEBUG] getMarketItems query: SELECT m.id, m.user_id, m.username, m.title, m.description, m.price, m.promo_price, m.category, 
                            m.sub_category, m.manual_category, m.stock, m.image_url, m.status, 
                            m.likes_count, m.comments_count, m.shares_count, m.views_count,
                            m.variants, m.shipping_info, m.commission_info,
                            m.created_at, m.product_code,
                            u.username as owner_username, u.profile_picture,
                            EXISTS(SELECT 1 FROM market_likes ml WHERE ml.market_id = m.id AND ml.user_id = $1) as user_liked
                     FROM market m 
                     INNER JOIN users u ON m.user_id = u.id 
                     WHERE 1=1 AND m.status = ANY($2) ORDER BY m.created_at DESC
[DEBUG] getMarketItems params: [ null, [ 'approved', 'active' ] ]
[AUTH] Token Decoded: { id: 4, userId: '4208' }
[AUTH] Token Decoded: { id: 4, userId: '4208' }
[AUTH] Token Decoded: { id: 4, userId: '4208' }
[AUTH] Token Decoded: { id: 4, userId: '4208' }
[AUTH] Token Decoded: { id: 4, userId: '4208' }
[DEBUG] getMarketItems Result Rows: [
  { id: 21, user_id: 5, status: 'active' },
  { id: 16, user_id: 4, status: 'active' },
  { id: 15, user_id: 4, status: 'active' },
  { id: 10, user_id: 2, status: 'active' }
]
[0mGET /api/market?status=approved [32m200[0m 24.835 ms - 612036[0m
[0mGET /api/orders/seller?status=shipped [32m200[0m 21.091 ms - 26[0m
[0mGET /api/orders/buyer?status=shipped [32m200[0m 19.226 ms - 26[0m
[0mGET /api/orders/buyer?status=pending%2Cprocessing%2Cshipped%2Cdelivered%2Creceived%2Creshipped%2Ccancelled%2Creturned%2Crejected [32m200[0m 26.968 ms - 2073715[0m
[0mGET /api/orders/seller?status=pending%2Cprocessing%2Cshipped%2Cdelivered%2Creceived%2Creshipped%2Ccancelled%2Creturned%2Crejected [32m200[0m 53.515 ms - 3175480[0m
[AUTH] Token Decoded: { id: 4, userId: '4208' }
[0mGET /api/orders/seller?status=processing [32m200[0m 4.108 ms - 26[0m
✅ Connected to PostgreSQL database
[0mGET /api/orders/buyer?status=processing [32m200[0m 190.688 ms - 26[0m
[AUTH] Token Decoded: { id: 4, userId: '4208' }
[0mGET /api/chat/conversations [32m200[0m 10.752 ms - 1080[0m
[AUTH] Token Decoded: { id: 4, userId: '4208' }
[0mGET /api/chat/conversations [32m200[0m 4.523 ms - 1080[0m
[AUTH] Token Decoded: { id: 4, userId: '4208' }
[0mGET /api/ads/my [32m200[0m 14.976 ms - 731902[0m
[AUTH] Token Decoded: { id: 4, userId: '4208' }
[AUTH] Fetching profile for ID: 4
[DEBUG] Processing profile for sandildilmith12
[0mGET /api/auth/profile [36m304[0m 15.564 ms - -[0m
[AUTH] Token Decoded: { id: 4, userId: '4208' }
[AUTH] Token Decoded: { id: 4, userId: '4208' }
[AUTH] Fetching profile for ID: 4
[0mGET /api/wallet/history [32m200[0m 15.488 ms - 27647[0m
[DEBUG] Processing profile for sandildilmith12
[0mGET /api/auth/profile [36m304[0m 18.100 ms - -[0m
[AUTH] Token Decoded: { id: 4, userId: '4208' }
[0mGET /api/chat/conversations [32m200[0m 9.328 ms - 1080[0m
[AUTH] Token Decoded: { id: 4, userId: '4208' }
[AUTH] Fetching profile for ID: 4
[DEBUG] Processing profile for sandildilmith12
[0mGET /api/auth/profile [36m304[0m 8.973 ms - -[0m
[AUTH] Token Decoded: { id: 4, userId: '4208' }
[0mGET /api/ads/my [36m304[0m 12.548 ms - -[0m
[AUTH] Token Decoded: { id: 4, userId: '4208' }
[0mGET /api/wallet/history [36m304[0m 10.163 ms - -[0m
[AUTH] Token Decoded: { id: 4, userId: '4208' }
[AUTH] Fetching profile for ID: 4
[DEBUG] Processing profile for sandildilmith12
[0mGET /api/auth/profile [36m304[0m 10.299 ms - -[0m
[AUTH] Token Decoded: { id: 4, userId: '4208' }
[0mGET /api/chat/conversations [32m200[0m 4.704 ms - 1080[0m
[AUTH] Token Decoded: { id: 4, userId: '4208' }
[0mGET /api/wallet/history [36m304[0m 7.341 ms - -[0m
[AUTH] Token Decoded: { id: 4, userId: '4208' }
[AUTH] Fetching profile for ID: 4
[DEBUG] Processing profile for sandildilmith12
[0mGET /api/auth/profile [36m304[0m 9.497 ms - -[0m
[AUTH] Token Decoded: { id: 4, userId: '4208' }
[0mGET /api/wallet/history [36m304[0m 7.765 ms - -[0m
[AUTH] Token Decoded: { id: 4, userId: '4208' }
[0mGET /api/ads/my [36m304[0m 9.683 ms - -[0m
[AUTH] Token Decoded: { id: 4, userId: '4208' }
[AUTH] Fetching profile for ID: 4
[DEBUG] Processing profile for sandildilmith12
[0mGET /api/auth/profile [36m304[0m 10.403 ms - -[0m
[AUTH] Token Decoded: { id: 4, userId: '4208' }
[0mGET /api/wallet/history [36m304[0m 7.355 ms - -[0m
[AUTH] Token Decoded: { id: 4, userId: '4208' }
[AUTH] Token Decoded: { id: 4, userId: '4208' }
[AUTH] Fetching profile for ID: 4
[0mGET /api/wallet/history [36m304[0m 9.145 ms - -[0m
[DEBUG] Processing profile for sandildilmith12
[0mGET /api/auth/profile [36m304[0m 12.397 ms - -[0m
[DEBUG] getMarketItems query: SELECT m.id, m.user_id, m.username, m.title, m.description, m.price, m.promo_price, m.category, 
                            m.sub_category, m.manual_category, m.stock, m.image_url, m.status, 
                            m.likes_count, m.comments_count, m.shares_count, m.views_count,
                            m.variants, m.shipping_info, m.commission_info,
                            m.created_at, m.product_code,
                            u.username as owner_username, u.profile_picture,
                            EXISTS(SELECT 1 FROM market_likes ml WHERE ml.market_id = m.id AND ml.user_id = $1) as user_liked
                     FROM market m 
                     INNER JOIN users u ON m.user_id = u.id 
                     WHERE 1=1 AND m.user_id = $2 AND m.status = ANY($3) ORDER BY m.created_at DESC
[DEBUG] getMarketItems params: [ null, 4, [ 'approved', 'active' ] ]
[DEBUG] getMarketItems Result Rows: [
  { id: 16, user_id: 4, status: 'active' },
  { id: 15, user_id: 4, status: 'active' }
]
[0mGET /api/market?user_id=4&status=approved [32m200[0m 14.115 ms - 401587[0m
[AUTH] Token Decoded: { id: 4, userId: '4208' }
[0mGET /api/wallet/history [36m304[0m 7.279 ms - -[0m
[AUTH] Token Decoded: { id: 4, userId: '4208' }
[AUTH] Fetching profile for ID: 4
[DEBUG] Processing profile for sandildilmith12
[0mGET /api/auth/profile [36m304[0m 9.011 ms - -[0m
[AUTH] Token Decoded: { id: 4, userId: '4208' }
[0mGET /api/chat/conversations [32m200[0m 4.535 ms - 1080[0m
[AUTH] Token Decoded: { id: 4, userId: '4208' }
[0mGET /api/ads/my [36m304[0m 9.778 ms - -[0m
[AUTH] Token Decoded: { id: 4, userId: '4208' }
[AUTH] Fetching profile for ID: 4
[AUTH] Token Decoded: { id: 4, userId: '4208' }
[DEBUG] Processing profile for sandildilmith12
[0mGET /api/wallet/history [36m304[0m 6.362 ms - -[0m
[0mGET /api/auth/profile [36m304[0m 15.744 ms - -[0m
[AUTH] Token Decoded: { id: 4, userId: '4208' }
[0mGET /api/chat/conversations [32m200[0m 4.734 ms - 1080[0m
[AUTH] Token Decoded: { id: 4, userId: '4208' }
[AUTH] Token Decoded: { id: 4, userId: '4208' }
[AUTH] Fetching profile for ID: 4
[0mGET /api/wallet/history [36m304[0m 8.831 ms - -[0m
[DEBUG] Processing profile for sandildilmith12
[0mGET /api/auth/profile [36m304[0m 12.105 ms - -[0m
[AUTH] Token Decoded: { id: 4, userId: '4208' }
[AUTH] Fetching profile for ID: 4
[AUTH] Token Decoded: { id: 4, userId: '4208' }
[DEBUG] Processing profile for sandildilmith12
[0mGET /api/wallet/history [36m304[0m 8.927 ms - -[0m
[0mGET /api/auth/profile [36m304[0m 23.452 ms - -[0m
[AUTH] Token Decoded: { id: 4, userId: '4208' }
[0mGET /api/wallet/history [36m304[0m 5.891 ms - -[0m
[AUTH] Token Decoded: { id: 4, userId: '4208' }
[AUTH] Fetching profile for ID: 4
[DEBUG] Processing profile for sandildilmith12
[0mGET /api/auth/profile [36m304[0m 8.802 ms - -[0m
[AUTH] Token Decoded: { id: 4, userId: '4208' }
[AUTH] Token Decoded: { id: 4, userId: '4208' }
[AUTH] Fetching profile for ID: 4
[0mGET /api/ads/my [36m304[0m 14.428 ms - -[0m
[AUTH] Token Decoded: { id: 4, userId: '4208' }
[DEBUG] Processing profile for sandildilmith12
[0mGET /api/wallet/history [36m304[0m 7.440 ms - -[0m
[0mGET /api/auth/profile [36m304[0m 23.520 ms - -[0m
[AUTH] Token Decoded: { id: 4, userId: '4208' }
[0mGET /api/orders/seller?status=pending%2Cprocessing%2Cshipped%2Cdelivered%2Creceived%2Creshipped%2Ccancelled%2Creturned%2Crejected [32m200[0m 21.174 ms - 3175480[0m
[AUTH] Token Decoded: { id: 4, userId: '4208' }
[AUTH] Fetching profile for ID: 4
[AUTH] Token Decoded: { id: 4, userId: '4208' }
[DEBUG] Processing profile for sandildilmith12
[0mGET /api/wallet/history [36m304[0m 6.830 ms - -[0m
[0mGET /api/auth/profile [36m304[0m 14.982 ms - -[0m
[AUTH] Token Decoded: { id: 4, userId: '4208' }
[0mGET /api/wallet/history [36m304[0m 7.477 ms - -[0m
[AUTH] Token Decoded: { id: 4, userId: '4208' }
[AUTH] Fetching profile for ID: 4
[DEBUG] Processing profile for sandildilmith12
[0mGET /api/auth/profile [36m304[0m 9.231 ms - -[0m
[AUTH] Token Decoded: { id: 4, userId: '4208' }
[AUTH] Token Decoded: { id: 4, userId: '4208' }
[AUTH] Fetching profile for ID: 4
[0mGET /api/wallet/history [36m304[0m 8.871 ms - -[0m
[DEBUG] Processing profile for sandildilmith12
[0mGET /api/auth/profile [36m304[0m 12.019 ms - -[0m
[AUTH] Token Decoded: { id: 4, userId: '4208' }
[AUTH] Token Decoded: { id: 4, userId: '4208' }
[AUTH] Fetching profile for ID: 4
[0mGET /api/chat/conversations [32m200[0m 10.884 ms - 1080[0m
[AUTH] Token Decoded: { id: 4, userId: '4208' }
[DEBUG] Processing profile for sandildilmith12
[0mGET /api/wallet/history [36m304[0m 6.934 ms - -[0m
[0mGET /api/auth/profile [36m304[0m 18.092 ms - -[0m
[AUTH] Token Decoded: { id: 4, userId: '4208' }
[0mGET /api/ads/my [36m304[0m 9.761 ms - -[0m
[AUTH] Token Decoded: { id: 4, userId: '4208' }
[AUTH] Fetching profile for ID: 4
[DEBUG] Processing profile for sandildilmith12
[0mGET /api/auth/profile [36m304[0m 13.864 ms - -[0m
[AUTH] Token Decoded: { id: 4, userId: '4208' }
[0mGET /api/wallet/history [36m304[0m 7.322 ms - -[0m
[AUTH] Token Decoded: { id: 4, userId: '4208' }
[0mGET /api/chat/conversations [32m200[0m 4.454 ms - 1080[0m
[AUTH] Token Decoded: { id: 4, userId: '4208' }
[AUTH] Fetching profile for ID: 4
[DEBUG] Processing profile for sandildilmith12
[0mGET /api/auth/profile [36m304[0m 9.424 ms - -[0m
[AUTH] Token Decoded: { id: 4, userId: '4208' }
[0mGET /api/wallet/history [36m304[0m 7.472 ms - -[0m
[AUTH] Token Decoded: { id: 4, userId: '4208' }
[0mGET /api/orders/seller?status=processing [32m200[0m 4.856 ms - 26[0m
[AUTH] Token Decoded: { id: 4, userId: '4208' }
[AUTH] Fetching profile for ID: 4
[DEBUG] Processing profile for sandildilmith12
[AUTH] Token Decoded: { id: 4, userId: '4208' }
[AUTH] Token Decoded: { id: 4, userId: '4208' }
[0mGET /api/wallet/history [36m304[0m 7.041 ms - -[0m
[0mGET /api/auth/profile [36m304[0m 20.000 ms - -[0m
[0mGET /api/ads/my [36m304[0m 14.531 ms - -[0m
[AUTH] Token Decoded: { id: 4, userId: '4208' }
[AUTH] Token Decoded: { id: 4, userId: '4208' }
[AUTH] Fetching profile for ID: 4
[DEBUG] Processing profile for sandildilmith12
[0mGET /api/wallet/history [36m304[0m 12.564 ms - -[0m
[0mGET /api/auth/profile [36m304[0m 12.292 ms - -[0m
[DEBUG] getMarketItems query: SELECT m.id, m.user_id, m.username, m.title, m.description, m.price, m.promo_price, m.category, 
                            m.sub_category, m.manual_category, m.stock, m.image_url, m.status, 
                            m.likes_count, m.comments_count, m.shares_count, m.views_count,
                            m.variants, m.shipping_info, m.commission_info,
                            m.created_at, m.product_code,
                            u.username as owner_username, u.profile_picture,
                            EXISTS(SELECT 1 FROM market_likes ml WHERE ml.market_id = m.id AND ml.user_id = $1) as user_liked
                     FROM market m 
                     INNER JOIN users u ON m.user_id = u.id 
                     WHERE 1=1 AND m.user_id = $2 AND m.status = ANY($3) ORDER BY m.created_at DESC
[DEBUG] getMarketItems params: [ null, 4, [ 'reviewing', 'rejected' ] ]
[DEBUG] getMarketItems Result Rows: [
  { id: 22, user_id: 4, status: 'reviewing' },
  { id: 19, user_id: 4, status: 'reviewing' },
  { id: 17, user_id: 4, status: 'reviewing' }
]
[0mGET /api/market?user_id=4&status=reviewing%2Crejected [32m200[0m 22.629 ms - 1992465[0m
[AUTH] Token Decoded: { id: 4, userId: '4208' }
[AUTH] Fetching profile for ID: 4
[AUTH] Token Decoded: { id: 4, userId: '4208' }
[DEBUG] Processing profile for sandildilmith12
[0mGET /api/wallet/history [36m304[0m 7.473 ms - -[0m
[0mGET /api/auth/profile [36m304[0m 16.833 ms - -[0m
[AUTH] Token Decoded: { id: 4, userId: '4208' }
[AUTH] Token Decoded: { id: 4, userId: '4208' }
[0mPOST /api/chat/presence [32m200[0m 14.922 ms - 134[0m
[0mGET /api/chat/conversations [32m200[0m 8.222 ms - 1080[0m
[AUTH] Token Decoded: { id: 4, userId: '4208' }
[AUTH] Token Decoded: { id: 4, userId: '4208' }
[AUTH] Token Decoded: { id: 4, userId: '4208' }
[0mGET /api/chat/calls/summaries [32m200[0m 12.456 ms - 499[0m
[0mGET /api/chat/conversations [32m200[0m 7.394 ms - 1080[0m
[0mGET /api/chat/calls/incoming [32m200[0m 13.222 ms - 100[0m
[AUTH] Token Decoded: { id: 4, userId: '4208' }
[0mGET /api/chat/conversations [32m200[0m 4.955 ms - 1080[0m
[AUTH] Token Decoded: { id: 4, userId: '4208' }
[0mGET /api/chat/conversations [32m200[0m 4.647 ms - 1080[0m
[AUTH] Token Decoded: { id: 4, userId: '4208' }
[AUTH] Token Decoded: { id: 4, userId: '4208' }
[AUTH] Token Decoded: { id: 4, userId: '4208' }
[0mGET /api/chat/calls/history/3 [32m200[0m 7.339 ms - 665[0m
[0mGET /api/chat/messages/3?markSeen=1 [32m200[0m 6.614 ms - 348[0m
[0mPOST /api/chat/presence [32m200[0m 44.692 ms - 131[0m
[AUTH] Token Decoded: { id: 4, userId: '4208' }
[0mGET /api/chat/calls/incoming [32m200[0m 4.362 ms - 100[0m
[AUTH] Token Decoded: { id: 4, userId: '4208' }
[0mGET /api/chat/conversations [32m200[0m 4.544 ms - 1080[0m
[AUTH] Token Decoded: { id: 4, userId: '4208' }
[0mGET /api/chat/conversations [32m200[0m 4.304 ms - 1080[0m
[AUTH] Token Decoded: { id: 4, userId: '4208' }
[0mGET /api/chat/messages/3?markSeen=1 [32m200[0m 3.996 ms - 348[0m
[AUTH] Token Decoded: { id: 4, userId: '4208' }
[0mGET /api/chat/conversations [32m200[0m 4.497 ms - 1080[0m
[AUTH] Token Decoded: { id: 4, userId: '4208' }
[0mGET /api/chat/conversations [32m200[0m 4.567 ms - 1080[0m
[AUTH] Token Decoded: { id: 4, userId: '4208' }
[0mGET /api/chat/conversations [32m200[0m 4.689 ms - 1080[0m
[AUTH] Token Decoded: { id: 4, userId: '4208' }
[AUTH] Token Decoded: { id: 4, userId: '4208' }
[AUTH] Fetching profile for ID: 4
[0mGET /api/cart [32m200[0m 8.947 ms - 18646[0m
[DEBUG] Processing profile for sandildilmith12
[0mGET /api/auth/profile [36m304[0m 16.323 ms - -[0m
[0mGET /api/market/16 [32m200[0m 2.409 ms - 45325[0m
[AUTH] Token Decoded: { id: 4, userId: '4208' }
[0mGET /api/cart [32m200[0m 5.668 ms - 18646[0m
[AUTH] Token Decoded: { id: 4, userId: '4208' }
[0mGET /api/chat/conversations [32m200[0m 4.555 ms - 1080[0m
[AUTH] Token Decoded: { id: 4, userId: '4208' }
[0mGET /api/chat/conversations [32m200[0m 6.598 ms - 1080[0m
[AUTH] Token Decoded: { id: 4, userId: '4208' }
[0mGET /api/orders/buyer?status=pending%2Cprocessing%2Cshipped%2Cdelivered%2Creceived%2Creshipped%2Ccancelled%2Creturned%2Crejected [32m200[0m 15.785 ms - 2073715[0m
[AUTH] Token Decoded: { id: 4, userId: '4208' }
[AUTH] Fetching profile for ID: 4
[DEBUG] Processing profile for sandildilmith12
[0mGET /api/auth/profile [36m304[0m 9.333 ms - -[0m
[DEBUG] getMarketItems query: SELECT m.id, m.user_id, m.username, m.title, m.description, m.price, m.promo_price, m.category, 
                            m.sub_category, m.manual_category, m.stock, m.image_url, m.status, 
                            m.likes_count, m.comments_count, m.shares_count, m.views_count,
                            m.variants, m.shipping_info, m.commission_info,
                            m.created_at, m.product_code,
                            u.username as owner_username, u.profile_picture,
                            EXISTS(SELECT 1 FROM market_likes ml WHERE ml.market_id = m.id AND ml.user_id = $1) as user_liked
                     FROM market m 
                     INNER JOIN users u ON m.user_id = u.id 
                     WHERE 1=1 AND m.user_id = $2 AND m.status = ANY($3) ORDER BY m.created_at DESC
[DEBUG] getMarketItems params: [ null, 4, [ 'active', 'approved' ] ]
[DEBUG] getMarketItems Result Rows: [
  { id: 16, user_id: 4, status: 'active' },
  { id: 15, user_id: 4, status: 'active' }
]
[0mGET /api/market?user_id=4&status=active%2Capproved [32m200[0m 10.272 ms - 401587[0m
[AUTH] Token Decoded: { id: 4, userId: '4208' }
[0mGET /api/chat/conversations [32m200[0m 8.067 ms - 1080[0m
[0mGET /api/auth/user/4/views [32m200[0m 1.103 ms - 38[0m
[0mGET /api/auth/user/4/subscription [32m200[0m 1.859 ms - 56[0m
[AUTH] Token Decoded: { id: 4, userId: '4208' }
[0mGET /api/chat/conversations [32m200[0m 3.970 ms - 1080[0m
[AUTH] Token Decoded: { id: 4, userId: '4208' }
[0mGET /api/chat/conversations [32m200[0m 4.773 ms - 1080[0m
[AUTH] Token Decoded: { id: 4, userId: '4208' }
[0mGET /api/chat/conversations [32m200[0m 3.922 ms - 1080[0m
[AUTH] Token Decoded: { id: 4, userId: '4208' }
[0mGET /api/chat/conversations [32m200[0m 4.848 ms - 1080[0m
[AUTH] Token Decoded: { id: 4, userId: '4208' }
[0mGET /api/chat/conversations [32m200[0m 9.630 ms - 1080[0m
[DEBUG] getMarketItems query: SELECT m.id, m.user_id, m.username, m.title, m.description, m.price, m.promo_price, m.category, 
                            m.sub_category, m.manual_category, m.stock, m.image_url, m.status, 
                            m.likes_count, m.comments_count, m.shares_count, m.views_count,
                            m.variants, m.shipping_info, m.commission_info,
                            m.created_at, m.product_code,
                            u.username as owner_username, u.profile_picture,
                            EXISTS(SELECT 1 FROM market_likes ml WHERE ml.market_id = m.id AND ml.user_id = $1) as user_liked
                     FROM market m 
                     INNER JOIN users u ON m.user_id = u.id 
                     WHERE 1=1 AND m.user_id = $2 AND m.status = ANY($3) ORDER BY m.created_at DESC
[DEBUG] getMarketItems params: [ null, 4, [ 'reviewing', 'rejected' ] ]
[DEBUG] getMarketItems Result Rows: [
  { id: 22, user_id: 4, status: 'reviewing' },
  { id: 19, user_id: 4, status: 'reviewing' },
  { id: 17, user_id: 4, status: 'reviewing' }
]
[0mGET /api/market?user_id=4&status=reviewing%2Crejected [36m304[0m 26.719 ms - -[0m
[AUTH] Token Decoded: { id: 4, userId: '4208' }
[0mGET /api/chat/conversations [32m200[0m 5.018 ms - 1080[0m
[AUTH] Token Decoded: { id: 4, userId: '4208' }
[0mGET /api/chat/conversations [32m200[0m 4.728 ms - 1080[0m
[DEBUG] getMarketItems query: SELECT m.id, m.user_id, m.username, m.title, m.description, m.price, m.promo_price, m.category, 
                            m.sub_category, m.manual_category, m.stock, m.image_url, m.status, 
                            m.likes_count, m.comments_count, m.shares_count, m.views_count,
                            m.variants, m.shipping_info, m.commission_info,
                            m.created_at, m.product_code,
                            u.username as owner_username, u.profile_picture,
                            EXISTS(SELECT 1 FROM market_likes ml WHERE ml.market_id = m.id AND ml.user_id = $1) as user_liked
                     FROM market m 
                     INNER JOIN users u ON m.user_id = u.id 
                     WHERE 1=1 AND m.status = ANY($2) ORDER BY m.created_at DESC
[DEBUG] getMarketItems params: [ null, [ 'approved', 'active' ] ]
[DEBUG] getMarketItems Result Rows: [
  { id: 21, user_id: 5, status: 'active' },
  { id: 16, user_id: 4, status: 'active' },
  { id: 15, user_id: 4, status: 'active' },
  { id: 10, user_id: 2, status: 'active' }
]
[0mGET /api/market?status=approved [36m304[0m 13.785 ms - -[0m
[AUTH] Token Decoded: { id: 4, userId: '4208' }
[AUTH] Fetching profile for ID: 4
[DEBUG] Processing profile for sandildilmith12
[0mGET /api/auth/profile [36m304[0m 9.191 ms - -[0m
[AUTH] Token Decoded: { id: 4, userId: '4208' }
[AUTH] Token Decoded: { id: 4, userId: '4208' }
[0mGET /api/chat/conversations [32m200[0m 6.543 ms - 1080[0m
[AUTH] Token Decoded: { id: 4, userId: '4208' }
[AUTH] Token Decoded: { id: 4, userId: '4208' }
[0mPOST /api/chat/presence [32m200[0m 12.726 ms - 134[0m
[0mGET /api/chat/calls/incoming [32m200[0m 9.221 ms - 100[0m
✅ Connected to PostgreSQL database
[0mGET /api/chat/calls/summaries [32m200[0m 49.629 ms - 499[0m
[AUTH] Token Decoded: { id: 4, userId: '4208' }
[0mGET /api/chat/conversations [32m200[0m 8.100 ms - 1080[0m
[AUTH] Token Decoded: { id: 4, userId: '4208' }
[0mGET /api/chat/conversations [32m200[0m 4.333 ms - 1080[0m
[AUTH] Token Decoded: { id: 4, userId: '4208' }
[0mGET /api/ads/my [36m304[0m 14.598 ms - -[0m
[AUTH] Token Decoded: { id: 4, userId: '4208' }
[AUTH] Fetching profile for ID: 4
[DEBUG] Processing profile for sandildilmith12
[0mGET /api/auth/profile [36m304[0m 14.902 ms - -[0m
[AUTH] Token Decoded: { id: 4, userId: '4208' }
[0mGET /api/wallet/history [36m304[0m 11.180 ms - -[0m
[AUTH] Token Decoded: { id: 4, userId: '4208' }
[AUTH] Fetching profile for ID: 4
[DEBUG] Processing profile for sandildilmith12
[0mGET /api/auth/profile [36m304[0m 9.360 ms - -[0m
[AUTH] Token Decoded: { id: 4, userId: '4208' }
[AUTH] Fetching profile for ID: 4
[DEBUG] Processing profile for sandildilmith12
[0mGET /api/auth/profile [36m304[0m 9.786 ms - -[0m
[AUTH] Token Decoded: { id: 4, userId: '4208' }
[0mGET /api/wallet/history [36m304[0m 6.618 ms - -[0m
[AUTH] Token Decoded: { id: 4, userId: '4208' }
[AUTH] Fetching profile for ID: 4
[DEBUG] Processing profile for sandildilmith12
[0mGET /api/auth/profile [36m304[0m 10.091 ms - -[0m
[AUTH] Token Decoded: { id: 4, userId: '4208' }
[0mGET /api/wallet/history [36m304[0m 7.286 ms - -[0m
[AUTH] Token Decoded: { id: 4, userId: '4208' }
[AUTH] Fetching profile for ID: 4
[DEBUG] Processing profile for sandildilmith12
[0mGET /api/auth/profile [36m304[0m 9.380 ms - -[0m
[AUTH] Token Decoded: { id: 4, userId: '4208' }
[0mGET /api/wallet/history [36m304[0m 7.459 ms - -[0m
[AUTH] Token Decoded: { id: 4, userId: '4208' }
[AUTH] Fetching profile for ID: 4
[DEBUG] Processing profile for sandildilmith12
[AUTH] Token Decoded: { id: 4, userId: '4208' }
[0mGET /api/auth/profile [36m304[0m 21.659 ms - -[0m
[0mGET /api/wallet/history [36m304[0m 14.856 ms - -[0m
[AUTH] Token Decoded: { id: 4, userId: '4208' }
[AUTH] Fetching profile for ID: 4
[DEBUG] getMarketItems query: SELECT m.id, m.user_id, m.username, m.title, m.description, m.price, m.promo_price, m.category, 
                            m.sub_category, m.manual_category, m.stock, m.image_url, m.status, 
                            m.likes_count, m.comments_count, m.shares_count, m.views_count,
                            m.variants, m.shipping_info, m.commission_info,
                            m.created_at, m.product_code,
                            u.username as owner_username, u.profile_picture,
                            EXISTS(SELECT 1 FROM market_likes ml WHERE ml.market_id = m.id AND ml.user_id = $1) as user_liked
                     FROM market m 
                     INNER JOIN users u ON m.user_id = u.id 
                     WHERE 1=1 AND m.status = ANY($2) ORDER BY m.created_at DESC
[DEBUG] getMarketItems params: [ null, [ 'approved', 'active' ] ]
[AUTH] Token Decoded: { id: 4, userId: '4208' }
[DEBUG] Processing profile for sandildilmith12
[DEBUG] getMarketItems Result Rows: [
  { id: 21, user_id: 5, status: 'active' },
  { id: 16, user_id: 4, status: 'active' },
  { id: 15, user_id: 4, status: 'active' },
  { id: 10, user_id: 2, status: 'active' }
]
[0mGET /api/market?status=approved [36m304[0m 18.166 ms - -[0m
[0mGET /api/wallet/history [36m304[0m 16.825 ms - -[0m
[0mGET /api/auth/profile [36m304[0m 30.289 ms - -[0m
[0mGET /api/auth/user/4/following [36m304[0m 1.450 ms - -[0m
[DEBUG] getMarketItems query: SELECT m.id, m.user_id, m.username, m.title, m.description, m.price, m.promo_price, m.category, 
                            m.sub_category, m.manual_category, m.stock, m.image_url, m.status, 
                            m.likes_count, m.comments_count, m.shares_count, m.views_count,
                            m.variants, m.shipping_info, m.commission_info,
                            m.created_at, m.product_code,
                            u.username as owner_username, u.profile_picture,
                            EXISTS(SELECT 1 FROM market_likes ml WHERE ml.market_id = m.id AND ml.user_id = $1) as user_liked
                     FROM market m 
                     INNER JOIN users u ON m.user_id = u.id 
                     WHERE 1=1 AND m.status = ANY($2) ORDER BY m.created_at DESC
[DEBUG] getMarketItems params: [ null, [ 'approved', 'active' ] ]
[DEBUG] getMarketItems Result Rows: [
  { id: 21, user_id: 5, status: 'active' },
  { id: 16, user_id: 4, status: 'active' },
  { id: 15, user_id: 4, status: 'active' },
  { id: 10, user_id: 2, status: 'active' }
]
[0mGET /api/market?status=approved [36m304[0m 13.562 ms - -[0m
[AUTH] Token Decoded: { id: 4, userId: '4208' }
[AUTH] Token Decoded: { id: 4, userId: '4208' }
[AUTH] Token Decoded: { id: 4, userId: '4208' }
[AUTH] Token Decoded: { id: 4, userId: '4208' }
[AUTH] Token Decoded: { id: 4, userId: '4208' }
[0mGET /api/orders/buyer?status=pending%2Cprocessing%2Cshipped%2Cdelivered%2Creceived%2Creshipped%2Ccancelled%2Creturned%2Crejected [32m200[0m 32.149 ms - 2073715[0m
[AUTH] Token Decoded: { id: 4, userId: '4208' }
[0mGET /api/orders/buyer?status=processing [32m200[0m 5.349 ms - 26[0m
✅ Connected to PostgreSQL database
[0mGET /api/orders/seller?status=shipped [32m200[0m 99.743 ms - 26[0m
✅ Connected to PostgreSQL database
[0mGET /api/orders/seller?status=pending%2Cprocessing%2Cshipped%2Cdelivered%2Creceived%2Creshipped%2Ccancelled%2Creturned%2Crejected [32m200[0m 153.111 ms - 3175480[0m
✅ Connected to PostgreSQL database
[0mGET /api/orders/seller?status=processing [32m200[0m 189.023 ms - 26[0m
✅ Connected to PostgreSQL database
[0mGET /api/orders/buyer?status=shipped [32m200[0m 257.416 ms - 26[0m
[AUTH] Token Decoded: { id: 4, userId: '4208' }
[0mGET /api/chat/conversations [32m200[0m 4.896 ms - 1080[0m
[0mPOST /api/market/21/view [32m200[0m 8.067 ms - 35[0m
[0mGET /api/market/21/comments [32m200[0m 3.121 ms - 26[0m
[AUTH] Token Decoded: { id: 4, userId: '4208' }
[0mGET /api/chat/conversations [32m200[0m 4.531 ms - 1080[0m
[AUTH] Token Decoded: { id: 4, userId: '4208' }
[0mGET /api/chat/conversations [32m200[0m 5.023 ms - 1080[0m
[AUTH] Token Decoded: { id: 4, userId: '4208' }
[0mGET /api/chat/conversations [32m200[0m 4.541 ms - 1080[0m
[AUTH] Token Decoded: { id: 4, userId: '4208' }
[0mGET /api/chat/conversations [32m200[0m 4.073 ms - 1080[0m
[AUTH] Token Decoded: { id: 4, userId: '4208' }
[0mGET /api/chat/conversations [32m200[0m 4.545 ms - 1080[0m
[AUTH] Token Decoded: { id: 4, userId: '4208' }
[0mGET /api/chat/conversations [32m200[0m 4.467 ms - 1080[0m
[AUTH] Token Decoded: { id: 4, userId: '4208' }
[0mGET /api/chat/conversations [32m200[0m 4.718 ms - 1080[0m
[DEBUG] getMarketItems query: SELECT m.id, m.user_id, m.username, m.title, m.description, m.price, m.promo_price, m.category, 
                            m.sub_category, m.manual_category, m.stock, m.image_url, m.status, 
                            m.likes_count, m.comments_count, m.shares_count, m.views_count,
                            m.variants, m.shipping_info, m.commission_info,
                            m.created_at, m.product_code,
                            u.username as owner_username, u.profile_picture,
                            EXISTS(SELECT 1 FROM market_likes ml WHERE ml.market_id = m.id AND ml.user_id = $1) as user_liked
                     FROM market m 
                     INNER JOIN users u ON m.user_id = u.id 
                     WHERE 1=1 AND m.user_id = $2 AND m.status = ANY($3) ORDER BY m.created_at DESC
[DEBUG] getMarketItems params: [ null, 4, [ 'reviewing', 'rejected' ] ]
[DEBUG] getMarketItems Result Rows: [
  { id: 22, user_id: 4, status: 'reviewing' },
  { id: 19, user_id: 4, status: 'reviewing' },
  { id: 17, user_id: 4, status: 'reviewing' }
]
[0mGET /api/market?user_id=4&status=reviewing%2Crejected [36m304[0m 23.547 ms - -[0m
[AUTH] Token Decoded: { id: 4, userId: '4208' }
[0mGET /api/chat/conversations [32m200[0m 4.817 ms - 1080[0m
[AUTH] Token Decoded: { id: 4, userId: '4208' }
[0mGET /api/orders/buyer?status=pending%2Cprocessing%2Cshipped%2Cdelivered%2Creceived%2Creshipped%2Ccancelled%2Creturned%2Crejected [32m200[0m 15.465 ms - 2073715[0m
[AUTH] Token Decoded: { id: 4, userId: '4208' }
[0mGET /api/chat/conversations [32m200[0m 4.804 ms - 1080[0m
[AUTH] Token Decoded: { id: 4, userId: '4208' }
[AUTH] Fetching profile for ID: 4
[DEBUG] Processing profile for sandildilmith12
[0mGET /api/auth/profile [36m304[0m 10.142 ms - -[0m
[DEBUG] getMarketItems query: SELECT m.id, m.user_id, m.username, m.title, m.description, m.price, m.promo_price, m.category, 
                            m.sub_category, m.manual_category, m.stock, m.image_url, m.status, 
                            m.likes_count, m.comments_count, m.shares_count, m.views_count,
                            m.variants, m.shipping_info, m.commission_info,
                            m.created_at, m.product_code,
                            u.username as owner_username, u.profile_picture,
                            EXISTS(SELECT 1 FROM market_likes ml WHERE ml.market_id = m.id AND ml.user_id = $1) as user_liked
                     FROM market m 
                     INNER JOIN users u ON m.user_id = u.id 
                     WHERE 1=1 AND m.user_id = $2 AND m.status = ANY($3) ORDER BY m.created_at DESC
[DEBUG] getMarketItems params: [ null, 4, [ 'active', 'approved' ] ]
[DEBUG] getMarketItems Result Rows: [
  { id: 16, user_id: 4, status: 'active' },
  { id: 15, user_id: 4, status: 'active' }
]
[0mGET /api/market?user_id=4&status=active%2Capproved [32m200[0m 10.484 ms - 401587[0m
[AUTH] Token Decoded: { id: 4, userId: '4208' }
[0mGET /api/chat/conversations [32m200[0m 4.450 ms - 1080[0m
[AUTH] Token Decoded: { id: 4, userId: '4208' }
[0mGET /api/chat/conversations [32m200[0m 4.720 ms - 1080[0m
[0mGET /api/auth/user/4/views [32m200[0m 1.009 ms - 38[0m
[0mGET /api/auth/user/4/subscription [32m200[0m 1.706 ms - 56[0m
[AUTH] Token Decoded: { id: 4, userId: '4208' }
[0mGET /api/chat/conversations [32m200[0m 4.803 ms - 1080[0m
[AUTH] Token Decoded: { id: 4, userId: '4208' }
[0mGET /api/chat/conversations [32m200[0m 4.504 ms - 1080[0m
[AUTH] Token Decoded: { id: 4, userId: '4208' }
[0mGET /api/chat/conversations [32m200[0m 4.717 ms - 1080[0m
[AUTH] Token Decoded: { id: 4, userId: '4208' }
[0mGET /api/chat/conversations [32m200[0m 4.567 ms - 1080[0m
[AUTH] Token Decoded: { id: 4, userId: '4208' }
[0mGET /api/chat/conversations [32m200[0m 4.722 ms - 1080[0m
[AUTH] Token Decoded: { id: 4, userId: '4208' }
[AUTH] Fetching profile for ID: 4
[AUTH] Token Decoded: { id: 4, userId: '4208' }
[DEBUG] Processing profile for sandildilmith12
[0mGET /api/auth/profile [36m304[0m 13.022 ms - -[0m
[0mGET /api/ads/my [32m200[0m 15.048 ms - 731902[0m
[AUTH] Token Decoded: { id: 4, userId: '4208' }
[0mGET /api/chat/conversations [32m200[0m 7.834 ms - 1080[0m
[AUTH] Token Decoded: { id: 4, userId: '4208' }
[AUTH] Token Decoded: { id: 4, userId: '4208' }
[AUTH] Fetching profile for ID: 4
[0mGET /api/wallet/history [32m200[0m 10.617 ms - 27647[0m
[DEBUG] Processing profile for sandildilmith12
[0mGET /api/auth/profile [36m304[0m 12.310 ms - -[0m
[AUTH] Token Decoded: { id: 4, userId: '4208' }
[0mGET /api/wallet/history [36m304[0m 7.273 ms - -[0m
[AUTH] Token Decoded: { id: 4, userId: '4208' }
[AUTH] Fetching profile for ID: 4
[DEBUG] Processing profile for sandildilmith12
[0mGET /api/auth/profile [36m304[0m 9.247 ms - -[0m
[AUTH] Token Decoded: { id: 4, userId: '4208' }
[AUTH] Fetching profile for ID: 4
[AUTH] Token Decoded: { id: 4, userId: '4208' }
[DEBUG] Processing profile for sandildilmith12
[0mGET /api/wallet/history [36m304[0m 7.196 ms - -[0m
[0mGET /api/auth/profile [36m304[0m 15.034 ms - -[0m
[AUTH] Token Decoded: { id: 4, userId: '4208' }
[AUTH] Token Decoded: { id: 4, userId: '4208' }
[AUTH] Fetching profile for ID: 4
[0mGET /api/wallet/history [36m304[0m 8.729 ms - -[0m
[DEBUG] Processing profile for sandildilmith12
[0mGET /api/auth/profile [36m304[0m 17.660 ms - -[0m
[AUTH] Token Decoded: { id: 4, userId: '4208' }
[0mGET /api/ads/my [36m304[0m 10.415 ms - -[0m
[AUTH] Token Decoded: { id: 4, userId: '4208' }
[0mGET /api/wallet/history [36m304[0m 6.903 ms - -[0m
[AUTH] Token Decoded: { id: 4, userId: '4208' }
[AUTH] Fetching profile for ID: 4
[DEBUG] Processing profile for sandildilmith12
[0mGET /api/auth/profile [36m304[0m 9.029 ms - -[0m
[AUTH] Token Decoded: { id: 4, userId: '4208' }
[AUTH] Token Decoded: { id: 4, userId: '4208' }
[AUTH] Fetching profile for ID: 4
[0mGET /api/wallet/history [36m304[0m 8.289 ms - -[0m
[DEBUG] Processing profile for sandildilmith12
[0mGET /api/auth/profile [36m304[0m 11.329 ms - -[0m
[AUTH] Token Decoded: { id: 4, userId: '4208' }
[0mGET /api/wallet/history [36m304[0m 7.319 ms - -[0m
[AUTH] Token Decoded: { id: 4, userId: '4208' }
[AUTH] Token Decoded: { id: 4, userId: '4208' }
[AUTH] Fetching profile for ID: 4
[0mGET /api/chat/conversations [32m200[0m 7.885 ms - 1080[0m
[DEBUG] Processing profile for sandildilmith12
[0mGET /api/auth/profile [36m304[0m 11.038 ms - -[0m
[AUTH] Token Decoded: { id: 4, userId: '4208' }
[AUTH] Token Decoded: { id: 4, userId: '4208' }
[AUTH] Fetching profile for ID: 4
[0mGET /api/wallet/history [36m304[0m 9.634 ms - -[0m
[DEBUG] Processing profile for sandildilmith12
[AUTH] Token Decoded: { id: 4, userId: '4208' }
[0mGET /api/auth/profile [36m304[0m 15.735 ms - -[0m
[0mGET /api/ads/my [36m304[0m 11.199 ms - -[0m
[AUTH] Token Decoded: { id: 4, userId: '4208' }
[0mGET /api/wallet/history [36m304[0m 7.438 ms - -[0m
[AUTH] Token Decoded: { id: 4, userId: '4208' }
[AUTH] Fetching profile for ID: 4
[DEBUG] Processing profile for sandildilmith12
[0mGET /api/auth/profile [36m304[0m 9.244 ms - -[0m
[AUTH] Token Decoded: { id: 4, userId: '4208' }
[0mGET /api/chat/conversations [32m200[0m 4.356 ms - 1080[0m
[AUTH] Token Decoded: { id: 4, userId: '4208' }
[0mGET /api/wallet/history [36m304[0m 7.390 ms - -[0m
[AUTH] Token Decoded: { id: 4, userId: '4208' }
[AUTH] Fetching profile for ID: 4
[DEBUG] Processing profile for sandildilmith12
[0mGET /api/auth/profile [36m304[0m 9.609 ms - -[0m
[AUTH] Token Decoded: { id: 4, userId: '4208' }
[AUTH] Fetching profile for ID: 4
[AUTH] Token Decoded: { id: 4, userId: '4208' }
[DEBUG] Processing profile for sandildilmith12
[0mGET /api/wallet/history [36m304[0m 7.034 ms - -[0m
[0mGET /api/auth/profile [36m304[0m 15.573 ms - -[0m
[AUTH] Token Decoded: { id: 4, userId: '4208' }
[0mGET /api/wallet/history [36m304[0m 7.373 ms - -[0m
[AUTH] Token Decoded: { id: 4, userId: '4208' }
[AUTH] Fetching profile for ID: 4
[DEBUG] Processing profile for sandildilmith12
[0mGET /api/auth/profile [36m304[0m 8.693 ms - -[0m
[AUTH] Token Decoded: { id: 4, userId: '4208' }
[0mGET /api/wallet/history [36m304[0m 7.664 ms - -[0m
[AUTH] Token Decoded: { id: 4, userId: '4208' }
[AUTH] Fetching profile for ID: 4
[DEBUG] Processing profile for sandildilmith12
[0mGET /api/auth/profile [36m304[0m 9.676 ms - -[0m
[AUTH] Token Decoded: { id: 4, userId: '4208' }
[0mGET /api/ads/my [36m304[0m 9.687 ms - -[0m
[AUTH] Token Decoded: { id: 4, userId: '4208' }
[AUTH] Token Decoded: { id: 4, userId: '4208' }
[AUTH] Fetching profile for ID: 4
[0mGET /api/wallet/history [36m304[0m 8.560 ms - -[0m
[DEBUG] Processing profile for sandildilmith12
[0mGET /api/auth/profile [36m304[0m 12.415 ms - -[0m
[AUTH] Token Decoded: { id: 4, userId: '4208' }
[AUTH] Token Decoded: { id: 4, userId: '4208' }
[AUTH] Fetching profile for ID: 4
[0mGET /api/wallet/history [36m304[0m 9.767 ms - -[0m
[DEBUG] Processing profile for sandildilmith12
[0mGET /api/auth/profile [36m304[0m 12.154 ms - -[0m
[AUTH] Token Decoded: { id: 4, userId: '4208' }
[0mGET /api/wallet/history [36m304[0m 7.799 ms - -[0m
[AUTH] Token Decoded: { id: 4, userId: '4208' }
[AUTH] Fetching profile for ID: 4
[DEBUG] Processing profile for sandildilmith12
[0mGET /api/auth/profile [36m304[0m 9.543 ms - -[0m
[AUTH] Token Decoded: { id: 4, userId: '4208' }
[AUTH] Fetching profile for ID: 4
[DEBUG] Processing profile for sandildilmith12
[0mGET /api/auth/profile [36m304[0m 9.768 ms - -[0m
[AUTH] Token Decoded: { id: 4, userId: '4208' }
[0mGET /api/wallet/history [36m304[0m 7.160 ms - -[0m
[AUTH] Token Decoded: { id: 4, userId: '4208' }
[AUTH] Fetching profile for ID: 4
[AUTH] Token Decoded: { id: 4, userId: '4208' }
[DEBUG] Processing profile for sandildilmith12
[0mGET /api/wallet/history [36m304[0m 7.020 ms - -[0m
[0mGET /api/auth/profile [36m304[0m 14.522 ms - -[0m
[AUTH] Token Decoded: { id: 4, userId: '4208' }
[0mGET /api/chat/conversations [32m200[0m 4.003 ms - 1080[0m
[AUTH] Token Decoded: { id: 4, userId: '4208' }
[0mGET /api/wallet/history [36m304[0m 5.719 ms - -[0m
[AUTH] Token Decoded: { id: 4, userId: '4208' }
[AUTH] Fetching profile for ID: 4
[DEBUG] Processing profile for sandildilmith12
[0mGET /api/auth/profile [36m304[0m 7.886 ms - -[0m
[AUTH] Token Decoded: { id: 4, userId: '4208' }
[0mGET /api/wallet/history [36m304[0m 7.611 ms - -[0m
[AUTH] Token Decoded: { id: 4, userId: '4208' }
[0mGET /api/ads/my [36m304[0m 10.140 ms - -[0m
[AUTH] Token Decoded: { id: 4, userId: '4208' }
[AUTH] Fetching profile for ID: 4
[DEBUG] Processing profile for sandildilmith12
[0mGET /api/auth/profile [36m304[0m 8.820 ms - -[0m
[AUTH] Token Decoded: { id: 4, userId: '4208' }
[AUTH] Fetching profile for ID: 4
[AUTH] Token Decoded: { id: 4, userId: '4208' }
[DEBUG] Processing profile for sandildilmith12
[AUTH] Token Decoded: { id: 4, userId: '4208' }
[0mGET /api/wallet/history [36m304[0m 9.121 ms - -[0m
[0mGET /api/auth/profile [36m304[0m 20.379 ms - -[0m
✅ Connected to PostgreSQL database
[0mGET /api/chat/conversations [32m200[0m 56.974 ms - 1080[0m
[AUTH] Token Decoded: { id: 4, userId: '4208' }
[AUTH] Token Decoded: { id: 4, userId: '4208' }
[AUTH] Fetching profile for ID: 4
[DEBUG] Processing profile for sandildilmith12
[0mGET /api/wallet/history [36m304[0m 11.503 ms - -[0m
[0mGET /api/auth/profile [36m304[0m 11.756 ms - -[0m
[AUTH] Token Decoded: { id: 4, userId: '4208' }
[AUTH] Token Decoded: { id: 4, userId: '4208' }
[AUTH] Fetching profile for ID: 4
[0mGET /api/wallet/history [36m304[0m 9.564 ms - -[0m
[DEBUG] Processing profile for sandildilmith12
[0mGET /api/auth/profile [36m304[0m 17.745 ms - -[0m
[AUTH] Token Decoded: { id: 4, userId: '4208' }
[AUTH] Token Decoded: { id: 4, userId: '4208' }
[AUTH] Fetching profile for ID: 4
[0mGET /api/wallet/history [36m304[0m 9.242 ms - -[0m
[DEBUG] Processing profile for sandildilmith12
[0mGET /api/auth/profile [36m304[0m 11.311 ms - -[0m
[AUTH] Token Decoded: { id: 4, userId: '4208' }
[AUTH] Token Decoded: { id: 4, userId: '4208' }
[AUTH] Fetching profile for ID: 4
[0mGET /api/wallet/history [36m304[0m 8.105 ms - -[0m
[DEBUG] Processing profile for sandildilmith12
[0mGET /api/auth/profile [36m304[0m 11.232 ms - -[0m
[AUTH] Token Decoded: { id: 4, userId: '4208' }
[0mGET /api/ads/my [36m304[0m 10.281 ms - -[0m
[AUTH] Token Decoded: { id: 4, userId: '4208' }
[AUTH] Token Decoded: { id: 4, userId: '4208' }
[AUTH] Fetching profile for ID: 4
[0mGET /api/wallet/history [36m304[0m 8.271 ms - -[0m
[DEBUG] Processing profile for sandildilmith12
[0mGET /api/auth/profile [36m304[0m 10.844 ms - -[0m
[AUTH] Token Decoded: { id: 4, userId: '4208' }
[0mGET /api/chat/conversations [32m200[0m 4.210 ms - 1080[0m
[AUTH] Token Decoded: { id: 4, userId: '4208' }
[AUTH] Fetching profile for ID: 4
[AUTH] Token Decoded: { id: 4, userId: '4208' }
[AUTH] Token Decoded: { id: 4, userId: '4208' }
[AUTH] Fetching profile for ID: 4
[AUTH] Token Decoded: { id: 4, userId: '4208' }
[DEBUG] Processing profile for sandildilmith12
[0mGET /api/wallet/history [36m304[0m 12.093 ms - -[0m
[DEBUG] Processing profile for sandildilmith12
[0mGET /api/auth/profile [36m304[0m 16.276 ms - -[0m
[0mGET /api/auth/profile [36m304[0m 26.333 ms - -[0m
✅ Connected to PostgreSQL database
[0mGET /api/cart [32m200[0m 48.378 ms - 18646[0m
[AUTH] Token Decoded: { id: 4, userId: '4208' }
[0mGET /api/ads/my [36m304[0m 12.260 ms - -[0m
[AUTH] Token Decoded: { id: 4, userId: '4208' }
[0mGET /api/chat/conversations [32m200[0m 11.094 ms - 1080[0m
[AUTH] Token Decoded: { id: 4, userId: '4208' }
[AUTH] Token Decoded: { id: 4, userId: '4208' }
[AUTH] Fetching profile for ID: 4
[DEBUG] Processing profile for sandildilmith12
[0mGET /api/wallet/history [36m304[0m 11.761 ms - -[0m
[0mGET /api/auth/profile [36m304[0m 11.986 ms - -[0m
[AUTH] Token Decoded: { id: 4, userId: '4208' }
[0mGET /api/ads/my [36m304[0m 11.370 ms - -[0m
[AUTH] Token Decoded: { id: 4, userId: '4208' }
[AUTH] Fetching profile for ID: 4
[AUTH] Token Decoded: { id: 4, userId: '4208' }
[DEBUG] Processing profile for sandildilmith12
[0mGET /api/wallet/history [36m304[0m 6.851 ms - -[0m
[0mGET /api/auth/profile [36m304[0m 14.834 ms - -[0m
[AUTH] Token Decoded: { id: 4, userId: '4208' }
[0mGET /api/cart [32m200[0m 5.252 ms - 18646[0m
[AUTH] Token Decoded: { id: 4, userId: '4208' }
[0mGET /api/chat/conversations [32m200[0m 4.649 ms - 1080[0m
[AUTH] Token Decoded: { id: 4, userId: '4208' }
[AUTH] Fetching profile for ID: 4
[DEBUG] Processing profile for sandildilmith12
[0mGET /api/auth/profile [36m304[0m 10.323 ms - -[0m
[AUTH] Token Decoded: { id: 4, userId: '4208' }
[0mGET /api/wallet/history [36m304[0m 7.237 ms - -[0m
[AUTH] Token Decoded: { id: 4, userId: '4208' }
[0mGET /api/chat/conversations [32m200[0m 4.874 ms - 1080[0m
[AUTH] Token Decoded: { id: 4, userId: '4208' }
[0mGET /api/ads/my [36m304[0m 10.031 ms - -[0m
[AUTH] Token Decoded: { id: 4, userId: '4208' }
[AUTH] Token Decoded: { id: 4, userId: '4208' }
[AUTH] Fetching profile for ID: 4
[0mGET /api/wallet/history [36m304[0m 10.572 ms - -[0m
[DEBUG] Processing profile for sandildilmith12
[0mGET /api/auth/profile [36m304[0m 19.153 ms - -[0m
[AUTH] Token Decoded: { id: 4, userId: '4208' }
[AUTH] Fetching profile for ID: 4
[DEBUG] Processing profile for sandildilmith12
[0mGET /api/market/16 [32m200[0m 3.174 ms - 45325[0m
[0mGET /api/auth/profile [36m304[0m 12.418 ms - -[0m
[AUTH] Token Decoded: { id: 4, userId: '4208' }
[0mGET /api/cart [32m200[0m 3.090 ms - 18646[0m
[AUTH] Token Decoded: { id: 4, userId: '4208' }
[AUTH] Token Decoded: { id: 4, userId: '4208' }
[AUTH] Fetching profile for ID: 4
[0mGET /api/wallet/history [36m304[0m 8.403 ms - -[0m
[DEBUG] Processing profile for sandildilmith12
[0mGET /api/auth/profile [36m304[0m 11.260 ms - -[0m
[AUTH] Token Decoded: { id: 4, userId: '4208' }
[0mGET /api/ads/my [36m304[0m 10.092 ms - -[0m
[AUTH] Token Decoded: { id: 4, userId: '4208' }
[AUTH] Fetching profile for ID: 4
[AUTH] Token Decoded: { id: 4, userId: '4208' }
[DEBUG] Processing profile for sandildilmith12
[0mGET /api/wallet/history [36m304[0m 6.904 ms - -[0m
[0mGET /api/auth/profile [36m304[0m 14.951 ms - -[0m
[AUTH] Token Decoded: { id: 4, userId: '4208' }
[0mGET /api/wallet/history [36m304[0m 7.616 ms - -[0m
[AUTH] Token Decoded: { id: 4, userId: '4208' }
[AUTH] Fetching profile for ID: 4
[DEBUG] Processing profile for sandildilmith12
[0mGET /api/auth/profile [36m304[0m 9.479 ms - -[0m
[AUTH] Token Decoded: { id: 4, userId: '4208' }
[0mGET /api/wallet/history [36m304[0m 7.373 ms - -[0m
[AUTH] Token Decoded: { id: 4, userId: '4208' }
[AUTH] Fetching profile for ID: 4
[DEBUG] Processing profile for sandildilmith12
[0mGET /api/auth/profile [36m304[0m 9.170 ms - -[0m
[AUTH] Token Decoded: { id: 4, userId: '4208' }
[0mGET /api/wallet/history [36m304[0m 6.809 ms - -[0m
[AUTH] Token Decoded: { id: 4, userId: '4208' }
[AUTH] Fetching profile for ID: 4
[AUTH] Token Decoded: { id: 4, userId: '4208' }
[DEBUG] Processing profile for sandildilmith12
[0mGET /api/cart [32m200[0m 5.445 ms - 18646[0m
[0mGET /api/auth/profile [36m304[0m 14.465 ms - -[0m
[AUTH] Token Decoded: { id: 4, userId: '4208' }
[0mGET /api/chat/conversations [32m200[0m 4.393 ms - 1080[0m
[AUTH] Token Decoded: { id: 4, userId: '4208' }
[0mGET /api/wallet/history [36m304[0m 7.477 ms - -[0m
[AUTH] Token Decoded: { id: 4, userId: '4208' }
[AUTH] Fetching profile for ID: 4
[DEBUG] Processing profile for sandildilmith12
[0mGET /api/auth/profile [36m304[0m 11.470 ms - -[0m
[AUTH] Token Decoded: { id: 4, userId: '4208' }
[AUTH] Token Decoded: { id: 4, userId: '4208' }
[AUTH] Fetching profile for ID: 4
[0mGET /api/wallet/history [36m304[0m 9.511 ms - -[0m
[DEBUG] Processing profile for sandildilmith12
[AUTH] Token Decoded: { id: 4, userId: '4208' }
[0mGET /api/auth/profile [36m304[0m 14.480 ms - -[0m
[0mGET /api/ads/my [36m304[0m 10.838 ms - -[0m
[AUTH] Token Decoded: { id: 4, userId: '4208' }
[0mGET /api/chat/conversations [32m200[0m 4.648 ms - 1080[0m
[AUTH] Token Decoded: { id: 4, userId: '4208' }
[0mGET /api/wallet/history [36m304[0m 7.150 ms - -[0m
[AUTH] Token Decoded: { id: 4, userId: '4208' }
[AUTH] Fetching profile for ID: 4
[DEBUG] Processing profile for sandildilmith12
[0mGET /api/auth/profile [36m304[0m 9.785 ms - -[0m
[AUTH] Token Decoded: { id: 4, userId: '4208' }
[AUTH] Fetching profile for ID: 4
[DEBUG] Processing profile for sandildilmith12
[0mGET /api/auth/profile [36m304[0m 9.094 ms - -[0m
[AUTH] Token Decoded: { id: 4, userId: '4208' }
[0mGET /api/wallet/history [36m304[0m 5.471 ms - -[0m
[AUTH] Token Decoded: { id: 4, userId: '4208' }
[0mGET /api/wallet/history [36m304[0m 5.689 ms - -[0m
[AUTH] Token Decoded: { id: 4, userId: '4208' }
[0mGET /api/chat/conversations [32m200[0m 4.732 ms - 1080[0m
[AUTH] Token Decoded: { id: 4, userId: '4208' }
[0mGET /api/chat/conversations [32m200[0m 4.479 ms - 1080[0m
[DEBUG] getMarketItems query: SELECT m.id, m.user_id, m.username, m.title, m.description, m.price, m.promo_price, m.category, 
                            m.sub_category, m.manual_category, m.stock, m.image_url, m.status, 
                            m.likes_count, m.comments_count, m.shares_count, m.views_count,
                            m.variants, m.shipping_info, m.commission_info,
                            m.created_at, m.product_code,
                            u.username as owner_username, u.profile_picture,
                            EXISTS(SELECT 1 FROM market_likes ml WHERE ml.market_id = m.id AND ml.user_id = $1) as user_liked
                     FROM market m 
                     INNER JOIN users u ON m.user_id = u.id 
                     WHERE 1=1 AND m.status = ANY($2) ORDER BY m.created_at DESC
[DEBUG] getMarketItems params: [ null, [ 'approved', 'active' ] ]
[AUTH] Token Decoded: { id: 4, userId: '4208' }
[AUTH] Fetching profile for ID: 4
[DEBUG] getMarketItems Result Rows: [
  { id: 21, user_id: 5, status: 'active' },
  { id: 16, user_id: 4, status: 'active' },
  { id: 15, user_id: 4, status: 'active' },
  { id: 10, user_id: 2, status: 'active' }
]
[0mGET /api/market?status=approved [32m200[0m 15.591 ms - 612036[0m
[DEBUG] Processing profile for sandildilmith12
[0mGET /api/auth/profile [36m304[0m 17.375 ms - -[0m
[0mGET /api/auth/user/4/following [36m304[0m 1.532 ms - -[0m
[AUTH] Token Decoded: { id: 4, userId: '4208' }
[AUTH] Token Decoded: { id: 4, userId: '4208' }
[AUTH] Token Decoded: { id: 4, userId: '4208' }
[AUTH] Token Decoded: { id: 4, userId: '4208' }
[AUTH] Token Decoded: { id: 4, userId: '4208' }
[DEBUG] getMarketItems query: SELECT m.id, m.user_id, m.username, m.title, m.description, m.price, m.promo_price, m.category, 
                            m.sub_category, m.manual_category, m.stock, m.image_url, m.status, 
                            m.likes_count, m.comments_count, m.shares_count, m.views_count,
                            m.variants, m.shipping_info, m.commission_info,
                            m.created_at, m.product_code,
                            u.username as owner_username, u.profile_picture,
                            EXISTS(SELECT 1 FROM market_likes ml WHERE ml.market_id = m.id AND ml.user_id = $1) as user_liked
                     FROM market m 
                     INNER JOIN users u ON m.user_id = u.id 
                     WHERE 1=1 AND m.status = ANY($2) ORDER BY m.created_at DESC
[DEBUG] getMarketItems params: [ null, [ 'approved', 'active' ] ]
[AUTH] Token Decoded: { id: 4, userId: '4208' }
✅ Connected to PostgreSQL database
✅ Connected to PostgreSQL database
[0mGET /api/orders/seller?status=processing [32m200[0m 115.084 ms - 26[0m
[DEBUG] getMarketItems Result Rows: [
  { id: 21, user_id: 5, status: 'active' },
  { id: 16, user_id: 4, status: 'active' },
  { id: 15, user_id: 4, status: 'active' },
  { id: 10, user_id: 2, status: 'active' }
]
[0mGET /api/market?status=approved [32m200[0m 117.913 ms - 612036[0m
[0mGET /api/orders/seller?status=pending%2Cprocessing%2Cshipped%2Cdelivered%2Creceived%2Creshipped%2Ccancelled%2Creturned%2Crejected [32m200[0m 139.648 ms - 3175480[0m
✅ Connected to PostgreSQL database
✅ Connected to PostgreSQL database
✅ Connected to PostgreSQL database
[0mGET /api/orders/buyer?status=shipped [32m200[0m 170.287 ms - 26[0m
[0mGET /api/orders/buyer?status=pending%2Cprocessing%2Cshipped%2Cdelivered%2Creceived%2Creshipped%2Ccancelled%2Creturned%2Crejected [32m200[0m 192.266 ms - 2073715[0m
[0mGET /api/orders/buyer?status=processing [32m200[0m 202.341 ms - 26[0m
✅ Connected to PostgreSQL database
[0mGET /api/orders/seller?status=shipped [32m200[0m 371.019 ms - 26[0m
[AUTH] Token Decoded: { id: 4, userId: '4208' }
[0mGET /api/chat/conversations [32m200[0m 4.512 ms - 1080[0m
[AUTH] Token Decoded: { id: 4, userId: '4208' }
[0mGET /api/chat/conversations [32m200[0m 4.492 ms - 1080[0m
[AUTH] Token Decoded: { id: 4, userId: '4208' }
[0mGET /api/chat/conversations [32m200[0m 4.651 ms - 1080[0m
[AUTH] Token Decoded: { id: 4, userId: '4208' }
[0mGET /api/chat/conversations [32m200[0m 4.756 ms - 1080[0m
[AUTH] Token Decoded: { id: 4, userId: '4208' }
[0mGET /api/chat/conversations [32m200[0m 4.821 ms - 1080[0m
[AUTH] Token Decoded: { id: 4, userId: '4208' }
[0mGET /api/chat/conversations [32m200[0m 4.470 ms - 1080[0m
[DEBUG] getMarketItems query: SELECT m.id, m.user_id, m.username, m.title, m.description, m.price, m.promo_price, m.category, 
                            m.sub_category, m.manual_category, m.stock, m.image_url, m.status, 
                            m.likes_count, m.comments_count, m.shares_count, m.views_count,
                            m.variants, m.shipping_info, m.commission_info,
                            m.created_at, m.product_code,
                            u.username as owner_username, u.profile_picture,
                            EXISTS(SELECT 1 FROM market_likes ml WHERE ml.market_id = m.id AND ml.user_id = $1) as user_liked
                     FROM market m 
                     INNER JOIN users u ON m.user_id = u.id 
                     WHERE 1=1 AND m.user_id = $2 AND m.status = ANY($3) ORDER BY m.created_at DESC
[DEBUG] getMarketItems params: [ null, 4, [ 'approved', 'active' ] ]
[DEBUG] getMarketItems Result Rows: [
  { id: 16, user_id: 4, status: 'active' },
  { id: 15, user_id: 4, status: 'active' }
]
[0mGET /api/market?user_id=4&status=approved [36m304[0m 10.433 ms - -[0m
[AUTH] Token Decoded: { id: 4, userId: '4208' }
[0mGET /api/chat/conversations [32m200[0m 4.486 ms - 1080[0m
[AUTH] Token Decoded: { id: 4, userId: '4208' }
[0mGET /api/chat/conversations [32m200[0m 4.402 ms - 1080[0m
[AUTH] Token Decoded: { id: 4, userId: '4208' }
[0mGET /api/orders/buyer?status=pending%2Cprocessing%2Cshipped%2Cdelivered%2Creceived%2Creshipped%2Ccancelled%2Creturned%2Crejected [32m200[0m 20.602 ms - 2073715[0m
[AUTH] Token Decoded: { id: 4, userId: '4208' }
[0mGET /api/chat/conversations [32m200[0m 4.689 ms - 1080[0m
[AUTH] Token Decoded: { id: 4, userId: '4208' }
[0mGET /api/chat/conversations [32m200[0m 4.642 ms - 1080[0m
[AUTH] Token Decoded: { id: 4, userId: '4208' }
[AUTH] Fetching profile for ID: 4
[DEBUG] Processing profile for sandildilmith12
[0mGET /api/auth/profile [36m304[0m 9.358 ms - -[0m
[0mGET /api/market/16 [36m304[0m 1.580 ms - -[0m
[AUTH] Token Decoded: { id: 4, userId: '4208' }
[0mGET /api/cart [32m200[0m 3.229 ms - 18646[0m
[0mPOST /api/auth/login [32m200[0m 91.029 ms - 1347[0m
[AUTH] Token Decoded: { id: 4, userId: '4208' }
[0mGET /api/cart [32m200[0m 3.455 ms - 18646[0m
[AUTH] Token Decoded: { id: 4, userId: '4208' }
[0mGET /api/chat/conversations [32m200[0m 4.210 ms - 1080[0m
[AUTH] Token Decoded: { id: 4, userId: '4208' }
[0mGET /api/chat/conversations [32m200[0m 4.748 ms - 1080[0m
[AUTH] Token Decoded: { id: 5, userId: '4607' }
[AUTH] Fetching profile for ID: 5
[DEBUG] Processing profile for goog
[0mGET /api/auth/profile [32m200[0m 9.824 ms - 1178[0m
[AUTH] Token Decoded: { id: 5, userId: '4607' }
[0mGET /api/chat/conversations [32m200[0m 4.236 ms - 27101[0m
[AUTH] Token Decoded: { id: 4, userId: '4208' }
[AUTH] Fetching profile for ID: 4
[DEBUG] Processing profile for sandildilmith12
[0mGET /api/auth/profile [36m304[0m 9.355 ms - -[0m
[AUTH] Token Decoded: { id: 4, userId: '4208' }
[0mGET /api/chat/conversations [32m200[0m 5.063 ms - 1080[0m
[AUTH] Token Decoded: { id: 5, userId: '4607' }
[0mGET /api/chat/conversations [32m200[0m 4.757 ms - 27101[0m
[AUTH] Token Decoded: { id: 4, userId: '4208' }
[0mGET /api/chat/conversations [32m200[0m 4.612 ms - 1080[0m
[AUTH] Token Decoded: { id: 5, userId: '4607' }
[0mGET /api/chat/conversations [32m200[0m 4.295 ms - 27101[0m
[DEBUG] getMarketItems query: SELECT m.id, m.user_id, m.username, m.title, m.description, m.price, m.promo_price, m.category, 
                            m.sub_category, m.manual_category, m.stock, m.image_url, m.status, 
                            m.likes_count, m.comments_count, m.shares_count, m.views_count,
                            m.variants, m.shipping_info, m.commission_info,
                            m.created_at, m.product_code,
                            u.username as owner_username, u.profile_picture,
                            EXISTS(SELECT 1 FROM market_likes ml WHERE ml.market_id = m.id AND ml.user_id = $1) as user_liked
                     FROM market m 
                     INNER JOIN users u ON m.user_id = u.id 
                     WHERE 1=1 AND m.status = ANY($2) ORDER BY m.created_at DESC
[DEBUG] getMarketItems params: [ null, [ 'approved', 'active' ] ]
[DEBUG] getMarketItems Result Rows: [
  { id: 21, user_id: 5, status: 'active' },
  { id: 16, user_id: 4, status: 'active' },
  { id: 15, user_id: 4, status: 'active' },
  { id: 10, user_id: 2, status: 'active' }
]
[0mGET /api/market?status=approved [32m200[0m 12.145 ms - 612036[0m
[AUTH] Token Decoded: { id: 5, userId: '4607' }
[AUTH] Fetching profile for ID: 5
[DEBUG] Processing profile for goog
[0mGET /api/auth/profile [36m304[0m 9.113 ms - -[0m
[0mGET /api/auth/user/5/following [32m200[0m 1.770 ms - 27223[0m
[AUTH] Token Decoded: { id: 5, userId: '4607' }
[DEBUG] getMarketItems query: SELECT m.id, m.user_id, m.username, m.title, m.description, m.price, m.promo_price, m.category, 
                            m.sub_category, m.manual_category, m.stock, m.image_url, m.status, 
                            m.likes_count, m.comments_count, m.shares_count, m.views_count,
                            m.variants, m.shipping_info, m.commission_info,
                            m.created_at, m.product_code,
                            u.username as owner_username, u.profile_picture,
                            EXISTS(SELECT 1 FROM market_likes ml WHERE ml.market_id = m.id AND ml.user_id = $1) as user_liked
                     FROM market m 
                     INNER JOIN users u ON m.user_id = u.id 
                     WHERE 1=1 AND m.status = ANY($2) ORDER BY m.created_at DESC
[DEBUG] getMarketItems params: [ null, [ 'approved', 'active' ] ]
[AUTH] Token Decoded: { id: 5, userId: '4607' }
[AUTH] Token Decoded: { id: 5, userId: '4607' }
[AUTH] Token Decoded: { id: 5, userId: '4607' }
[AUTH] Token Decoded: { id: 5, userId: '4607' }
[DEBUG] getMarketItems Result Rows: [
  { id: 21, user_id: 5, status: 'active' },
  { id: 16, user_id: 4, status: 'active' },
  { id: 15, user_id: 4, status: 'active' },
  { id: 10, user_id: 2, status: 'active' }
]
[0mGET /api/market?status=approved [32m200[0m 23.997 ms - 612036[0m
[AUTH] Token Decoded: { id: 5, userId: '4607' }
✅ Connected to PostgreSQL database
✅ Connected to PostgreSQL database
✅ Connected to PostgreSQL database
✅ Connected to PostgreSQL database
[0mGET /api/orders/buyer?status=pending%2Cprocessing%2Cshipped%2Cdelivered%2Creceived%2Creshipped%2Ccancelled%2Creturned%2Crejected [32m200[0m 174.266 ms - 2096479[0m
[0mGET /api/orders/buyer?status=processing [32m200[0m 165.310 ms - 26[0m
✅ Connected to PostgreSQL database
✅ Connected to PostgreSQL database
[0mGET /api/orders/seller?status=pending%2Cprocessing%2Cshipped%2Cdelivered%2Creceived%2Creshipped%2Ccancelled%2Creturned%2Crejected [32m200[0m 210.304 ms - 26[0m
[0mGET /api/orders/buyer?status=shipped [32m200[0m 215.556 ms - 26[0m
✅ Connected to PostgreSQL database
✅ Connected to PostgreSQL database
[0mGET /api/orders/seller?status=processing [32m200[0m 239.843 ms - 26[0m
[0mGET /api/orders/seller?status=shipped [32m200[0m 234.017 ms - 26[0m
[AUTH] Token Decoded: { id: 4, userId: '4208' }
[0mGET /api/chat/conversations [32m200[0m 11.227 ms - 1080[0m
[AUTH] Token Decoded: { id: 5, userId: '4607' }
[0mGET /api/chat/conversations [32m200[0m 4.855 ms - 27101[0m
[AUTH] Token Decoded: { id: 4, userId: '4208' }
[0mGET /api/chat/conversations [32m200[0m 4.659 ms - 1080[0m
[AUTH] Token Decoded: { id: 5, userId: '4607' }
[0mGET /api/chat/conversations [32m200[0m 4.564 ms - 27101[0m
[AUTH] Token Decoded: { id: 4, userId: '4208' }
[0mGET /api/chat/conversations [32m200[0m 4.158 ms - 1080[0m
[0mPOST /api/market/16/view [32m200[0m 9.090 ms - 35[0m
[AUTH] Token Decoded: { id: 5, userId: '4607' }
[0mGET /api/chat/conversations [32m200[0m 4.733 ms - 27101[0m
[AUTH] Token Decoded: { id: 4, userId: '4208' }
[0mGET /api/chat/conversations [32m200[0m 4.406 ms - 1080[0m
[AUTH] Token Decoded: { id: 5, userId: '4607' }
[0mGET /api/chat/conversations [32m200[0m 4.659 ms - 27101[0m
[AUTH] Token Decoded: { id: 4, userId: '4208' }
[0mGET /api/chat/conversations [32m200[0m 3.991 ms - 1080[0m
[AUTH] Token Decoded: { id: 5, userId: '4607' }
[0mGET /api/chat/conversations [32m200[0m 4.546 ms - 27101[0m
[AUTH] Token Decoded: { id: 4, userId: '4208' }
[0mGET /api/chat/conversations [32m200[0m 4.577 ms - 1080[0m
[AUTH] Token Decoded: { id: 5, userId: '4607' }
[0mGET /api/chat/conversations [32m200[0m 4.737 ms - 27101[0m
[AUTH] Token Decoded: { id: 4, userId: '4208' }
[0mGET /api/chat/conversations [32m200[0m 4.108 ms - 1080[0m
[AUTH] Token Decoded: { id: 5, userId: '4607' }
[0mGET /api/chat/conversations [32m200[0m 4.525 ms - 27101[0m
[AUTH] Token Decoded: { id: 4, userId: '4208' }
[0mGET /api/chat/conversations [32m200[0m 4.080 ms - 1080[0m
[AUTH] Token Decoded: { id: 5, userId: '4607' }
[0mGET /api/chat/conversations [32m200[0m 8.897 ms - 27101[0m
[AUTH] Token Decoded: { id: 4, userId: '4208' }
[AUTH] Fetching profile for ID: 4
[DEBUG] Processing profile for sandildilmith12
[DEBUG] getMarketItems query: SELECT m.id, m.user_id, m.username, m.title, m.description, m.price, m.promo_price, m.category, 
                            m.sub_category, m.manual_category, m.stock, m.image_url, m.status, 
                            m.likes_count, m.comments_count, m.shares_count, m.views_count,
                            m.variants, m.shipping_info, m.commission_info,
                            m.created_at, m.product_code,
                            u.username as owner_username, u.profile_picture,
                            EXISTS(SELECT 1 FROM market_likes ml WHERE ml.market_id = m.id AND ml.user_id = $1) as user_liked
                     FROM market m 
                     INNER JOIN users u ON m.user_id = u.id 
                     WHERE 1=1 AND m.status = ANY($2) ORDER BY m.created_at DESC
[DEBUG] getMarketItems params: [ null, [ 'approved', 'active' ] ]
[0mGET /api/auth/profile [36m304[0m 18.456 ms - -[0m
✅ Connected to PostgreSQL database
[DEBUG] getMarketItems Result Rows: [
  { id: 21, user_id: 5, status: 'active' },
  { id: 16, user_id: 4, status: 'active' },
  { id: 15, user_id: 4, status: 'active' },
  { id: 10, user_id: 2, status: 'active' }
]
[0mGET /api/market?status=approved [32m200[0m 72.345 ms - 612036[0m
[AUTH] Token Decoded: { id: 4, userId: '4208' }
[0mGET /api/chat/conversations [32m200[0m 8.408 ms - 1080[0m
[AUTH] Token Decoded: { id: 5, userId: '4607' }
[0mGET /api/chat/conversations [32m200[0m 4.620 ms - 27101[0m
[0mGET /api/auth/user/4/following [36m304[0m 3.825 ms - -[0m
[AUTH] Token Decoded: { id: 4, userId: '4208' }
[AUTH] Token Decoded: { id: 4, userId: '4208' }
[DEBUG] getMarketItems query: SELECT m.id, m.user_id, m.username, m.title, m.description, m.price, m.promo_price, m.category, 
                            m.sub_category, m.manual_category, m.stock, m.image_url, m.status, 
                            m.likes_count, m.comments_count, m.shares_count, m.views_count,
                            m.variants, m.shipping_info, m.commission_info,
                            m.created_at, m.product_code,
                            u.username as owner_username, u.profile_picture,
                            EXISTS(SELECT 1 FROM market_likes ml WHERE ml.market_id = m.id AND ml.user_id = $1) as user_liked
                     FROM market m 
                     INNER JOIN users u ON m.user_id = u.id 
                     WHERE 1=1 AND m.status = ANY($2) ORDER BY m.created_at DESC
[DEBUG] getMarketItems params: [ null, [ 'approved', 'active' ] ]
[AUTH] Token Decoded: { id: 4, userId: '4208' }
[AUTH] Token Decoded: { id: 4, userId: '4208' }
[AUTH] Token Decoded: { id: 4, userId: '4208' }
[AUTH] Token Decoded: { id: 4, userId: '4208' }
✅ Connected to PostgreSQL database
✅ Connected to PostgreSQL database
[0mGET /api/orders/buyer?status=processing [32m200[0m 85.826 ms - 26[0m
[DEBUG] getMarketItems Result Rows: [
  { id: 21, user_id: 5, status: 'active' },
  { id: 16, user_id: 4, status: 'active' },
  { id: 15, user_id: 4, status: 'active' },
  { id: 10, user_id: 2, status: 'active' }
]
[0mGET /api/market?status=approved [36m304[0m 88.961 ms - -[0m
✅ Connected to PostgreSQL database
[0mGET /api/orders/seller?status=pending%2Cprocessing%2Cshipped%2Cdelivered%2Creceived%2Creshipped%2Ccancelled%2Creturned%2Crejected [32m200[0m 122.928 ms - 3175478[0m
✅ Connected to PostgreSQL database
✅ Connected to PostgreSQL database
[0mGET /api/orders/seller?status=shipped [32m200[0m 151.313 ms - 26[0m
✅ Connected to PostgreSQL database
[0mGET /api/orders/seller?status=processing [32m200[0m 201.835 ms - 26[0m
[0mGET /api/orders/buyer?status=shipped [32m200[0m 227.682 ms - 26[0m
✅ Connected to PostgreSQL database
[0mGET /api/orders/buyer?status=pending%2Cprocessing%2Cshipped%2Cdelivered%2Creceived%2Creshipped%2Ccancelled%2Creturned%2Crejected [32m200[0m 220.138 ms - 2073715[0m
[DEBUG] getMarketItems query: SELECT m.id, m.user_id, m.username, m.title, m.description, m.price, m.promo_price, m.category, 
                            m.sub_category, m.manual_category, m.stock, m.image_url, m.status, 
                            m.likes_count, m.comments_count, m.shares_count, m.views_count,
                            m.variants, m.shipping_info, m.commission_info,
                            m.created_at, m.product_code,
                            u.username as owner_username, u.profile_picture,
                            EXISTS(SELECT 1 FROM market_likes ml WHERE ml.market_id = m.id AND ml.user_id = $1) as user_liked
                     FROM market m 
                     INNER JOIN users u ON m.user_id = u.id 
                     WHERE 1=1 AND m.user_id = $2 AND m.status = ANY($3) ORDER BY m.created_at DESC
[DEBUG] getMarketItems params: [ null, 4, [ 'approved', 'active' ] ]
[DEBUG] getMarketItems Result Rows: [
  { id: 16, user_id: 4, status: 'active' },
  { id: 15, user_id: 4, status: 'active' }
]
[0mGET /api/market?user_id=4&status=approved [32m200[0m 16.815 ms - 401587[0m
[AUTH] Token Decoded: { id: 4, userId: '4208' }
[0mGET /api/chat/conversations [32m200[0m 12.899 ms - 1080[0m
[AUTH] Token Decoded: { id: 5, userId: '4607' }
[0mGET /api/chat/conversations [32m200[0m 4.692 ms - 27101[0m
[0mGET /api/market/21/comments [32m200[0m 3.300 ms - 26[0m
[0mPOST /api/market/21/view [32m200[0m 6.850 ms - 35[0m
[AUTH] Token Decoded: { id: 4, userId: '4208' }
[0mGET /api/orders/seller?status=pending%2Cprocessing%2Cshipped%2Cdelivered%2Creceived%2Creshipped%2Ccancelled%2Creturned%2Crejected [32m200[0m 24.869 ms - 3175478[0m
[DEBUG] getMarketItems query: SELECT m.id, m.user_id, m.username, m.title, m.description, m.price, m.promo_price, m.category, 
                            m.sub_category, m.manual_category, m.stock, m.image_url, m.status, 
                            m.likes_count, m.comments_count, m.shares_count, m.views_count,
                            m.variants, m.shipping_info, m.commission_info,
                            m.created_at, m.product_code,
                            u.username as owner_username, u.profile_picture,
                            EXISTS(SELECT 1 FROM market_likes ml WHERE ml.market_id = m.id AND ml.user_id = $1) as user_liked
                     FROM market m 
                     INNER JOIN users u ON m.user_id = u.id 
                     WHERE 1=1 AND m.user_id = $2 AND m.status = ANY($3) ORDER BY m.created_at DESC
[DEBUG] getMarketItems params: [ null, 4, [ 'reviewing', 'rejected' ] ]
[DEBUG] getMarketItems Result Rows: [
  { id: 22, user_id: 4, status: 'reviewing' },
  { id: 19, user_id: 4, status: 'reviewing' },
  { id: 17, user_id: 4, status: 'reviewing' }
]
[0mGET /api/market?user_id=4&status=reviewing%2Crejected [32m200[0m 22.807 ms - 1992465[0m
[AUTH] Token Decoded: { id: 4, userId: '4208' }
[0mGET /api/chat/conversations [32m200[0m 4.553 ms - 1080[0m
[AUTH] Token Decoded: { id: 5, userId: '4607' }
[0mGET /api/chat/conversations [32m200[0m 4.672 ms - 27101[0m
[DEBUG] getMarketItems query: SELECT m.id, m.user_id, m.username, m.title, m.description, m.price, m.promo_price, m.category, 
                            m.sub_category, m.manual_category, m.stock, m.image_url, m.status, 
                            m.likes_count, m.comments_count, m.shares_count, m.views_count,
                            m.variants, m.shipping_info, m.commission_info,
                            m.created_at, m.product_code,
                            u.username as owner_username, u.profile_picture,
                            EXISTS(SELECT 1 FROM market_likes ml WHERE ml.market_id = m.id AND ml.user_id = $1) as user_liked
                     FROM market m 
                     INNER JOIN users u ON m.user_id = u.id 
                     WHERE 1=1 AND m.user_id = $2 AND m.status = ANY($3) ORDER BY m.created_at DESC
[DEBUG] getMarketItems params: [ null, 4, [ 'approved', 'active' ] ]
[DEBUG] getMarketItems Result Rows: [
  { id: 16, user_id: 4, status: 'active' },
  { id: 15, user_id: 4, status: 'active' }
]
[0mGET /api/market?user_id=4&status=approved [36m304[0m 10.642 ms - -[0m
[AUTH] Token Decoded: { id: 4, userId: '4208' }
[0mGET /api/orders/buyer?status=pending%2Cprocessing%2Cshipped%2Cdelivered%2Creceived%2Creshipped%2Ccancelled%2Creturned%2Crejected [32m200[0m 16.419 ms - 2073715[0m
[AUTH] Token Decoded: { id: 4, userId: '4208' }
[0mGET /api/chat/conversations [32m200[0m 4.711 ms - 1080[0m
[AUTH] Token Decoded: { id: 5, userId: '4607' }
[0mGET /api/chat/conversations [32m200[0m 4.771 ms - 27101[0m
[AUTH] Token Decoded: { id: 4, userId: '4208' }
[0mGET /api/chat/conversations [32m200[0m 4.586 ms - 1080[0m
[AUTH] Token Decoded: { id: 5, userId: '4607' }
[0mGET /api/chat/conversations [32m200[0m 4.731 ms - 27101[0m
[DEBUG] getMarketItems query: SELECT m.id, m.user_id, m.username, m.title, m.description, m.price, m.promo_price, m.category, 
                            m.sub_category, m.manual_category, m.stock, m.image_url, m.status, 
                            m.likes_count, m.comments_count, m.shares_count, m.views_count,
                            m.variants, m.shipping_info, m.commission_info,
                            m.created_at, m.product_code,
                            u.username as owner_username, u.profile_picture,
                            EXISTS(SELECT 1 FROM market_likes ml WHERE ml.market_id = m.id AND ml.user_id = $1) as user_liked
                     FROM market m 
                     INNER JOIN users u ON m.user_id = u.id 
                     WHERE 1=1 AND m.status = ANY($2) ORDER BY m.created_at DESC
[DEBUG] getMarketItems params: [ null, [ 'approved', 'active' ] ]
[AUTH] Token Decoded: { id: 5, userId: '4607' }
[AUTH] Fetching profile for ID: 5
[DEBUG] getMarketItems Result Rows: [
  { id: 21, user_id: 5, status: 'active' },
  { id: 16, user_id: 4, status: 'active' },
  { id: 15, user_id: 4, status: 'active' },
  { id: 10, user_id: 2, status: 'active' }
]
[0mGET /api/market?status=approved [32m200[0m 15.406 ms - 612036[0m
[DEBUG] Processing profile for goog
[0mGET /api/auth/profile [36m304[0m 22.484 ms - -[0m
[DEBUG] getMarketItems query: SELECT m.id, m.user_id, m.username, m.title, m.description, m.price, m.promo_price, m.category, 
                            m.sub_category, m.manual_category, m.stock, m.image_url, m.status, 
                            m.likes_count, m.comments_count, m.shares_count, m.views_count,
                            m.variants, m.shipping_info, m.commission_info,
                            m.created_at, m.product_code,
                            u.username as owner_username, u.profile_picture,
                            EXISTS(SELECT 1 FROM market_likes ml WHERE ml.market_id = m.id AND ml.user_id = $1) as user_liked
                     FROM market m 
                     INNER JOIN users u ON m.user_id = u.id 
                     WHERE 1=1 AND m.user_id = $2 AND m.status = ANY($3) ORDER BY m.created_at DESC
[DEBUG] getMarketItems params: [ null, 4, [ 'approved', 'active' ] ]
[DEBUG] getMarketItems Result Rows: [
  { id: 16, user_id: 4, status: 'active' },
  { id: 15, user_id: 4, status: 'active' }
]
[0mGET /api/market?user_id=4&status=approved [36m304[0m 10.836 ms - -[0m
[0mGET /api/auth/user/5/following [36m304[0m 1.413 ms - -[0m
[AUTH] Token Decoded: { id: 5, userId: '4607' }
[0mGET /api/orders/buyer?status=pending%2Cprocessing%2Cshipped%2Cdelivered%2Creceived%2Creshipped%2Ccancelled%2Creturned%2Crejected [32m200[0m 16.941 ms - 2096479[0m
[AUTH] Token Decoded: { id: 5, userId: '4607' }
[DEBUG] getMarketItems query: SELECT m.id, m.user_id, m.username, m.title, m.description, m.price, m.promo_price, m.category, 
                            m.sub_category, m.manual_category, m.stock, m.image_url, m.status, 
                            m.likes_count, m.comments_count, m.shares_count, m.views_count,
                            m.variants, m.shipping_info, m.commission_info,
                            m.created_at, m.product_code,
                            u.username as owner_username, u.profile_picture,
                            EXISTS(SELECT 1 FROM market_likes ml WHERE ml.market_id = m.id AND ml.user_id = $1) as user_liked
                     FROM market m 
                     INNER JOIN users u ON m.user_id = u.id 
                     WHERE 1=1 AND m.status = ANY($2) ORDER BY m.created_at DESC
[DEBUG] getMarketItems params: [ null, [ 'approved', 'active' ] ]
[AUTH] Token Decoded: { id: 5, userId: '4607' }
[DEBUG] getMarketItems Result Rows: [
  { id: 21, user_id: 5, status: 'active' },
  { id: 16, user_id: 4, status: 'active' },
  { id: 15, user_id: 4, status: 'active' },
  { id: 10, user_id: 2, status: 'active' }
]
[0mGET /api/market?status=approved [32m200[0m 12.882 ms - 612036[0m
[AUTH] Token Decoded: { id: 5, userId: '4607' }
[AUTH] Token Decoded: { id: 5, userId: '4607' }
[0mGET /api/orders/buyer?status=shipped [32m200[0m 24.719 ms - 26[0m
[0mGET /api/orders/seller?status=processing [32m200[0m 20.108 ms - 26[0m
[0mGET /api/orders/buyer?status=processing [32m200[0m 11.375 ms - 26[0m
[0mGET /api/orders/seller?status=shipped [32m200[0m 11.165 ms - 26[0m
[AUTH] Token Decoded: { id: 5, userId: '4607' }
[0mGET /api/orders/seller?status=pending%2Cprocessing%2Cshipped%2Cdelivered%2Creceived%2Creshipped%2Ccancelled%2Creturned%2Crejected [32m200[0m 5.399 ms - 26[0m
[AUTH] Token Decoded: { id: 4, userId: '4208' }
[0mGET /api/chat/conversations [32m200[0m 8.415 ms - 1080[0m
[AUTH] Token Decoded: { id: 5, userId: '4607' }
[0mGET /api/chat/conversations [32m200[0m 4.926 ms - 27101[0m
[AUTH] Token Decoded: { id: 5, userId: '4607' }
[AUTH] Fetching profile for ID: 5
[DEBUG] Processing profile for goog
[0mGET /api/auth/profile [36m304[0m 14.313 ms - -[0m
[DEBUG] getMarketItems query: SELECT m.id, m.user_id, m.username, m.title, m.description, m.price, m.promo_price, m.category, 
                            m.sub_category, m.manual_category, m.stock, m.image_url, m.status, 
                            m.likes_count, m.comments_count, m.shares_count, m.views_count,
                            m.variants, m.shipping_info, m.commission_info,
                            m.created_at, m.product_code,
                            u.username as owner_username, u.profile_picture,
                            EXISTS(SELECT 1 FROM market_likes ml WHERE ml.market_id = m.id AND ml.user_id = $1) as user_liked
                     FROM market m 
                     INNER JOIN users u ON m.user_id = u.id 
                     WHERE 1=1 AND m.user_id = $2 AND m.status = ANY($3) ORDER BY m.created_at DESC
[DEBUG] getMarketItems params: [ null, 5, [ 'active', 'approved' ] ]
[DEBUG] getMarketItems Result Rows: [ { id: 21, user_id: 5, status: 'active' } ]
[0mGET /api/market?user_id=5&status=active%2Capproved [32m200[0m 9.809 ms - 60497[0m
[AUTH] Token Decoded: { id: 4, userId: '4208' }
[0mGET /api/chat/conversations [32m200[0m 4.439 ms - 1080[0m
[0mGET /api/auth/user/5/views [32m200[0m 0.974 ms - 38[0m
[0mGET /api/auth/user/5/subscription [32m200[0m 1.896 ms - 56[0m
[AUTH] Token Decoded: { id: 5, userId: '4607' }
[0mGET /api/chat/conversations [32m200[0m 4.813 ms - 27101[0m
[AUTH] Token Decoded: { id: 4, userId: '4208' }
[0mGET /api/chat/conversations [32m200[0m 5.395 ms - 1080[0m
[AUTH] Token Decoded: { id: 5, userId: '4607' }
[0mGET /api/chat/conversations [32m200[0m 4.692 ms - 27101[0m
[AUTH] Token Decoded: { id: 4, userId: '4208' }
[0mGET /api/chat/conversations [32m200[0m 5.040 ms - 1080[0m
[AUTH] Token Decoded: { id: 5, userId: '4607' }
[0mGET /api/chat/conversations [32m200[0m 4.536 ms - 27101[0m
[AUTH] Token Decoded: { id: 4, userId: '4208' }
[0mGET /api/chat/conversations [32m200[0m 5.049 ms - 1080[0m
[AUTH] Token Decoded: { id: 5, userId: '4607' }
[0mGET /api/chat/conversations [32m200[0m 4.520 ms - 27101[0m
[AUTH] Token Decoded: { id: 4, userId: '4208' }
[0mGET /api/chat/conversations [32m200[0m 4.439 ms - 1080[0m
[AUTH] Token Decoded: { id: 5, userId: '4607' }
[0mGET /api/chat/conversations [32m200[0m 4.692 ms - 27101[0m
[AUTH] Token Decoded: { id: 4, userId: '4208' }
[0mGET /api/chat/conversations [32m200[0m 4.800 ms - 1080[0m
[AUTH] Token Decoded: { id: 5, userId: '4607' }
[0mGET /api/chat/conversations [32m200[0m 4.705 ms - 27101[0m
[AUTH] Token Decoded: { id: 4, userId: '4208' }
[0mGET /api/chat/conversations [32m200[0m 4.639 ms - 1080[0m
[AUTH] Token Decoded: { id: 5, userId: '4607' }
[0mGET /api/chat/conversations [32m200[0m 4.896 ms - 27101[0m
[AUTH] Token Decoded: { id: 5, userId: '4607' }
[0mPOST /api/auth/user/5/subscribe [32m200[0m 7.300 ms - 57[0m
[AUTH] Token Decoded: { id: 5, userId: '4607' }
[0mPOST /api/auth/user/5/subscribe [32m200[0m 9.349 ms - 56[0m
[AUTH] Token Decoded: { id: 4, userId: '4208' }
[0mGET /api/chat/conversations [32m200[0m 4.695 ms - 1080[0m
[AUTH] Token Decoded: { id: 5, userId: '4607' }
[0mGET /api/chat/conversations [32m200[0m 4.604 ms - 27101[0m
[AUTH] Token Decoded: { id: 5, userId: '4607' }
[0mPOST /api/auth/user/5/subscribe [32m200[0m 5.958 ms - 57[0m
[AUTH] Token Decoded: { id: 5, userId: '4607' }
[0mPOST /api/auth/user/5/subscribe [32m200[0m 5.536 ms - 56[0m
[AUTH] Token Decoded: { id: 4, userId: '4208' }
[0mGET /api/chat/conversations [32m200[0m 4.648 ms - 1080[0m
[AUTH] Token Decoded: { id: 5, userId: '4607' }
[0mGET /api/chat/conversations [32m200[0m 4.615 ms - 27101[0m
[AUTH] Token Decoded: { id: 4, userId: '4208' }
[0mGET /api/chat/conversations [32m200[0m 4.607 ms - 1080[0m
[AUTH] Token Decoded: { id: 5, userId: '4607' }
[0mGET /api/chat/conversations [32m200[0m 4.928 ms - 27101[0m
[AUTH] Token Decoded: { id: 4, userId: '4208' }
[0mGET /api/chat/conversations [32m200[0m 4.769 ms - 1080[0m
[AUTH] Token Decoded: { id: 5, userId: '4607' }
[0mGET /api/chat/conversations [32m200[0m 3.789 ms - 27101[0m
[AUTH] Token Decoded: { id: 4, userId: '4208' }
[0mGET /api/chat/conversations [32m200[0m 4.530 ms - 1080[0m
[AUTH] Token Decoded: { id: 5, userId: '4607' }
[0mGET /api/chat/conversations [32m200[0m 4.632 ms - 27101[0m
[AUTH] Token Decoded: { id: 4, userId: '4208' }
[0mGET /api/chat/conversations [32m200[0m 4.579 ms - 1080[0m
[AUTH] Token Decoded: { id: 5, userId: '4607' }
[0mGET /api/chat/conversations [32m200[0m 4.776 ms - 27101[0m
[AUTH] Token Decoded: { id: 4, userId: '4208' }
[0mGET /api/chat/conversations [32m200[0m 4.715 ms - 1080[0m
[AUTH] Token Decoded: { id: 5, userId: '4607' }
[0mGET /api/chat/conversations [32m200[0m 4.834 ms - 27101[0m
[AUTH] Token Decoded: { id: 5, userId: '4607' }
[AUTH] Fetching profile for ID: 5
[DEBUG] Processing profile for goog
[0mGET /api/auth/profile [36m304[0m 8.987 ms - -[0m
[AUTH] Token Decoded: { id: 4, userId: '4208' }
[0mGET /api/chat/conversations [32m200[0m 4.559 ms - 1080[0m
[AUTH] Token Decoded: { id: 5, userId: '4607' }
[0mGET /api/chat/conversations [32m200[0m 4.454 ms - 27101[0m
[AUTH] Token Decoded: { id: 4, userId: '4208' }
[0mGET /api/chat/conversations [32m200[0m 4.180 ms - 1080[0m
[AUTH] Token Decoded: { id: 5, userId: '4607' }
[0mGET /api/chat/conversations [32m200[0m 4.108 ms - 27101[0m
[AUTH] Token Decoded: { id: 4, userId: '4208' }
[0mGET /api/chat/conversations [32m200[0m 4.741 ms - 1080[0m
[AUTH] Token Decoded: { id: 5, userId: '4607' }
[0mGET /api/chat/conversations [32m200[0m 4.713 ms - 27101[0m
[AUTH] Token Decoded: { id: 4, userId: '4208' }
[0mGET /api/chat/conversations [32m200[0m 4.145 ms - 1080[0m
[AUTH] Token Decoded: { id: 5, userId: '4607' }
[0mGET /api/chat/conversations [32m200[0m 4.629 ms - 27101[0m
[AUTH] Token Decoded: { id: 4, userId: '4208' }
[0mGET /api/chat/conversations [32m200[0m 4.564 ms - 1080[0m
[AUTH] Token Decoded: { id: 5, userId: '4607' }
[0mGET /api/chat/conversations [32m200[0m 4.858 ms - 27101[0m
[AUTH] Token Decoded: { id: 4, userId: '4208' }
[0mGET /api/chat/conversations [32m200[0m 4.888 ms - 1080[0m
[AUTH] Token Decoded: { id: 5, userId: '4607' }
[0mGET /api/chat/conversations [32m200[0m 4.532 ms - 27101[0m
[AUTH] Token Decoded: { id: 4, userId: '4208' }
[0mGET /api/chat/conversations [32m200[0m 4.184 ms - 1080[0m
[AUTH] Token Decoded: { id: 5, userId: '4607' }
[0mGET /api/chat/conversations [32m200[0m 4.579 ms - 27101[0m
[AUTH] Token Decoded: { id: 4, userId: '4208' }
[0mGET /api/chat/conversations [32m200[0m 4.796 ms - 1080[0m
[AUTH] Token Decoded: { id: 5, userId: '4607' }
[0mGET /api/chat/conversations [32m200[0m 4.691 ms - 27101[0m
[AUTH] Token Decoded: { id: 4, userId: '4208' }
[0mGET /api/chat/conversations [32m200[0m 4.719 ms - 1080[0m
[AUTH] Token Decoded: { id: 5, userId: '4607' }
[0mGET /api/chat/conversations [32m200[0m 4.579 ms - 27101[0m
[AUTH] Token Decoded: { id: 4, userId: '4208' }
[0mGET /api/chat/conversations [32m200[0m 4.651 ms - 1080[0m
[AUTH] Token Decoded: { id: 5, userId: '4607' }
[0mGET /api/chat/conversations [32m200[0m 4.563 ms - 27101[0m
[AUTH] Token Decoded: { id: 4, userId: '4208' }
[0mGET /api/chat/conversations [32m200[0m 4.801 ms - 1080[0m
[AUTH] Token Decoded: { id: 5, userId: '4607' }
[0mGET /api/chat/conversations [32m200[0m 4.506 ms - 27101[0m
[AUTH] Token Decoded: { id: 4, userId: '4208' }
[0mGET /api/chat/conversations [32m200[0m 4.608 ms - 1080[0m
[AUTH] Token Decoded: { id: 5, userId: '4607' }
[0mGET /api/chat/conversations [32m200[0m 4.624 ms - 27101[0m
[AUTH] Token Decoded: { id: 4, userId: '4208' }
[0mGET /api/chat/conversations [32m200[0m 4.726 ms - 1080[0m
[AUTH] Token Decoded: { id: 5, userId: '4607' }
[0mGET /api/chat/conversations [32m200[0m 4.750 ms - 27101[0m
[AUTH] Token Decoded: { id: 4, userId: '4208' }
[0mGET /api/chat/conversations [32m200[0m 4.466 ms - 1080[0m
[AUTH] Token Decoded: { id: 4, userId: '4208' }
[0mGET /api/chat/conversations [32m200[0m 4.640 ms - 1080[0m
[AUTH] Token Decoded: { id: 5, userId: '4607' }
[0mGET /api/chat/conversations [32m200[0m 4.231 ms - 27101[0m
[AUTH] Token Decoded: { id: 4, userId: '4208' }
[0mGET /api/chat/conversations [32m200[0m 4.809 ms - 1080[0m
[AUTH] Token Decoded: { id: 5, userId: '4607' }
[0mGET /api/chat/conversations [32m200[0m 4.530 ms - 27101[0m
[AUTH] Token Decoded: { id: 4, userId: '4208' }
[0mGET /api/chat/conversations [32m200[0m 4.664 ms - 1080[0m
[AUTH] Token Decoded: { id: 4, userId: '4208' }
[0mGET /api/chat/conversations [32m200[0m 4.447 ms - 1080[0m
[AUTH] Token Decoded: { id: 5, userId: '4607' }
[0mGET /api/chat/conversations [32m200[0m 4.622 ms - 27101[0m
[AUTH] Token Decoded: { id: 4, userId: '4208' }
[0mGET /api/chat/conversations [32m200[0m 4.824 ms - 1080[0m
[AUTH] Token Decoded: { id: 5, userId: '4607' }
[AUTH] Token Decoded: { id: 5, userId: '4607' }
[0mGET /api/cart [32m200[0m 6.677 ms - 18646[0m
✅ Connected to PostgreSQL database
[AUTH] Token Decoded: { id: 5, userId: '4607' }
[0mGET /api/cart [32m200[0m 36.841 ms - 18646[0m
[0mGET /api/cart [32m200[0m 5.246 ms - 18646[0m
[AUTH] Token Decoded: { id: 5, userId: '4607' }
[0mGET /api/chat/conversations [32m200[0m 4.710 ms - 27101[0m
[AUTH] Token Decoded: { id: 4, userId: '4208' }
[0mGET /api/chat/conversations [32m200[0m 4.688 ms - 1080[0m
[AUTH] Token Decoded: { id: 5, userId: '4607' }
[0mGET /api/chat/conversations [32m200[0m 4.598 ms - 27101[0m
[AUTH] Token Decoded: { id: 4, userId: '4208' }
[0mGET /api/chat/conversations [32m200[0m 4.582 ms - 1080[0m
[AUTH] Token Decoded: { id: 5, userId: '4607' }
[0mGET /api/chat/conversations [32m200[0m 4.509 ms - 27101[0m
[AUTH] Token Decoded: { id: 4, userId: '4208' }
[0mGET /api/chat/conversations [32m200[0m 4.499 ms - 1080[0m
[AUTH] Token Decoded: { id: 5, userId: '4607' }
[0mGET /api/chat/conversations [32m200[0m 4.841 ms - 27101[0m
[AUTH] Token Decoded: { id: 4, userId: '4208' }
[0mGET /api/chat/conversations [32m200[0m 4.591 ms - 1080[0m
[AUTH] Token Decoded: { id: 5, userId: '4607' }
[0mGET /api/chat/conversations [32m200[0m 4.565 ms - 27101[0m
[AUTH] Token Decoded: { id: 4, userId: '4208' }
[0mGET /api/chat/conversations [32m200[0m 4.252 ms - 1080[0m
[AUTH] Token Decoded: { id: 5, userId: '4607' }
[0mGET /api/chat/conversations [32m200[0m 3.934 ms - 27101[0m
[AUTH] Token Decoded: { id: 4, userId: '4208' }
[0mGET /api/chat/conversations [32m200[0m 4.537 ms - 1080[0m
[AUTH] Token Decoded: { id: 5, userId: '4607' }
[0mGET /api/chat/conversations [32m200[0m 4.522 ms - 27101[0m
[AUTH] Token Decoded: { id: 4, userId: '4208' }
[0mGET /api/chat/conversations [32m200[0m 4.517 ms - 1080[0m
[AUTH] Token Decoded: { id: 5, userId: '4607' }
[0mGET /api/chat/conversations [32m200[0m 4.189 ms - 27101[0m
[AUTH] Token Decoded: { id: 4, userId: '4208' }
[0mGET /api/chat/conversations [32m200[0m 4.712 ms - 1080[0m
[AUTH] Token Decoded: { id: 5, userId: '4607' }
[0mGET /api/chat/conversations [32m200[0m 4.511 ms - 27101[0m
[AUTH] Token Decoded: { id: 4, userId: '4208' }
[0mGET /api/chat/conversations [32m200[0m 4.234 ms - 1080[0m
[AUTH] Token Decoded: { id: 5, userId: '4607' }
[0mGET /api/chat/conversations [32m200[0m 4.657 ms - 27101[0m
[AUTH] Token Decoded: { id: 4, userId: '4208' }
[0mGET /api/chat/conversations [32m200[0m 4.460 ms - 1080[0m
[AUTH] Token Decoded: { id: 5, userId: '4607' }
[0mGET /api/chat/conversations [32m200[0m 4.484 ms - 27101[0m
[AUTH] Token Decoded: { id: 4, userId: '4208' }
[0mGET /api/chat/conversations [32m200[0m 4.531 ms - 1080[0m
[AUTH] Token Decoded: { id: 5, userId: '4607' }
[0mGET /api/chat/conversations [32m200[0m 4.737 ms - 27101[0m
[AUTH] Token Decoded: { id: 4, userId: '4208' }
[0mGET /api/chat/conversations [32m200[0m 4.964 ms - 1080[0m
[AUTH] Token Decoded: { id: 5, userId: '4607' }
[0mGET /api/chat/conversations [32m200[0m 4.696 ms - 27101[0m
[AUTH] Token Decoded: { id: 4, userId: '4208' }
[AUTH] Fetching profile for ID: 4
[DEBUG] Processing profile for sandildilmith12
[0mGET /api/auth/profile [36m304[0m 9.909 ms - -[0m
[0mGET /api/auth/user/4/following [36m304[0m 1.491 ms - -[0m
[AUTH] Token Decoded: { id: 5, userId: '4607' }
[0mGET /api/chat/conversations [32m200[0m 4.598 ms - 27101[0m
[AUTH] Token Decoded: { id: 4, userId: '4208' }
[0mGET /api/chat/conversations [32m200[0m 4.427 ms - 1080[0m
[AUTH] Token Decoded: { id: 5, userId: '4607' }
[0mGET /api/chat/conversations [32m200[0m 4.702 ms - 27101[0m
[AUTH] Token Decoded: { id: 4, userId: '4208' }
[0mGET /api/chat/conversations [32m200[0m 4.784 ms - 1080[0m
[AUTH] Token Decoded: { id: 5, userId: '4607' }
[0mGET /api/chat/conversations [32m200[0m 4.604 ms - 27101[0m
[AUTH] Token Decoded: { id: 4, userId: '4208' }
[0mGET /api/chat/conversations [32m200[0m 4.634 ms - 1080[0m
[AUTH] Token Decoded: { id: 5, userId: '4607' }
[0mGET /api/chat/conversations [32m200[0m 4.654 ms - 27101[0m
[AUTH] Token Decoded: { id: 4, userId: '4208' }
[0mGET /api/chat/conversations [32m200[0m 4.613 ms - 1080[0m
[AUTH] Token Decoded: { id: 5, userId: '4607' }
[0mGET /api/chat/conversations [32m200[0m 4.854 ms - 27101[0m
[AUTH] Token Decoded: { id: 4, userId: '4208' }
[0mGET /api/chat/conversations [32m200[0m 4.707 ms - 1080[0m
[AUTH] Token Decoded: { id: 5, userId: '4607' }
[0mGET /api/chat/conversations [32m200[0m 4.630 ms - 27101[0m
[AUTH] Token Decoded: { id: 4, userId: '4208' }
[0mGET /api/chat/conversations [32m200[0m 4.643 ms - 1080[0m
[AUTH] Token Decoded: { id: 5, userId: '4607' }
[0mGET /api/chat/conversations [32m200[0m 4.629 ms - 27101[0m
[AUTH] Token Decoded: { id: 4, userId: '4208' }
[0mGET /api/chat/conversations [32m200[0m 4.756 ms - 1080[0m
[AUTH] Token Decoded: { id: 5, userId: '4607' }
[0mGET /api/chat/conversations [32m200[0m 4.853 ms - 27101[0m
[AUTH] Token Decoded: { id: 4, userId: '4208' }
[0mGET /api/chat/conversations [32m200[0m 4.877 ms - 1080[0m
[AUTH] Token Decoded: { id: 5, userId: '4607' }
[0mGET /api/chat/conversations [32m200[0m 4.713 ms - 27101[0m
[AUTH] Token Decoded: { id: 4, userId: '4208' }
[0mGET /api/chat/conversations [32m200[0m 4.432 ms - 1080[0m
[AUTH] Token Decoded: { id: 5, userId: '4607' }
[0mGET /api/chat/conversations [32m200[0m 4.156 ms - 27101[0m
[AUTH] Token Decoded: { id: 4, userId: '4208' }
[0mGET /api/chat/conversations [32m200[0m 4.049 ms - 1080[0m
[AUTH] Token Decoded: { id: 5, userId: '4607' }
[0mGET /api/chat/conversations [32m200[0m 4.564 ms - 27101[0m
[AUTH] Token Decoded: { id: 4, userId: '4208' }
[0mGET /api/chat/conversations [32m200[0m 4.526 ms - 1080[0m
[AUTH] Token Decoded: { id: 5, userId: '4607' }
[AUTH] Fetching profile for ID: 5
[DEBUG] getMarketItems query: SELECT m.id, m.user_id, m.username, m.title, m.description, m.price, m.promo_price, m.category, 
                            m.sub_category, m.manual_category, m.stock, m.image_url, m.status, 
                            m.likes_count, m.comments_count, m.shares_count, m.views_count,
                            m.variants, m.shipping_info, m.commission_info,
                            m.created_at, m.product_code,
                            u.username as owner_username, u.profile_picture,
                            EXISTS(SELECT 1 FROM market_likes ml WHERE ml.market_id = m.id AND ml.user_id = $1) as user_liked
                     FROM market m 
                     INNER JOIN users u ON m.user_id = u.id 
                     WHERE 1=1 AND m.status = ANY($2) ORDER BY m.created_at DESC
[DEBUG] getMarketItems params: [ null, [ 'approved', 'active' ] ]
[DEBUG] Processing profile for goog
[0mGET /api/auth/profile [36m304[0m 13.437 ms - -[0m
✅ Connected to PostgreSQL database
[DEBUG] getMarketItems Result Rows: [
  { id: 21, user_id: 5, status: 'active' },
  { id: 16, user_id: 4, status: 'active' },
  { id: 15, user_id: 4, status: 'active' },
  { id: 10, user_id: 2, status: 'active' }
]
[0mGET /api/market?status=approved [36m304[0m 45.583 ms - -[0m
[AUTH] Token Decoded: { id: 5, userId: '4607' }
[AUTH] Token Decoded: { id: 5, userId: '4607' }
[AUTH] Token Decoded: { id: 5, userId: '4607' }
[DEBUG] getMarketItems query: SELECT m.id, m.user_id, m.username, m.title, m.description, m.price, m.promo_price, m.category, 
                            m.sub_category, m.manual_category, m.stock, m.image_url, m.status, 
                            m.likes_count, m.comments_count, m.shares_count, m.views_count,
                            m.variants, m.shipping_info, m.commission_info,
                            m.created_at, m.product_code,
                            u.username as owner_username, u.profile_picture,
                            EXISTS(SELECT 1 FROM market_likes ml WHERE ml.market_id = m.id AND ml.user_id = $1) as user_liked
                     FROM market m 
                     INNER JOIN users u ON m.user_id = u.id 
                     WHERE 1=1 AND m.status = ANY($2) ORDER BY m.created_at DESC
[DEBUG] getMarketItems params: [ null, [ 'approved', 'active' ] ]
[AUTH] Token Decoded: { id: 5, userId: '4607' }
[AUTH] Token Decoded: { id: 5, userId: '4607' }
[AUTH] Token Decoded: { id: 5, userId: '4607' }
✅ Connected to PostgreSQL database
✅ Connected to PostgreSQL database
[0mGET /api/auth/user/5/following [32m200[0m 133.728 ms - 27223[0m
[0mGET /api/orders/buyer?status=pending%2Cprocessing%2Cshipped%2Cdelivered%2Creceived%2Creshipped%2Ccancelled%2Creturned%2Crejected [32m200[0m 164.945 ms - 2096479[0m
✅ Connected to PostgreSQL database
✅ Connected to PostgreSQL database
✅ Connected to PostgreSQL database
✅ Connected to PostgreSQL database
✅ Connected to PostgreSQL database
[0mGET /api/orders/buyer?status=shipped [32m200[0m 231.605 ms - 26[0m
[DEBUG] getMarketItems Result Rows: [
  { id: 21, user_id: 5, status: 'active' },
  { id: 16, user_id: 4, status: 'active' },
  { id: 15, user_id: 4, status: 'active' },
  { id: 10, user_id: 2, status: 'active' }
]
[0mGET /api/market?status=approved [36m304[0m 234.569 ms - -[0m
[0mGET /api/orders/seller?status=shipped [32m200[0m 232.881 ms - 26[0m
[0mGET /api/orders/buyer?status=processing [32m200[0m 232.475 ms - 26[0m
[0mGET /api/orders/seller?status=pending%2Cprocessing%2Cshipped%2Cdelivered%2Creceived%2Creshipped%2Ccancelled%2Creturned%2Crejected [32m200[0m 231.654 ms - 26[0m
✅ Connected to PostgreSQL database
[0mGET /api/orders/seller?status=processing [32m200[0m 281.817 ms - 26[0m
[AUTH] Token Decoded: { id: 5, userId: '4607' }
[0mGET /api/chat/conversations [32m200[0m 7.778 ms - 27101[0m
[AUTH] Token Decoded: { id: 4, userId: '4208' }
[0mGET /api/chat/conversations [32m200[0m 4.512 ms - 1080[0m
[0mGET /api/market/16/comments [32m200[0m 3.114 ms - 2559[0m
[0mPOST /api/market/16/view [32m200[0m 2.870 ms - 36[0m
[AUTH] Token Decoded: { id: 5, userId: '4607' }
[0mGET /api/chat/conversations [32m200[0m 4.526 ms - 27101[0m
[AUTH] Token Decoded: { id: 4, userId: '4208' }
[0mGET /api/chat/conversations [32m200[0m 4.264 ms - 1080[0m
[AUTH] Token Decoded: { id: 5, userId: '4607' }
[0mGET /api/chat/conversations [32m200[0m 4.810 ms - 27101[0m
[0mPOST /api/market/21/view [32m200[0m 1.249 ms - 36[0m
[0mGET /api/market/21/comments [36m304[0m 0.925 ms - -[0m
[AUTH] Token Decoded: { id: 4, userId: '4208' }
[0mGET /api/chat/conversations [32m200[0m 4.555 ms - 1080[0m
[AUTH] Token Decoded: { id: 5, userId: '4607' }
[0mGET /api/chat/conversations [32m200[0m 4.840 ms - 27101[0m
[AUTH] Token Decoded: { id: 4, userId: '4208' }
[0mGET /api/chat/conversations [32m200[0m 4.931 ms - 1080[0m
[0mGET /api/market/21/comments [36m304[0m 1.212 ms - -[0m
[AUTH] Token Decoded: { id: 5, userId: '4607' }
[0mGET /api/chat/conversations [32m200[0m 5.036 ms - 27101[0m
[AUTH] Token Decoded: { id: 4, userId: '4208' }
[0mGET /api/chat/conversations [32m200[0m 4.339 ms - 1080[0m
[AUTH] Token Decoded: { id: 5, userId: '4607' }
[0mGET /api/chat/conversations [32m200[0m 4.807 ms - 27101[0m
[AUTH] Token Decoded: { id: 4, userId: '4208' }
[0mGET /api/chat/conversations [32m200[0m 4.615 ms - 1080[0m
[AUTH] Token Decoded: { id: 5, userId: '4607' }
[0mGET /api/chat/conversations [32m200[0m 4.783 ms - 27101[0m
[AUTH] Token Decoded: { id: 4, userId: '4208' }
[0mGET /api/chat/conversations [32m200[0m 4.722 ms - 1080[0m
[AUTH] Token Decoded: { id: 4, userId: '4208' }
[0mGET /api/chat/conversations [32m200[0m 4.612 ms - 1080[0m
[AUTH] Token Decoded: { id: 5, userId: '4607' }
[0mGET /api/chat/conversations [32m200[0m 5.558 ms - 27101[0m
[AUTH] Token Decoded: { id: 5, userId: '4607' }
[0mGET /api/chat/conversations [32m200[0m 5.718 ms - 27101[0m
[AUTH] Token Decoded: { id: 4, userId: '4208' }
[0mGET /api/chat/conversations [32m200[0m 4.785 ms - 1080[0m
[AUTH] Token Decoded: { id: 5, userId: '4607' }
[0mGET /api/chat/conversations [32m200[0m 8.779 ms - 27101[0m
[AUTH] Token Decoded: { id: 4, userId: '4208' }
[0mGET /api/chat/conversations [32m200[0m 4.434 ms - 1080[0m
[AUTH] Token Decoded: { id: 5, userId: '4607' }
[AUTH] Token Decoded: { id: 4, userId: '4208' }
[0mGET /api/chat/conversations [32m200[0m 7.109 ms - 27101[0m
✅ Connected to PostgreSQL database
[0mGET /api/chat/conversations [32m200[0m 48.820 ms - 1080[0m
[AUTH] Token Decoded: { id: 4, userId: '4208' }
[0mGET /api/chat/conversations [32m200[0m 4.609 ms - 1080[0m
[AUTH] Token Decoded: { id: 5, userId: '4607' }
[0mGET /api/chat/conversations [32m200[0m 4.530 ms - 27101[0m
[0mPOST /api/market/21/view [32m200[0m 2.873 ms - 36[0m
[0mGET /api/market/21/comments [36m304[0m 2.184 ms - -[0m
[AUTH] Token Decoded: { id: 5, userId: '4607' }
[0mGET /api/chat/conversations [32m200[0m 5.041 ms - 27101[0m
[AUTH] Token Decoded: { id: 4, userId: '4208' }
[0mGET /api/chat/conversations [32m200[0m 4.336 ms - 1080[0m
[AUTH] Token Decoded: { id: 5, userId: '4607' }
[0mGET /api/chat/conversations [32m200[0m 4.649 ms - 27101[0m
[AUTH] Token Decoded: { id: 4, userId: '4208' }
[0mGET /api/chat/conversations [32m200[0m 4.700 ms - 1080[0m
[AUTH] Token Decoded: { id: 5, userId: '4607' }
[0mGET /api/chat/conversations [32m200[0m 10.274 ms - 27101[0m
[AUTH] Token Decoded: { id: 4, userId: '4208' }
[0mGET /api/chat/conversations [32m200[0m 4.491 ms - 1080[0m
[AUTH] Token Decoded: { id: 5, userId: '4607' }
[0mGET /api/chat/conversations [32m200[0m 4.614 ms - 27101[0m
[AUTH] Token Decoded: { id: 4, userId: '4208' }
[0mGET /api/chat/conversations [32m200[0m 4.753 ms - 1080[0m
[AUTH] Token Decoded: { id: 5, userId: '4607' }
[0mGET /api/chat/conversations [32m200[0m 4.218 ms - 27101[0m
[AUTH] Token Decoded: { id: 4, userId: '4208' }
[0mGET /api/chat/conversations [32m200[0m 4.149 ms - 1080[0m
[AUTH] Token Decoded: { id: 5, userId: '4607' }
[0mGET /api/chat/conversations [32m200[0m 5.479 ms - 27101[0m
[AUTH] Token Decoded: { id: 4, userId: '4208' }
[0mGET /api/chat/conversations [32m200[0m 4.557 ms - 1080[0m
[AUTH] Token Decoded: { id: 4, userId: '4208' }
[0mGET /api/chat/conversations [32m200[0m 4.665 ms - 1080[0m
[AUTH] Token Decoded: { id: 5, userId: '4607' }
[0mGET /api/chat/conversations [32m200[0m 4.622 ms - 27101[0m
[AUTH] Token Decoded: { id: 5, userId: '4607' }
[0mGET /api/chat/conversations [32m200[0m 4.275 ms - 27101[0m
[AUTH] Token Decoded: { id: 5, userId: '4607' }
[0mGET /api/chat/conversations [32m200[0m 4.930 ms - 27101[0m
[AUTH] Token Decoded: { id: 5, userId: '4607' }
[0mGET /api/chat/conversations [32m200[0m 4.395 ms - 27101[0m
[AUTH] Token Decoded: { id: 5, userId: '4607' }
[0mGET /api/chat/conversations [32m200[0m 4.686 ms - 27101[0m
[AUTH] Token Decoded: { id: 5, userId: '4607' }
[0mGET /api/chat/conversations [32m200[0m 4.673 ms - 27101[0m
[AUTH] Token Decoded: { id: 5, userId: '4607' }
[0mGET /api/chat/conversations [32m200[0m 4.801 ms - 27101[0m
[AUTH] Token Decoded: { id: 5, userId: '4607' }
[0mGET /api/chat/conversations [32m200[0m 4.970 ms - 27101[0m
[AUTH] Token Decoded: { id: 5, userId: '4607' }
[0mGET /api/chat/conversations [32m200[0m 4.904 ms - 27101[0m
[AUTH] Token Decoded: { id: 5, userId: '4607' }
[0mGET /api/chat/conversations [32m200[0m 4.873 ms - 27101[0m
[AUTH] Token Decoded: { id: 5, userId: '4607' }
[0mGET /api/chat/conversations [32m200[0m 4.672 ms - 27101[0m
[AUTH] Token Decoded: { id: 5, userId: '4607' }
[0mGET /api/chat/conversations [32m200[0m 4.575 ms - 27101[0m
[AUTH] Token Decoded: { id: 5, userId: '4607' }
[0mGET /api/chat/conversations [32m200[0m 4.498 ms - 27101[0m
[AUTH] Token Decoded: { id: 5, userId: '4607' }
[0mGET /api/chat/conversations [32m200[0m 4.787 ms - 27101[0m
[AUTH] Token Decoded: { id: 5, userId: '4607' }
[0mGET /api/chat/conversations [32m200[0m 4.901 ms - 27101[0m
[AUTH] Token Decoded: { id: 5, userId: '4607' }
[0mGET /api/chat/conversations [32m200[0m 4.735 ms - 27101[0m
[AUTH] Token Decoded: { id: 5, userId: '4607' }
[0mGET /api/chat/conversations [32m200[0m 4.900 ms - 27101[0m
[AUTH] Token Decoded: { id: 4, userId: '4208' }
[0mGET /api/chat/conversations [32m200[0m 4.902 ms - 1080[0m
[AUTH] Token Decoded: { id: 5, userId: '4607' }
[0mGET /api/chat/conversations [32m200[0m 4.584 ms - 27101[0m
[AUTH] Token Decoded: { id: 5, userId: '4607' }
[0mGET /api/chat/conversations [32m200[0m 4.956 ms - 27101[0m
[AUTH] Token Decoded: { id: 5, userId: '4607' }
[0mGET /api/chat/conversations [32m200[0m 4.522 ms - 27101[0m
[AUTH] Token Decoded: { id: 5, userId: '4607' }
[0mGET /api/chat/conversations [32m200[0m 4.806 ms - 27101[0m
[AUTH] Token Decoded: { id: 5, userId: '4607' }
[0mGET /api/chat/conversations [32m200[0m 4.824 ms - 27101[0m
[AUTH] Token Decoded: { id: 5, userId: '4607' }
[0mGET /api/chat/conversations [32m200[0m 4.668 ms - 27101[0m
[AUTH] Token Decoded: { id: 5, userId: '4607' }
[0mGET /api/chat/conversations [32m200[0m 4.440 ms - 27101[0m
[AUTH] Token Decoded: { id: 5, userId: '4607' }
[0mGET /api/chat/conversations [32m200[0m 4.672 ms - 27101[0m
[AUTH] Token Decoded: { id: 5, userId: '4607' }
[0mGET /api/chat/conversations [32m200[0m 4.853 ms - 27101[0m
[AUTH] Token Decoded: { id: 5, userId: '4607' }
[0mGET /api/chat/conversations [32m200[0m 4.668 ms - 27101[0m
[AUTH] Token Decoded: { id: 5, userId: '4607' }
[0mGET /api/chat/conversations [32m200[0m 4.793 ms - 27101[0m
[AUTH] Token Decoded: { id: 5, userId: '4607' }
[0mGET /api/chat/conversations [32m200[0m 4.876 ms - 27101[0m
[AUTH] Token Decoded: { id: 5, userId: '4607' }
[0mGET /api/chat/conversations [32m200[0m 4.628 ms - 27101[0m
[0mGET /api/market/16/comments [36m304[0m 1.383 ms - -[0m
[AUTH] Token Decoded: { id: 5, userId: '4607' }
[0mGET /api/chat/conversations [32m200[0m 4.019 ms - 27101[0m
[AUTH] Token Decoded: { id: 5, userId: '4607' }
[0mGET /api/chat/conversations [32m200[0m 5.576 ms - 27101[0m
[AUTH] Token Decoded: { id: 5, userId: '4607' }
[0mGET /api/chat/conversations [32m200[0m 4.864 ms - 27101[0m
[AUTH] Token Decoded: { id: 5, userId: '4607' }
[0mGET /api/chat/conversations [32m200[0m 5.156 ms - 27101[0m
[AUTH] Token Decoded: { id: 5, userId: '4607' }
[AUTH] Fetching profile for ID: 5
[AUTH] Token Decoded: { id: 5, userId: '4607' }
[DEBUG] Processing profile for goog
[0mGET /api/auth/profile [36m304[0m 20.851 ms - -[0m
✅ Connected to PostgreSQL database
[0mGET /api/market/16 [32m200[0m 61.973 ms - 45325[0m
✅ Connected to PostgreSQL database
[0mGET /api/cart [32m200[0m 74.563 ms - 18646[0m
[AUTH] Token Decoded: { id: 5, userId: '4607' }
[0mGET /api/chat/conversations [32m200[0m 12.217 ms - 27101[0m
[AUTH] Token Decoded: { id: 5, userId: '4607' }
[AUTH] Fetching profile for ID: 5
[DEBUG] Processing profile for goog
[0mGET /api/market/16 [36m304[0m 3.132 ms - -[0m
[0mGET /api/auth/profile [36m304[0m 15.737 ms - -[0m
[AUTH] Token Decoded: { id: 5, userId: '4607' }
[0mGET /api/chat/conversations [32m200[0m 4.804 ms - 27101[0m
[AUTH] Token Decoded: { id: 5, userId: '4607' }
[AUTH] Fetching profile for ID: 5
[AUTH] Token Decoded: { id: 5, userId: '4607' }
[AUTH] Fetching profile for ID: 5
[DEBUG] Processing profile for goog
[0mGET /api/market/16 [36m304[0m 7.271 ms - -[0m
[DEBUG] Processing profile for goog
[0mGET /api/auth/profile [36m304[0m 18.059 ms - -[0m
[0mGET /api/auth/profile [36m304[0m 14.510 ms - -[0m
[AUTH] Token Decoded: { id: 5, userId: '4607' }
[0mGET /api/chat/conversations [32m200[0m 4.821 ms - 27101[0m
[0mGET /api/market/16 [36m304[0m 2.901 ms - -[0m
[AUTH] Token Decoded: { id: 5, userId: '4607' }
[0mGET /api/chat/conversations [32m200[0m 4.656 ms - 27101[0m
[AUTH] Token Decoded: { id: 5, userId: '4607' }
[0mGET /api/wallet/search-users?query=4208&includeSelf=true [32m200[0m 6.981 ms - 26667[0m
[AUTH] Token Decoded: { id: 5, userId: '4607' }
[AUTH] Fetching profile for ID: 5
[DEBUG] Processing profile for goog
[0mGET /api/auth/profile [36m304[0m 8.694 ms - -[0m
[AUTH] Token Decoded: { id: 5, userId: '4607' }
[0mGET /api/auth/wallet [32m200[0m 6.426 ms - 71[0m
[AUTH] Token Decoded: { id: 5, userId: '4607' }
[0mGET /api/wallet/history [32m200[0m 9.634 ms - 24239[0m
[AUTH] Token Decoded: { id: 5, userId: '4607' }
[0mGET /api/wallet/pending-requests [32m200[0m 3.586 ms - 30[0m
[AUTH] Token Decoded: { id: 5, userId: '4607' }
[0mGET /api/chat/conversations [32m200[0m 4.817 ms - 27101[0m
[AUTH] Token Decoded: { id: 5, userId: '4607' }
[0mGET /api/chat/conversations [32m200[0m 4.830 ms - 27101[0m
[AUTH] Token Decoded: { id: 5, userId: '4607' }
[0mGET /api/chat/conversations [32m200[0m 4.952 ms - 27101[0m
[0mGET /api/market/16 [36m304[0m 1.930 ms - -[0m
[AUTH] Token Decoded: { id: 5, userId: '4607' }
[AUTH] Fetching profile for ID: 5
[DEBUG] Processing profile for goog
[AUTH] Token Decoded: { id: 5, userId: '4607' }
[AUTH] Fetching profile for ID: 5
[DEBUG] Processing profile for goog
[0mGET /api/auth/profile [36m304[0m 16.749 ms - -[0m
[0mGET /api/auth/profile [36m304[0m 11.959 ms - -[0m
[AUTH] Token Decoded: { id: 5, userId: '4607' }
[0mGET /api/cart [32m200[0m 3.567 ms - 18646[0m
[AUTH] Token Decoded: { id: 5, userId: '4607' }
[0mGET /api/chat/conversations [32m200[0m 4.662 ms - 27101[0m
[AUTH] Token Decoded: { id: 5, userId: '4607' }
[0mGET /api/chat/conversations [32m200[0m 4.823 ms - 27101[0m
[AUTH] Token Decoded: { id: 5, userId: '4607' }
[0mGET /api/chat/conversations [32m200[0m 4.753 ms - 27101[0m
[AUTH] Token Decoded: { id: 5, userId: '4607' }
[0mGET /api/chat/conversations [32m200[0m 4.098 ms - 27101[0m
[AUTH] Token Decoded: { id: 5, userId: '4607' }
[0mGET /api/chat/conversations [32m200[0m 4.170 ms - 27101[0m
[AUTH] Token Decoded: { id: 5, userId: '4607' }
[0mGET /api/chat/conversations [32m200[0m 4.111 ms - 27101[0m
[AUTH] Token Decoded: { id: 4, userId: '4208' }
[0mGET /api/chat/conversations [32m200[0m 4.619 ms - 1080[0m
[AUTH] Token Decoded: { id: 5, userId: '4607' }
[0mGET /api/chat/conversations [32m200[0m 4.264 ms - 27101[0m
[AUTH] Token Decoded: { id: 5, userId: '4607' }
[AUTH] Fetching profile for ID: 5
[DEBUG] Processing profile for goog
[0mGET /api/auth/profile [36m304[0m 8.846 ms - -[0m
✅ Connected to PostgreSQL database
[0mGET /api/market/16 [36m304[0m 42.112 ms - -[0m
[AUTH] Token Decoded: { id: 5, userId: '4607' }
[0mGET /api/chat/conversations [32m200[0m 8.722 ms - 27101[0m
[AUTH] Token Decoded: { id: 5, userId: '4607' }
[0mGET /api/cart [32m200[0m 5.565 ms - 18646[0m
[AUTH] Token Decoded: { id: 5, userId: '4607' }
[0mGET /api/chat/conversations [32m200[0m 4.678 ms - 27101[0m
[AUTH] Token Decoded: { id: 5, userId: '4607' }
[0mGET /api/cart [32m200[0m 5.620 ms - 18646[0m
[AUTH] Token Decoded: { id: 5, userId: '4607' }
[0mGET /api/chat/conversations [32m200[0m 4.094 ms - 27101[0m
[AUTH] Token Decoded: { id: 5, userId: '4607' }
[0mGET /api/chat/conversations [32m200[0m 4.619 ms - 27101[0m
[AUTH] Token Decoded: { id: 5, userId: '4607' }
[0mGET /api/chat/conversations [32m200[0m 4.727 ms - 27101[0m
[AUTH] Token Decoded: { id: 5, userId: '4607' }
[0mGET /api/chat/conversations [32m200[0m 9.513 ms - 27101[0m
[AUTH] Token Decoded: { id: 5, userId: '4607' }
[0mGET /api/chat/conversations [32m200[0m 5.221 ms - 27101[0m
[AUTH] Token Decoded: { id: 5, userId: '4607' }
[0mGET /api/chat/conversations [32m200[0m 4.748 ms - 27101[0m
[AUTH] Token Decoded: { id: 5, userId: '4607' }
[0mGET /api/chat/conversations [32m200[0m 4.073 ms - 27101[0m
[AUTH] Token Decoded: { id: 5, userId: '4607' }
[0mGET /api/chat/conversations [32m200[0m 5.212 ms - 27101[0m
[AUTH] Token Decoded: { id: 5, userId: '4607' }
[0mGET /api/chat/conversations [32m200[0m 4.931 ms - 27101[0m
[AUTH] Token Decoded: { id: 5, userId: '4607' }
[AUTH] Fetching profile for ID: 5
[DEBUG] getMarketItems query: SELECT m.id, m.user_id, m.username, m.title, m.description, m.price, m.promo_price, m.category, 
                            m.sub_category, m.manual_category, m.stock, m.image_url, m.status, 
                            m.likes_count, m.comments_count, m.shares_count, m.views_count,
                            m.variants, m.shipping_info, m.commission_info,
                            m.created_at, m.product_code,
                            u.username as owner_username, u.profile_picture,
                            EXISTS(SELECT 1 FROM market_likes ml WHERE ml.market_id = m.id AND ml.user_id = $1) as user_liked
                     FROM market m 
                     INNER JOIN users u ON m.user_id = u.id 
                     WHERE 1=1 AND m.status = ANY($2) ORDER BY m.created_at DESC
[DEBUG] getMarketItems params: [ null, [ 'approved', 'active' ] ]
[DEBUG] Processing profile for goog
[0mGET /api/auth/profile [36m304[0m 19.329 ms - -[0m
✅ Connected to PostgreSQL database
[DEBUG] getMarketItems Result Rows: [
  { id: 21, user_id: 5, status: 'active' },
  { id: 16, user_id: 4, status: 'active' },
  { id: 15, user_id: 4, status: 'active' },
  { id: 10, user_id: 2, status: 'active' }
]
[0mGET /api/market?status=approved [36m304[0m 65.111 ms - -[0m
[0mGET /api/auth/user/5/following [36m304[0m 2.545 ms - -[0m
[AUTH] Token Decoded: { id: 5, userId: '4607' }
[AUTH] Token Decoded: { id: 5, userId: '4607' }
[AUTH] Token Decoded: { id: 5, userId: '4607' }
[AUTH] Token Decoded: { id: 5, userId: '4607' }
[AUTH] Token Decoded: { id: 5, userId: '4607' }
[AUTH] Token Decoded: { id: 5, userId: '4607' }
[DEBUG] getMarketItems query: SELECT m.id, m.user_id, m.username, m.title, m.description, m.price, m.promo_price, m.category, 
                            m.sub_category, m.manual_category, m.stock, m.image_url, m.status, 
                            m.likes_count, m.comments_count, m.shares_count, m.views_count,
                            m.variants, m.shipping_info, m.commission_info,
                            m.created_at, m.product_code,
                            u.username as owner_username, u.profile_picture,
                            EXISTS(SELECT 1 FROM market_likes ml WHERE ml.market_id = m.id AND ml.user_id = $1) as user_liked
                     FROM market m 
                     INNER JOIN users u ON m.user_id = u.id 
                     WHERE 1=1 AND m.status = ANY($2) ORDER BY m.created_at DESC
[DEBUG] getMarketItems params: [ null, [ 'approved', 'active' ] ]
✅ Connected to PostgreSQL database
✅ Connected to PostgreSQL database
✅ Connected to PostgreSQL database
✅ Connected to PostgreSQL database
[DEBUG] getMarketItems Result Rows: [
  { id: 21, user_id: 5, status: 'active' },
  { id: 16, user_id: 4, status: 'active' },
  { id: 15, user_id: 4, status: 'active' },
  { id: 10, user_id: 2, status: 'active' }
]
[0mGET /api/market?status=approved [36m304[0m 105.965 ms - -[0m
[0mGET /api/orders/buyer?status=processing [32m200[0m 120.125 ms - 26[0m
[0mGET /api/orders/seller?status=shipped [32m200[0m 116.882 ms - 26[0m
✅ Connected to PostgreSQL database
✅ Connected to PostgreSQL database
[0mGET /api/orders/seller?status=pending%2Cprocessing%2Cshipped%2Cdelivered%2Creceived%2Creshipped%2Ccancelled%2Creturned%2Crejected [32m200[0m 141.728 ms - 26[0m
[0mGET /api/orders/buyer?status=shipped [32m200[0m 144.601 ms - 26[0m
✅ Connected to PostgreSQL database
[0mGET /api/orders/seller?status=processing [32m200[0m 139.880 ms - 26[0m
✅ Connected to PostgreSQL database
[0mGET /api/orders/buyer?status=pending%2Cprocessing%2Cshipped%2Cdelivered%2Creceived%2Creshipped%2Ccancelled%2Creturned%2Crejected [32m200[0m 176.249 ms - 2096479[0m
[AUTH] Token Decoded: { id: 5, userId: '4607' }
[0mGET /api/chat/conversations [32m200[0m 8.618 ms - 27101[0m
[AUTH] Token Decoded: { id: 5, userId: '4607' }
[0mGET /api/chat/conversations [32m200[0m 4.625 ms - 27101[0m
[AUTH] Token Decoded: { id: 5, userId: '4607' }
[0mGET /api/orders/buyer?status=pending%2Cprocessing%2Cshipped%2Cdelivered%2Creceived%2Creshipped%2Ccancelled%2Creturned%2Crejected [32m200[0m 15.887 ms - 2096479[0m
[AUTH] Token Decoded: { id: 5, userId: '4607' }
[0mGET /api/chat/conversations [32m200[0m 4.625 ms - 27101[0m
[AUTH] Token Decoded: { id: 5, userId: '4607' }
[0mGET /api/chat/conversations [32m200[0m 4.606 ms - 27101[0m
[AUTH] Token Decoded: { id: 5, userId: '4607' }
[0mGET /api/chat/conversations [32m200[0m 5.582 ms - 27101[0m
[AUTH] Token Decoded: { id: 5, userId: '4607' }
[0mGET /api/chat/conversations [32m200[0m 4.660 ms - 27101[0m
[AUTH] Token Decoded: { id: 5, userId: '4607' }
[0mGET /api/chat/conversations [32m200[0m 4.824 ms - 27101[0m
[AUTH] Token Decoded: { id: 5, userId: '4607' }
[AUTH] Fetching profile for ID: 5
[DEBUG] Processing profile for goog
[0mGET /api/auth/profile [36m304[0m 16.131 ms - -[0m
[AUTH] Token Decoded: { id: 5, userId: '4607' }
[AUTH] Token Decoded: { id: 5, userId: '4607' }
[AUTH] Token Decoded: { id: 5, userId: '4607' }
[0mPOST /api/chat/presence [32m200[0m 10.987 ms - 134[0m
[AUTH] Token Decoded: { id: 5, userId: '4607' }
[0mGET /api/chat/conversations [32m200[0m 12.758 ms - 27101[0m
[0mGET /api/chat/calls/summaries [32m200[0m 9.032 ms - 100[0m
✅ Connected to PostgreSQL database
[0mGET /api/chat/calls/incoming [32m200[0m 63.218 ms - 100[0m
[AUTH] Token Decoded: { id: 5, userId: '4607' }
[0mGET /api/chat/conversations [32m200[0m 6.250 ms - 27101[0m
[AUTH] Token Decoded: { id: 5, userId: '4607' }
[0mGET /api/chat/calls/incoming [32m200[0m 4.141 ms - 100[0m
[AUTH] Token Decoded: { id: 5, userId: '4607' }
[0mGET /api/chat/conversations [32m200[0m 4.825 ms - 27101[0m
[AUTH] Token Decoded: { id: 5, userId: '4607' }
[AUTH] Fetching profile for ID: 5
[AUTH] Token Decoded: { id: 5, userId: '4607' }
[DEBUG] Processing profile for goog
[0mGET /api/ads/my [32m200[0m 6.185 ms - 25[0m
[0mGET /api/auth/profile [36m304[0m 17.932 ms - -[0m
[AUTH] Token Decoded: { id: 5, userId: '4607' }
[AUTH] Fetching profile for ID: 5
[AUTH] Token Decoded: { id: 5, userId: '4607' }
[DEBUG] Processing profile for goog
[0mGET /api/auth/profile [36m304[0m 12.255 ms - -[0m
[0mGET /api/wallet/history [36m304[0m 10.456 ms - -[0m
[AUTH] Token Decoded: { id: 5, userId: '4607' }
[0mGET /api/chat/conversations [32m200[0m 4.945 ms - 27101[0m
[AUTH] Token Decoded: { id: 5, userId: '4607' }
[0mGET /api/wallet/history [36m304[0m 5.755 ms - -[0m
[AUTH] Token Decoded: { id: 5, userId: '4607' }
[AUTH] Fetching profile for ID: 5
[DEBUG] Processing profile for goog
[0mGET /api/auth/profile [36m304[0m 9.014 ms - -[0m
[AUTH] Token Decoded: { id: 5, userId: '4607' }
[0mGET /api/wallet/history [36m304[0m 6.087 ms - -[0m
[AUTH] Token Decoded: { id: 5, userId: '4607' }
[AUTH] Fetching profile for ID: 5
[DEBUG] Processing profile for goog
[0mGET /api/auth/profile [36m304[0m 8.600 ms - -[0m
[AUTH] Token Decoded: { id: 5, userId: '4607' }
[AUTH] Token Decoded: { id: 5, userId: '4607' }
[AUTH] Fetching profile for ID: 5
[0mGET /api/wallet/history [36m304[0m 8.447 ms - -[0m
[DEBUG] Processing profile for goog
[0mGET /api/auth/profile [36m304[0m 11.487 ms - -[0m
[AUTH] Token Decoded: { id: 5, userId: '4607' }
[0mGET /api/wallet/history [36m304[0m 8.848 ms - -[0m
[AUTH] Token Decoded: { id: 5, userId: '4607' }
[AUTH] Fetching profile for ID: 5
[DEBUG] Processing profile for goog
[0mGET /api/auth/profile [36m304[0m 8.749 ms - -[0m
[AUTH] Token Decoded: { id: 5, userId: '4607' }
[0mGET /api/ads/my [36m304[0m 5.611 ms - -[0m
[AUTH] Token Decoded: { id: 5, userId: '4607' }
[AUTH] Token Decoded: { id: 5, userId: '4607' }
[AUTH] Fetching profile for ID: 5
[0mGET /api/wallet/history [36m304[0m 8.516 ms - -[0m
[DEBUG] Processing profile for goog
[0mGET /api/auth/profile [36m304[0m 11.609 ms - -[0m
[AUTH] Token Decoded: { id: 5, userId: '4607' }
[AUTH] Token Decoded: { id: 5, userId: '4607' }
[AUTH] Fetching profile for ID: 5
[0mGET /api/wallet/history [36m304[0m 8.813 ms - -[0m
[DEBUG] Processing profile for goog
[0mGET /api/auth/profile [36m304[0m 11.841 ms - -[0m
[AUTH] Token Decoded: { id: 5, userId: '4607' }
[0mGET /api/wallet/history [36m304[0m 5.941 ms - -[0m
[AUTH] Token Decoded: { id: 5, userId: '4607' }
[AUTH] Fetching profile for ID: 5
[DEBUG] Processing profile for goog
[0mGET /api/auth/profile [36m304[0m 8.465 ms - -[0m
[AUTH] Token Decoded: { id: 5, userId: '4607' }
[0mGET /api/wallet/history [36m304[0m 6.405 ms - -[0m
[AUTH] Token Decoded: { id: 5, userId: '4607' }
[AUTH] Fetching profile for ID: 5
[DEBUG] Processing profile for goog
[0mGET /api/auth/profile [36m304[0m 8.975 ms - -[0m
[AUTH] Token Decoded: { id: 5, userId: '4607' }
[AUTH] Fetching profile for ID: 5
[AUTH] Token Decoded: { id: 5, userId: '4607' }
[DEBUG] Processing profile for goog
[0mGET /api/wallet/history [36m304[0m 11.033 ms - -[0m
[0mGET /api/auth/profile [36m304[0m 23.442 ms - -[0m
[AUTH] Token Decoded: { id: 5, userId: '4607' }
[0mGET /api/ads/my [36m304[0m 3.000 ms - -[0m
[AUTH] Token Decoded: { id: 5, userId: '4607' }
[AUTH] Fetching profile for ID: 5
[DEBUG] Processing profile for goog
[0mGET /api/auth/profile [36m304[0m 7.806 ms - -[0m
[AUTH] Token Decoded: { id: 5, userId: '4607' }
[0mGET /api/wallet/history [36m304[0m 4.539 ms - -[0m
[AUTH] Token Decoded: { id: 5, userId: '4607' }
[0mGET /api/wallet/history [36m304[0m 4.911 ms - -[0m
[AUTH] Token Decoded: { id: 5, userId: '4607' }
[AUTH] Fetching profile for ID: 5
[DEBUG] Processing profile for goog
[0mGET /api/auth/profile [36m304[0m 8.261 ms - -[0m
[AUTH] Token Decoded: { id: 5, userId: '4607' }
[0mGET /api/chat/conversations [32m200[0m 4.070 ms - 27101[0m
[AUTH] Token Decoded: { id: 5, userId: '4607' }
[AUTH] Token Decoded: { id: 5, userId: '4607' }
[0mGET /api/ads/my [36m304[0m 5.541 ms - -[0m
[0mGET /api/wallet/history [36m304[0m 5.428 ms - -[0m
[AUTH] Token Decoded: { id: 5, userId: '4607' }
[AUTH] Fetching profile for ID: 5
[DEBUG] Processing profile for goog
[0mGET /api/auth/profile [36m304[0m 8.234 ms - -[0m
[AUTH] Token Decoded: { id: 5, userId: '4607' }
[AUTH] Fetching profile for ID: 5
[AUTH] Token Decoded: { id: 5, userId: '4607' }
[DEBUG] Processing profile for goog
[0mGET /api/wallet/history [36m304[0m 5.719 ms - -[0m
[0mGET /api/auth/profile [36m304[0m 15.720 ms - -[0m
[AUTH] Token Decoded: { id: 5, userId: '4607' }
[0mGET /api/wallet/history [36m304[0m 6.085 ms - -[0m
[AUTH] Token Decoded: { id: 5, userId: '4607' }
[AUTH] Fetching profile for ID: 5
[DEBUG] Processing profile for goog
[0mGET /api/auth/profile [36m304[0m 8.108 ms - -[0m
[AUTH] Token Decoded: { id: 5, userId: '4607' }
[0mGET /api/ads/my [36m304[0m 3.283 ms - -[0m
[AUTH] Token Decoded: { id: 5, userId: '4607' }
[AUTH] Fetching profile for ID: 5
[DEBUG] Processing profile for goog
[AUTH] Token Decoded: { id: 5, userId: '4607' }
[0mGET /api/auth/profile [36m304[0m 10.855 ms - -[0m
[0mGET /api/wallet/history [36m304[0m 6.764 ms - -[0m
[AUTH] Token Decoded: { id: 5, userId: '4607' }
[AUTH] Token Decoded: { id: 5, userId: '4607' }
[AUTH] Fetching profile for ID: 5
[0mGET /api/wallet/history [36m304[0m 8.525 ms - -[0m
[DEBUG] Processing profile for goog
[0mGET /api/auth/profile [36m304[0m 11.403 ms - -[0m
[AUTH] Token Decoded: { id: 5, userId: '4607' }
[0mGET /api/wallet/history [36m304[0m 5.836 ms - -[0m
[AUTH] Token Decoded: { id: 5, userId: '4607' }
[AUTH] Fetching profile for ID: 5
[DEBUG] Processing profile for goog
[0mGET /api/auth/profile [36m304[0m 8.279 ms - -[0m
[AUTH] Token Decoded: { id: 5, userId: '4607' }
[AUTH] Token Decoded: { id: 5, userId: '4607' }
[AUTH] Fetching profile for ID: 5
[0mGET /api/wallet/history [36m304[0m 8.466 ms - -[0m
[DEBUG] Processing profile for goog
[0mGET /api/auth/profile [36m304[0m 11.670 ms - -[0m
[AUTH] Token Decoded: { id: 5, userId: '4607' }
[AUTH] Token Decoded: { id: 5, userId: '4607' }
[AUTH] Fetching profile for ID: 5
[0mGET /api/wallet/history [36m304[0m 8.444 ms - -[0m
[DEBUG] Processing profile for goog
[0mGET /api/auth/profile [36m304[0m 12.215 ms - -[0m
[AUTH] Token Decoded: { id: 5, userId: '4607' }
[AUTH] Fetching profile for ID: 5
[AUTH] Token Decoded: { id: 5, userId: '4607' }
[DEBUG] Processing profile for goog
[0mGET /api/wallet/history [36m304[0m 5.712 ms - -[0m
[0mGET /api/auth/profile [36m304[0m 14.578 ms - -[0m
[AUTH] Token Decoded: { id: 5, userId: '4607' }
[AUTH] Token Decoded: { id: 5, userId: '4607' }
[AUTH] Fetching profile for ID: 5
[0mGET /api/wallet/history [36m304[0m 8.448 ms - -[0m
[DEBUG] Processing profile for goog
[0mGET /api/auth/profile [36m304[0m 11.269 ms - -[0m
[AUTH] Token Decoded: { id: 5, userId: '4607' }
[0mGET /api/ads/my [36m304[0m 3.379 ms - -[0m
[AUTH] Token Decoded: { id: 5, userId: '4607' }
[AUTH] Token Decoded: { id: 5, userId: '4607' }
[AUTH] Fetching profile for ID: 5
[0mGET /api/wallet/history [36m304[0m 8.137 ms - -[0m
[DEBUG] Processing profile for goog
[0mGET /api/auth/profile [36m304[0m 11.409 ms - -[0m
[AUTH] Token Decoded: { id: 5, userId: '4607' }
[0mGET /api/chat/conversations [32m200[0m 4.503 ms - 27101[0m
[AUTH] Token Decoded: { id: 5, userId: '4607' }
[AUTH] Fetching profile for ID: 5
[AUTH] Token Decoded: { id: 5, userId: '4607' }
[DEBUG] Processing profile for goog
[0mGET /api/wallet/history [36m304[0m 5.654 ms - -[0m
[0mGET /api/auth/profile [36m304[0m 14.483 ms - -[0m
[AUTH] Token Decoded: { id: 5, userId: '4607' }
[AUTH] Fetching profile for ID: 5
[AUTH] Token Decoded: { id: 5, userId: '4607' }
[DEBUG] Processing profile for goog
[0mGET /api/wallet/history [36m304[0m 5.013 ms - -[0m
[0mGET /api/auth/profile [36m304[0m 12.963 ms - -[0m
[AUTH] Token Decoded: { id: 5, userId: '4607' }
[0mGET /api/wallet/history [36m304[0m 5.026 ms - -[0m
[AUTH] Token Decoded: { id: 5, userId: '4607' }
[AUTH] Fetching profile for ID: 5
[DEBUG] Processing profile for goog
[0mGET /api/auth/profile [36m304[0m 8.083 ms - -[0m
[AUTH] Token Decoded: { id: 5, userId: '4607' }
[AUTH] Fetching profile for ID: 5
[AUTH] Token Decoded: { id: 5, userId: '4607' }
[DEBUG] Processing profile for goog
[0mGET /api/wallet/history [36m304[0m 5.261 ms - -[0m
[0mGET /api/auth/profile [36m304[0m 14.077 ms - -[0m
[AUTH] Token Decoded: { id: 5, userId: '4607' }
[0mGET /api/ads/my [36m304[0m 3.423 ms - -[0m
[AUTH] Token Decoded: { id: 5, userId: '4607' }
[0mGET /api/wallet/history [36m304[0m 5.995 ms - -[0m
[AUTH] Token Decoded: { id: 5, userId: '4607' }
[AUTH] Fetching profile for ID: 5
[DEBUG] Processing profile for goog
[0mGET /api/auth/profile [36m304[0m 8.976 ms - -[0m
[AUTH] Token Decoded: { id: 5, userId: '4607' }
[AUTH] Fetching profile for ID: 5
[AUTH] Token Decoded: { id: 5, userId: '4607' }
[DEBUG] Processing profile for goog
[0mGET /api/wallet/history [36m304[0m 6.190 ms - -[0m
[0mGET /api/auth/profile [36m304[0m 15.037 ms - -[0m
[AUTH] Token Decoded: { id: 5, userId: '4607' }
[AUTH] Token Decoded: { id: 5, userId: '4607' }
[AUTH] Fetching profile for ID: 5
[0mGET /api/wallet/history [36m304[0m 8.133 ms - -[0m
[DEBUG] Processing profile for goog
[0mGET /api/auth/profile [36m304[0m 10.985 ms - -[0m
[AUTH] Token Decoded: { id: 5, userId: '4607' }
[AUTH] Token Decoded: { id: 5, userId: '4607' }
[AUTH] Fetching profile for ID: 5
[0mGET /api/wallet/history [36m304[0m 8.767 ms - -[0m
[DEBUG] Processing profile for goog
[0mGET /api/auth/profile [36m304[0m 11.122 ms - -[0m
[AUTH] Token Decoded: { id: 5, userId: '4607' }
[AUTH] Token Decoded: { id: 5, userId: '4607' }
[AUTH] Fetching profile for ID: 5
[0mGET /api/wallet/history [36m304[0m 8.692 ms - -[0m
[DEBUG] Processing profile for goog
[0mGET /api/auth/profile [36m304[0m 12.458 ms - -[0m
[AUTH] Token Decoded: { id: 5, userId: '4607' }
[AUTH] Fetching profile for ID: 5
[AUTH] Token Decoded: { id: 5, userId: '4607' }
[DEBUG] Processing profile for goog
[AUTH] Token Decoded: { id: 5, userId: '4607' }
[0mGET /api/wallet/history [36m304[0m 8.791 ms - -[0m
[0mGET /api/ads/my [36m304[0m 6.280 ms - -[0m
[0mGET /api/auth/profile [36m304[0m 24.220 ms - -[0m
[AUTH] Token Decoded: { id: 5, userId: '4607' }
[AUTH] Token Decoded: { id: 5, userId: '4607' }
[AUTH] Fetching profile for ID: 5
[0mGET /api/wallet/history [36m304[0m 7.958 ms - -[0m
[DEBUG] Processing profile for goog
[0mGET /api/auth/profile [36m304[0m 16.417 ms - -[0m
[AUTH] Token Decoded: { id: 5, userId: '4607' }
[AUTH] Fetching profile for ID: 5
[DEBUG] Processing profile for goog
[0mGET /api/auth/profile [36m304[0m 9.301 ms - -[0m
[AUTH] Token Decoded: { id: 5, userId: '4607' }
[0mGET /api/wallet/history [36m304[0m 7.933 ms - -[0m
[AUTH] Token Decoded: { id: 5, userId: '4607' }
[AUTH] Token Decoded: { id: 5, userId: '4607' }
[AUTH] Fetching profile for ID: 5
[0mGET /api/wallet/history [36m304[0m 8.597 ms - -[0m
[DEBUG] Processing profile for goog
[0mGET /api/auth/profile [36m304[0m 11.163 ms - -[0m
[AUTH] Token Decoded: { id: 5, userId: '4607' }
[0mGET /api/chat/conversations [32m200[0m 4.756 ms - 27101[0m
[AUTH] Token Decoded: { id: 5, userId: '4607' }
[0mGET /api/wallet/history [36m304[0m 6.217 ms - -[0m
[AUTH] Token Decoded: { id: 5, userId: '4607' }
[AUTH] Fetching profile for ID: 5
[DEBUG] Processing profile for goog
[0mGET /api/auth/profile [36m304[0m 9.401 ms - -[0m
[AUTH] Token Decoded: { id: 5, userId: '4607' }
[0mGET /api/wallet/history [36m304[0m 6.248 ms - -[0m
[AUTH] Token Decoded: { id: 5, userId: '4607' }
[AUTH] Fetching profile for ID: 5
[DEBUG] Processing profile for goog
[0mGET /api/auth/profile [36m304[0m 8.645 ms - -[0m
[AUTH] Token Decoded: { id: 5, userId: '4607' }
[0mGET /api/wallet/history [36m304[0m 5.964 ms - -[0m
[AUTH] Token Decoded: { id: 5, userId: '4607' }
[AUTH] Fetching profile for ID: 5
[DEBUG] Processing profile for goog
[0mGET /api/auth/profile [36m304[0m 10.013 ms - -[0m
[AUTH] Token Decoded: { id: 5, userId: '4607' }
[0mGET /api/wallet/history [36m304[0m 4.812 ms - -[0m
[AUTH] Token Decoded: { id: 5, userId: '4607' }
[AUTH] Fetching profile for ID: 5
[DEBUG] Processing profile for goog
[0mGET /api/auth/profile [36m304[0m 7.321 ms - -[0m
[AUTH] Token Decoded: { id: 5, userId: '4607' }
[AUTH] Token Decoded: { id: 5, userId: '4607' }
[AUTH] Fetching profile for ID: 5
[AUTH] Token Decoded: { id: 5, userId: '4607' }
[0mGET /api/ads/my [36m304[0m 10.182 ms - -[0m
[DEBUG] Processing profile for goog
[0mGET /api/wallet/history [36m304[0m 7.770 ms - -[0m
[0mGET /api/auth/profile [36m304[0m 16.664 ms - -[0m
[AUTH] Token Decoded: { id: 5, userId: '4607' }
[AUTH] Token Decoded: { id: 5, userId: '4607' }
[AUTH] Fetching profile for ID: 5
[0mGET /api/wallet/history [36m304[0m 9.012 ms - -[0m
[DEBUG] Processing profile for goog
[0mGET /api/auth/profile [36m304[0m 11.078 ms - -[0m
[AUTH] Token Decoded: { id: 5, userId: '4607' }
[AUTH] Fetching profile for ID: 5
[AUTH] Token Decoded: { id: 5, userId: '4607' }
[DEBUG] Processing profile for goog
[0mGET /api/wallet/history [36m304[0m 5.467 ms - -[0m
[0mGET /api/auth/profile [36m304[0m 13.899 ms - -[0m
[AUTH] Token Decoded: { id: 5, userId: '4607' }
[0mGET /api/wallet/history [36m304[0m 5.882 ms - -[0m
[AUTH] Token Decoded: { id: 5, userId: '4607' }
[AUTH] Fetching profile for ID: 5
[DEBUG] Processing profile for goog
[0mGET /api/auth/profile [36m304[0m 9.075 ms - -[0m
[AUTH] Token Decoded: { id: 5, userId: '4607' }
[AUTH] Fetching profile for ID: 5
[AUTH] Token Decoded: { id: 5, userId: '4607' }
[DEBUG] Processing profile for goog
[0mGET /api/wallet/history [36m304[0m 6.114 ms - -[0m
[0mGET /api/auth/profile [36m304[0m 15.317 ms - -[0m
[AUTH] Token Decoded: { id: 5, userId: '4607' }
[AUTH] Fetching profile for ID: 5
[DEBUG] Processing profile for goog
[0mGET /api/auth/profile [36m304[0m 8.639 ms - -[0m
[AUTH] Token Decoded: { id: 5, userId: '4607' }
[0mGET /api/wallet/history [36m304[0m 5.661 ms - -[0m
[AUTH] Token Decoded: { id: 5, userId: '4607' }
[0mGET /api/wallet/history [36m304[0m 5.994 ms - -[0m
[AUTH] Token Decoded: { id: 5, userId: '4607' }
[AUTH] Fetching profile for ID: 5
[DEBUG] Processing profile for goog
[0mGET /api/auth/profile [36m304[0m 9.100 ms - -[0m
[AUTH] Token Decoded: { id: 5, userId: '4607' }
[AUTH] Fetching profile for ID: 5
[AUTH] Token Decoded: { id: 5, userId: '4607' }
[DEBUG] Processing profile for goog
[0mGET /api/wallet/history [36m304[0m 5.660 ms - -[0m
[0mGET /api/auth/profile [36m304[0m 14.555 ms - -[0m
[AUTH] Token Decoded: { id: 5, userId: '4607' }
[0mGET /api/wallet/history [36m304[0m 5.995 ms - -[0m
[AUTH] Token Decoded: { id: 5, userId: '4607' }
[AUTH] Fetching profile for ID: 5
[DEBUG] Processing profile for goog
[0mGET /api/auth/profile [36m304[0m 9.466 ms - -[0m
[AUTH] Token Decoded: { id: 5, userId: '4607' }
[0mGET /api/wallet/history [36m304[0m 5.972 ms - -[0m
[AUTH] Token Decoded: { id: 5, userId: '4607' }
[AUTH] Fetching profile for ID: 5
[DEBUG] Processing profile for goog
[0mGET /api/auth/profile [36m304[0m 8.712 ms - -[0m
[AUTH] Token Decoded: { id: 5, userId: '4607' }
[AUTH] Fetching profile for ID: 5
[DEBUG] Processing profile for goog
[AUTH] Token Decoded: { id: 5, userId: '4607' }
[0mGET /api/auth/profile [36m304[0m 12.511 ms - -[0m
[0mGET /api/wallet/history [36m304[0m 7.550 ms - -[0m
[AUTH] Token Decoded: { id: 5, userId: '4607' }
[0mGET /api/chat/conversations [32m200[0m 4.625 ms - 27101[0m
[AUTH] Token Decoded: { id: 5, userId: '4607' }
[AUTH] Fetching profile for ID: 5
[DEBUG] Processing profile for goog
[0mGET /api/auth/profile [36m304[0m 8.613 ms - -[0m
[AUTH] Token Decoded: { id: 5, userId: '4607' }
[AUTH] Token Decoded: { id: 5, userId: '4607' }
[0mGET /api/ads/my [36m304[0m 5.663 ms - -[0m
[0mGET /api/wallet/history [36m304[0m 5.919 ms - -[0m
[AUTH] Token Decoded: { id: 5, userId: '4607' }
[AUTH] Token Decoded: { id: 5, userId: '4607' }
[AUTH] Fetching profile for ID: 5
[0mGET /api/wallet/history [36m304[0m 8.320 ms - -[0m
[DEBUG] Processing profile for goog
[0mGET /api/auth/profile [36m304[0m 10.888 ms - -[0m
[AUTH] Token Decoded: { id: 5, userId: '4607' }
[0mGET /api/wallet/history [36m304[0m 6.430 ms - -[0m
[AUTH] Token Decoded: { id: 5, userId: '4607' }
[AUTH] Fetching profile for ID: 5
[DEBUG] Processing profile for goog
[0mGET /api/auth/profile [36m304[0m 8.819 ms - -[0m
[AUTH] Token Decoded: { id: 5, userId: '4607' }
[0mGET /api/wallet/history [36m304[0m 5.904 ms - -[0m
[AUTH] Token Decoded: { id: 5, userId: '4607' }
[AUTH] Fetching profile for ID: 5
[DEBUG] Processing profile for goog
[0mGET /api/auth/profile [36m304[0m 8.470 ms - -[0m
[AUTH] Token Decoded: { id: 5, userId: '4607' }
[AUTH] Fetching profile for ID: 5
[AUTH] Token Decoded: { id: 5, userId: '4607' }
[DEBUG] Processing profile for goog
[0mGET /api/wallet/history [36m304[0m 5.335 ms - -[0m
[0mGET /api/auth/profile [36m304[0m 13.931 ms - -[0m
[AUTH] Token Decoded: { id: 5, userId: '4607' }
[0mGET /api/wallet/history [36m304[0m 5.768 ms - -[0m
[AUTH] Token Decoded: { id: 5, userId: '4607' }
[AUTH] Fetching profile for ID: 5
[DEBUG] Processing profile for goog
[0mGET /api/auth/profile [36m304[0m 8.669 ms - -[0m
[AUTH] Token Decoded: { id: 5, userId: '4607' }
[0mGET /api/wallet/history [36m304[0m 6.081 ms - -[0m
[AUTH] Token Decoded: { id: 5, userId: '4607' }
[AUTH] Fetching profile for ID: 5
[DEBUG] Processing profile for goog
[0mGET /api/auth/profile [36m304[0m 9.099 ms - -[0m
[AUTH] Token Decoded: { id: 5, userId: '4607' }
[0mGET /api/wallet/history [36m304[0m 5.957 ms - -[0m
[AUTH] Token Decoded: { id: 5, userId: '4607' }
[AUTH] Fetching profile for ID: 5
[DEBUG] Processing profile for goog
[0mGET /api/auth/profile [36m304[0m 9.544 ms - -[0m
[AUTH] Token Decoded: { id: 5, userId: '4607' }
[0mGET /api/wallet/history [36m304[0m 6.116 ms - -[0m
[AUTH] Token Decoded: { id: 5, userId: '4607' }
[AUTH] Fetching profile for ID: 5
[DEBUG] Processing profile for goog
[0mGET /api/auth/profile [36m304[0m 8.649 ms - -[0m
[AUTH] Token Decoded: { id: 5, userId: '4607' }
[0mGET /api/wallet/history [36m304[0m 6.000 ms - -[0m
[AUTH] Token Decoded: { id: 5, userId: '4607' }
[AUTH] Fetching profile for ID: 5
[DEBUG] Processing profile for goog
[0mGET /api/auth/profile [36m304[0m 8.180 ms - -[0m
[AUTH] Token Decoded: { id: 5, userId: '4607' }
[AUTH] Fetching profile for ID: 5
[AUTH] Token Decoded: { id: 5, userId: '4607' }
[DEBUG] Processing profile for goog
[0mGET /api/wallet/history [36m304[0m 5.485 ms - -[0m
[0mGET /api/auth/profile [36m304[0m 13.834 ms - -[0m
[AUTH] Token Decoded: { id: 5, userId: '4607' }
[0mGET /api/ads/my [36m304[0m 3.429 ms - -[0m
[AUTH] Token Decoded: { id: 5, userId: '4607' }
[0mGET /api/wallet/history [36m304[0m 5.975 ms - -[0m
[AUTH] Token Decoded: { id: 5, userId: '4607' }
[AUTH] Fetching profile for ID: 5
[DEBUG] Processing profile for goog
[0mGET /api/auth/profile [36m304[0m 8.686 ms - -[0m
[AUTH] Token Decoded: { id: 5, userId: '4607' }
[AUTH] Fetching profile for ID: 5
[DEBUG] Processing profile for goog
[0mGET /api/auth/profile [36m304[0m 8.702 ms - -[0m
[AUTH] Token Decoded: { id: 5, userId: '4607' }
[0mGET /api/wallet/history [36m304[0m 5.741 ms - -[0m
[AUTH] Token Decoded: { id: 5, userId: '4607' }
[AUTH] Token Decoded: { id: 5, userId: '4607' }
[AUTH] Fetching profile for ID: 5
[0mGET /api/wallet/history [36m304[0m 8.535 ms - -[0m
[DEBUG] Processing profile for goog
[0mGET /api/auth/profile [36m304[0m 11.695 ms - -[0m
[AUTH] Token Decoded: { id: 5, userId: '4607' }
[0mGET /api/wallet/history [36m304[0m 4.886 ms - -[0m
[AUTH] Token Decoded: { id: 5, userId: '4607' }
[AUTH] Fetching profile for ID: 5
[DEBUG] Processing profile for goog
[0mGET /api/auth/profile [36m304[0m 8.290 ms - -[0m
[AUTH] Token Decoded: { id: 5, userId: '4607' }
[AUTH] Fetching profile for ID: 5
[AUTH] Token Decoded: { id: 5, userId: '4607' }
[DEBUG] Processing profile for goog
[0mGET /api/wallet/history [36m304[0m 4.993 ms - -[0m
[0mGET /api/auth/profile [36m304[0m 14.068 ms - -[0m
[AUTH] Token Decoded: { id: 5, userId: '4607' }
[AUTH] Token Decoded: { id: 5, userId: '4607' }
[0mGET /api/wallet/history [36m304[0m 6.394 ms - -[0m
[0mGET /api/chat/conversations [32m200[0m 6.905 ms - 27101[0m
[AUTH] Token Decoded: { id: 5, userId: '4607' }
[AUTH] Fetching profile for ID: 5
[DEBUG] Processing profile for goog
[0mGET /api/auth/profile [36m304[0m 7.789 ms - -[0m
[AUTH] Token Decoded: { id: 5, userId: '4607' }
[0mGET /api/wallet/history [36m304[0m 6.085 ms - -[0m
[AUTH] Token Decoded: { id: 5, userId: '4607' }
[AUTH] Fetching profile for ID: 5
[DEBUG] Processing profile for goog
[0mGET /api/auth/profile [36m304[0m 8.218 ms - -[0m
[AUTH] Token Decoded: { id: 5, userId: '4607' }
[AUTH] Fetching profile for ID: 5
[DEBUG] Processing profile for goog
[AUTH] Token Decoded: { id: 5, userId: '4607' }
[0mGET /api/auth/profile [36m304[0m 11.927 ms - -[0m
[0mGET /api/wallet/history [36m304[0m 7.054 ms - -[0m
[AUTH] Token Decoded: { id: 5, userId: '4607' }
[0mGET /api/wallet/history [36m304[0m 6.274 ms - -[0m
[AUTH] Token Decoded: { id: 5, userId: '4607' }
[AUTH] Fetching profile for ID: 5
[DEBUG] Processing profile for goog
[0mGET /api/auth/profile [36m304[0m 8.955 ms - -[0m
[AUTH] Token Decoded: { id: 5, userId: '4607' }
[AUTH] Token Decoded: { id: 5, userId: '4607' }
[AUTH] Fetching profile for ID: 5
[0mGET /api/wallet/history [36m304[0m 8.390 ms - -[0m
[DEBUG] Processing profile for goog
[0mGET /api/auth/profile [36m304[0m 11.741 ms - -[0m
[AUTH] Token Decoded: { id: 5, userId: '4607' }
[AUTH] Fetching profile for ID: 5
[AUTH] Token Decoded: { id: 5, userId: '4607' }
[DEBUG] Processing profile for goog
[0mGET /api/ads/my [36m304[0m 5.035 ms - -[0m
[AUTH] Token Decoded: { id: 5, userId: '4607' }
[0mGET /api/auth/profile [36m304[0m 17.116 ms - -[0m
[0mGET /api/wallet/history [36m304[0m 6.730 ms - -[0m
[AUTH] Token Decoded: { id: 5, userId: '4607' }
[0mGET /api/wallet/history [36m304[0m 5.965 ms - -[0m
[AUTH] Token Decoded: { id: 5, userId: '4607' }
[AUTH] Fetching profile for ID: 5
[DEBUG] Processing profile for goog
[0mGET /api/auth/profile [36m304[0m 8.445 ms - -[0m
[AUTH] Token Decoded: { id: 5, userId: '4607' }
[AUTH] Fetching profile for ID: 5
[DEBUG] Processing profile for goog
[AUTH] Token Decoded: { id: 5, userId: '4607' }
[0mGET /api/auth/profile [36m304[0m 11.983 ms - -[0m
[0mGET /api/wallet/history [36m304[0m 6.590 ms - -[0m
[AUTH] Token Decoded: { id: 5, userId: '4607' }
[AUTH] Token Decoded: { id: 5, userId: '4607' }
[AUTH] Fetching profile for ID: 5
[0mGET /api/wallet/history [36m304[0m 8.996 ms - -[0m
[DEBUG] Processing profile for goog
[0mGET /api/auth/profile [36m304[0m 11.234 ms - -[0m
[AUTH] Token Decoded: { id: 5, userId: '4607' }
[AUTH] Fetching profile for ID: 5
[AUTH] Token Decoded: { id: 5, userId: '4607' }
[DEBUG] Processing profile for goog
[0mGET /api/wallet/history [36m304[0m 5.634 ms - -[0m
[0mGET /api/auth/profile [36m304[0m 15.098 ms - -[0m
[AUTH] Token Decoded: { id: 5, userId: '4607' }
[AUTH] Fetching profile for ID: 5
[DEBUG] Processing profile for goog
[0mGET /api/auth/profile [36m304[0m 9.579 ms - -[0m
[AUTH] Token Decoded: { id: 5, userId: '4607' }
[0mGET /api/wallet/history [36m304[0m 5.949 ms - -[0m
[AUTH] Token Decoded: { id: 5, userId: '4607' }
[AUTH] Token Decoded: { id: 5, userId: '4607' }
[AUTH] Fetching profile for ID: 5
[0mGET /api/wallet/history [36m304[0m 8.304 ms - -[0m
[DEBUG] Processing profile for goog
[0mGET /api/auth/profile [36m304[0m 11.586 ms - -[0m
[AUTH] Token Decoded: { id: 5, userId: '4607' }
[AUTH] Fetching profile for ID: 5
[DEBUG] Processing profile for goog
[AUTH] Token Decoded: { id: 5, userId: '4607' }
[0mGET /api/auth/profile [36m304[0m 11.953 ms - -[0m
[0mGET /api/wallet/history [36m304[0m 7.216 ms - -[0m
[AUTH] Token Decoded: { id: 5, userId: '4607' }
[AUTH] Fetching profile for ID: 5
[AUTH] Token Decoded: { id: 5, userId: '4607' }
[DEBUG] Processing profile for goog
[0mGET /api/wallet/history [36m304[0m 5.658 ms - -[0m
[0mGET /api/auth/profile [36m304[0m 14.754 ms - -[0m
[AUTH] Token Decoded: { id: 5, userId: '4607' }
[AUTH] Fetching profile for ID: 5
[AUTH] Token Decoded: { id: 5, userId: '4607' }
[DEBUG] Processing profile for goog
[0mGET /api/wallet/history [36m304[0m 6.071 ms - -[0m
[0mGET /api/auth/profile [36m304[0m 14.704 ms - -[0m
[AUTH] Token Decoded: { id: 5, userId: '4607' }
[AUTH] Token Decoded: { id: 5, userId: '4607' }
[AUTH] Fetching profile for ID: 5
[0mGET /api/wallet/history [36m304[0m 8.510 ms - -[0m
[DEBUG] Processing profile for goog
[0mGET /api/auth/profile [36m304[0m 13.292 ms - -[0m
[AUTH] Token Decoded: { id: 5, userId: '4607' }
[AUTH] Token Decoded: { id: 5, userId: '4607' }
[0mGET /api/chat/conversations [32m200[0m 6.176 ms - 27101[0m
[0mGET /api/ads/my [36m304[0m 5.436 ms - -[0m
[AUTH] Token Decoded: { id: 5, userId: '4607' }
[AUTH] Fetching profile for ID: 5
[AUTH] Token Decoded: { id: 5, userId: '4607' }
[DEBUG] Processing profile for goog
[0mGET /api/wallet/history [36m304[0m 5.684 ms - -[0m
[0mGET /api/auth/profile [36m304[0m 13.782 ms - -[0m
[AUTH] Token Decoded: { id: 5, userId: '4607' }
[AUTH] Fetching profile for ID: 5
[AUTH] Token Decoded: { id: 5, userId: '4607' }
[DEBUG] Processing profile for goog
[0mGET /api/wallet/history [36m304[0m 5.704 ms - -[0m
[0mGET /api/auth/profile [36m304[0m 14.891 ms - -[0m
[AUTH] Token Decoded: { id: 5, userId: '4607' }
[AUTH] Token Decoded: { id: 5, userId: '4607' }
[AUTH] Fetching profile for ID: 5
[0mGET /api/wallet/history [36m304[0m 9.647 ms - -[0m
[DEBUG] Processing profile for goog
[0mGET /api/auth/profile [36m304[0m 11.696 ms - -[0m
[AUTH] Token Decoded: { id: 5, userId: '4607' }
[0mGET /api/wallet/history [36m304[0m 6.033 ms - -[0m
[AUTH] Token Decoded: { id: 5, userId: '4607' }
[AUTH] Fetching profile for ID: 5
[DEBUG] Processing profile for goog
[0mGET /api/auth/profile [36m304[0m 8.177 ms - -[0m
[AUTH] Token Decoded: { id: 5, userId: '4607' }
[AUTH] Fetching profile for ID: 5
[AUTH] Token Decoded: { id: 5, userId: '4607' }
[DEBUG] Processing profile for goog
[0mGET /api/wallet/history [36m304[0m 6.186 ms - -[0m
[0mGET /api/auth/profile [36m304[0m 14.899 ms - -[0m
[AUTH] Token Decoded: { id: 5, userId: '4607' }
[AUTH] Fetching profile for ID: 5
[AUTH] Token Decoded: { id: 5, userId: '4607' }
[DEBUG] Processing profile for goog
[0mGET /api/wallet/history [36m304[0m 5.751 ms - -[0m
[0mGET /api/auth/profile [36m304[0m 14.361 ms - -[0m
[AUTH] Token Decoded: { id: 5, userId: '4607' }
[AUTH] Token Decoded: { id: 5, userId: '4607' }
[AUTH] Fetching profile for ID: 5
[0mGET /api/wallet/history [36m304[0m 8.326 ms - -[0m
[DEBUG] Processing profile for goog
[0mGET /api/auth/profile [36m304[0m 11.383 ms - -[0m
[AUTH] Token Decoded: { id: 5, userId: '4607' }
[AUTH] Fetching profile for ID: 5
[AUTH] Token Decoded: { id: 5, userId: '4607' }
[DEBUG] Processing profile for goog
[0mGET /api/wallet/history [36m304[0m 5.864 ms - -[0m
[0mGET /api/auth/profile [36m304[0m 14.852 ms - -[0m
[AUTH] Token Decoded: { id: 5, userId: '4607' }
[AUTH] Fetching profile for ID: 5
[AUTH] Token Decoded: { id: 5, userId: '4607' }
[DEBUG] Processing profile for goog
[0mGET /api/wallet/history [36m304[0m 6.013 ms - -[0m
[0mGET /api/auth/profile [36m304[0m 15.392 ms - -[0m
[AUTH] Token Decoded: { id: 5, userId: '4607' }
[AUTH] Token Decoded: { id: 5, userId: '4607' }
[AUTH] Fetching profile for ID: 5
[0mGET /api/wallet/history [36m304[0m 8.303 ms - -[0m
[DEBUG] Processing profile for goog
[0mGET /api/auth/profile [36m304[0m 11.494 ms - -[0m
[AUTH] Token Decoded: { id: 5, userId: '4607' }
[0mGET /api/ads/my [36m304[0m 3.226 ms - -[0m
[AUTH] Token Decoded: { id: 4, userId: '4208' }
[0mGET /api/chat/conversations [32m200[0m 4.642 ms - 1080[0m
[AUTH] Token Decoded: { id: 5, userId: '4607' }
[AUTH] Token Decoded: { id: 5, userId: '4607' }
[AUTH] Fetching profile for ID: 5
[AUTH] Token Decoded: { id: 5, userId: '4607' }
[AUTH] Token Decoded: { id: 5, userId: '4607' }
[AUTH] Token Decoded: { id: 5, userId: '4607' }
[AUTH] Token Decoded: { id: 5, userId: '4607' }
[AUTH] Token Decoded: { id: 5, userId: '4607' }
[AUTH] Fetching profile for ID: 5
[AUTH] Token Decoded: { id: 5, userId: '4607' }
[AUTH] Token Decoded: { id: 5, userId: '4607' }
[AUTH] Token Decoded: { id: 5, userId: '4607' }
[AUTH] Token Decoded: { id: 5, userId: '4607' }
[AUTH] Fetching profile for ID: 5
[AUTH] Token Decoded: { id: 5, userId: '4607' }
[AUTH] Token Decoded: { id: 5, userId: '4607' }
✅ Connected to PostgreSQL database
[0mGET /api/ads/my [36m304[0m 177.776 ms - -[0m
✅ Connected to PostgreSQL database
[DEBUG] Processing profile for goog
[0mGET /api/cart [32m200[0m 183.666 ms - 18646[0m
[0mGET /api/cart [32m200[0m 155.857 ms - 18646[0m
[0mGET /api/chat/conversations [32m200[0m 163.413 ms - 27101[0m
[0mGET /api/auth/profile [36m304[0m 176.597 ms - -[0m
✅ Connected to PostgreSQL database
[0mGET /api/ads/my [36m304[0m 349.604 ms - -[0m
✅ Connected to PostgreSQL database
[0mGET /api/ads/my [36m304[0m 369.014 ms - -[0m
✅ Connected to PostgreSQL database
✅ Connected to PostgreSQL database
[0mGET /api/cart [32m200[0m 393.996 ms - 18646[0m
[0mGET /api/ads/my [36m304[0m 401.694 ms - -[0m
✅ Connected to PostgreSQL database
[0mGET /api/ads/my [36m304[0m 429.465 ms - -[0m
✅ Connected to PostgreSQL database
[DEBUG] Processing profile for goog
[0mGET /api/auth/profile [36m304[0m 573.161 ms - -[0m
[AUTH] Token Decoded: { id: 5, userId: '4607' }
[0mGET /api/ads/my [36m304[0m 5.922 ms - -[0m
[AUTH] Token Decoded: { id: 5, userId: '4607' }
[0mGET /api/wallet/history [36m304[0m 10.977 ms - -[0m
[AUTH] Token Decoded: { id: 5, userId: '4607' }
[AUTH] Token Decoded: { id: 5, userId: '4607' }
[AUTH] Fetching profile for ID: 5
[0mGET /api/chat/conversations [32m200[0m 9.685 ms - 27101[0m
[DEBUG] Processing profile for goog
[0mGET /api/auth/profile [36m304[0m 18.060 ms - -[0m
✅ Connected to PostgreSQL database
[0mGET /api/wallet/history [36m304[0m 693.796 ms - -[0m
✅ Connected to PostgreSQL database
[DEBUG] Processing profile for goog
[0mGET /api/auth/profile [36m304[0m 764.053 ms - -[0m
[AUTH] Token Decoded: { id: 5, userId: '4607' }
[AUTH] Fetching profile for ID: 5
[AUTH] Token Decoded: { id: 5, userId: '4607' }
[DEBUG] Processing profile for goog
[0mGET /api/wallet/history [36m304[0m 6.561 ms - -[0m
[0mGET /api/auth/profile [36m304[0m 15.560 ms - -[0m
[AUTH] Token Decoded: { id: 5, userId: '4607' }
[AUTH] Fetching profile for ID: 5
[DEBUG] Processing profile for goog
[AUTH] Token Decoded: { id: 5, userId: '4607' }
[AUTH] Token Decoded: { id: 5, userId: '4607' }
[AUTH] Token Decoded: { id: 5, userId: '4607' }
[0mGET /api/wallet/history [36m304[0m 10.526 ms - -[0m
[0mGET /api/wallet/history [36m304[0m 7.631 ms - -[0m
[0mGET /api/wallet/history [36m304[0m 14.698 ms - -[0m
[0mGET /api/auth/profile [36m304[0m 35.369 ms - -[0m
[AUTH] Token Decoded: { id: 5, userId: '4607' }
[AUTH] Fetching profile for ID: 5
[DEBUG] Processing profile for goog
[0mGET /api/auth/profile [36m304[0m 10.639 ms - -[0m
[AUTH] Token Decoded: { id: 5, userId: '4607' }
[0mGET /api/wallet/history [36m304[0m 11.518 ms - -[0m
[AUTH] Token Decoded: { id: 5, userId: '4607' }
[0mGET /api/chat/conversations [32m200[0m 9.044 ms - 27101[0m
[AUTH] Token Decoded: { id: 5, userId: '4607' }
[AUTH] Fetching profile for ID: 5
[AUTH] Token Decoded: { id: 5, userId: '4607' }
[DEBUG] Processing profile for goog
[0mGET /api/ads/my [36m304[0m 4.713 ms - -[0m
[0mGET /api/auth/profile [36m304[0m 16.662 ms - -[0m
[AUTH] Token Decoded: { id: 5, userId: '4607' }
[AUTH] Token Decoded: { id: 5, userId: '4607' }
[AUTH] Fetching profile for ID: 5
[0mGET /api/wallet/history [36m304[0m 8.568 ms - -[0m
[DEBUG] Processing profile for goog
[0mGET /api/auth/profile [36m304[0m 18.688 ms - -[0m
[AUTH] Token Decoded: { id: 5, userId: '4607' }
[AUTH] Token Decoded: { id: 5, userId: '4607' }
[AUTH] Fetching profile for ID: 5
[0mGET /api/wallet/history [36m304[0m 10.840 ms - -[0m
[AUTH] Token Decoded: { id: 5, userId: '4607' }
[DEBUG] Processing profile for goog
[0mGET /api/chat/conversations [32m200[0m 9.238 ms - 27101[0m
[0mGET /api/auth/profile [36m304[0m 22.292 ms - -[0m
[AUTH] Token Decoded: { id: 5, userId: '4607' }
[AUTH] Token Decoded: { id: 5, userId: '4607' }
[AUTH] Fetching profile for ID: 5
[0mGET /api/wallet/history [36m304[0m 12.986 ms - -[0m
[DEBUG] Processing profile for goog
[0mGET /api/auth/profile [36m304[0m 16.818 ms - -[0m
[AUTH] Token Decoded: { id: 5, userId: '4607' }
[0mGET /api/ads/my [36m304[0m 3.707 ms - -[0m
[AUTH] Token Decoded: { id: 5, userId: '4607' }
[AUTH] Token Decoded: { id: 5, userId: '4607' }
[AUTH] Fetching profile for ID: 5
[0mGET /api/wallet/history [36m304[0m 9.178 ms - -[0m
[DEBUG] Processing profile for goog
[0mGET /api/auth/profile [36m304[0m 12.334 ms - -[0m
[AUTH] Token Decoded: { id: 5, userId: '4607' }
[0mGET /api/wallet/history [36m304[0m 10.171 ms - -[0m
[AUTH] Token Decoded: { id: 5, userId: '4607' }
[AUTH] Fetching profile for ID: 5
[DEBUG] Processing profile for goog
[0mGET /api/auth/profile [36m304[0m 10.024 ms - -[0m
[AUTH] Token Decoded: { id: 5, userId: '4607' }
[AUTH] Fetching profile for ID: 5
[DEBUG] Processing profile for goog
[AUTH] Token Decoded: { id: 5, userId: '4607' }
[AUTH] Token Decoded: { id: 5, userId: '4607' }
[0mGET /api/wallet/history [36m304[0m 15.819 ms - -[0m
[0mGET /api/ads/my [36m304[0m 10.434 ms - -[0m
[0mGET /api/auth/profile [36m304[0m 35.630 ms - -[0m
[AUTH] Token Decoded: { id: 5, userId: '4607' }
[AUTH] Fetching profile for ID: 5
[AUTH] Token Decoded: { id: 5, userId: '4607' }
[DEBUG] Processing profile for goog
[0mGET /api/wallet/history [36m304[0m 7.270 ms - -[0m
[0mGET /api/auth/profile [36m304[0m 19.783 ms - -[0m
[AUTH] Token Decoded: { id: 5, userId: '4607' }
[AUTH] Token Decoded: { id: 5, userId: '4607' }
[0mGET /api/wallet/history [36m304[0m 8.253 ms - -[0m
[0mGET /api/chat/conversations [32m200[0m 9.767 ms - 27101[0m
[AUTH] Token Decoded: { id: 5, userId: '4607' }
[AUTH] Fetching profile for ID: 5
[DEBUG] Processing profile for goog
[0mGET /api/auth/profile [36m304[0m 9.964 ms - -[0m
[AUTH] Token Decoded: { id: 5, userId: '4607' }
[AUTH] Fetching profile for ID: 5
[AUTH] Token Decoded: { id: 5, userId: '4607' }
[DEBUG] Processing profile for goog
[0mGET /api/wallet/history [36m304[0m 7.466 ms - -[0m
[0mGET /api/auth/profile [36m304[0m 29.951 ms - -[0m
[AUTH] Token Decoded: { id: 5, userId: '4607' }
[0mGET /api/ads/my [36m304[0m 3.511 ms - -[0m
[AUTH] Token Decoded: { id: 5, userId: '4607' }
[AUTH] Fetching profile for ID: 5
[AUTH] Token Decoded: { id: 5, userId: '4607' }
[DEBUG] Processing profile for goog
[0mGET /api/wallet/history [36m304[0m 13.951 ms - -[0m
[0mGET /api/auth/profile [36m304[0m 23.687 ms - -[0m
[AUTH] Token Decoded: { id: 5, userId: '4607' }
[AUTH] Fetching profile for ID: 5
[AUTH] Token Decoded: { id: 5, userId: '4607' }
[DEBUG] Processing profile for goog
[0mGET /api/wallet/history [36m304[0m 5.854 ms - -[0m
[0mGET /api/auth/profile [36m304[0m 21.608 ms - -[0m
[AUTH] Token Decoded: { id: 5, userId: '4607' }
[AUTH] Token Decoded: { id: 5, userId: '4607' }
[AUTH] Fetching profile for ID: 5
[0mGET /api/wallet/history [36m304[0m 10.052 ms - -[0m
[DEBUG] Processing profile for goog
[0mGET /api/auth/profile [36m304[0m 13.720 ms - -[0m
[AUTH] Token Decoded: { id: 5, userId: '4607' }
[AUTH] Token Decoded: { id: 5, userId: '4607' }
[AUTH] Fetching profile for ID: 5
[0mGET /api/wallet/history [36m304[0m 8.542 ms - -[0m
[DEBUG] Processing profile for goog
[0mGET /api/auth/profile [36m304[0m 12.937 ms - -[0m
[AUTH] Token Decoded: { id: 5, userId: '4607' }
[0mGET /api/ads/my [36m304[0m 7.764 ms - -[0m
[AUTH] Token Decoded: { id: 5, userId: '4607' }
[0mGET /api/wallet/history [36m304[0m 6.693 ms - -[0m
[AUTH] Token Decoded: { id: 5, userId: '4607' }
[0mGET /api/chat/conversations [32m200[0m 5.445 ms - 27101[0m
[AUTH] Token Decoded: { id: 5, userId: '4607' }
[0mGET /api/chat/conversations [32m200[0m 9.042 ms - 27101[0m
[AUTH] Token Decoded: { id: 5, userId: '4607' }
[0mGET /api/chat/conversations [32m200[0m 4.923 ms - 27101[0m
[AUTH] Token Decoded: { id: 5, userId: '4607' }
[0mGET /api/chat/conversations [32m200[0m 5.323 ms - 27101[0m
[AUTH] Token Decoded: { id: 5, userId: '4607' }
[0mGET /api/chat/conversations [32m200[0m 5.066 ms - 27101[0m
[AUTH] Token Decoded: { id: 5, userId: '4607' }
[AUTH] Fetching profile for ID: 5
[DEBUG] Processing profile for goog
[0mGET /api/auth/profile [36m304[0m 26.647 ms - -[0m
[AUTH] Token Decoded: { id: 5, userId: '4607' }
[0mGET /api/chat/conversations [32m200[0m 6.308 ms - 27101[0m
[AUTH] Token Decoded: { id: 5, userId: '4607' }
[0mGET /api/chat/conversations [32m200[0m 5.261 ms - 27101[0m
[AUTH] Token Decoded: { id: 5, userId: '4607' }
[0mGET /api/cart [32m200[0m 6.208 ms - 18646[0m
[AUTH] Token Decoded: { id: 5, userId: '4607' }
[0mGET /api/chat/conversations [32m200[0m 4.855 ms - 27101[0m
[AUTH] Token Decoded: { id: 4, userId: '4208' }
[0mGET /api/chat/conversations [32m200[0m 4.917 ms - 1080[0m
[AUTH] Token Decoded: { id: 5, userId: '4607' }
[AUTH] Token Decoded: { id: 5, userId: '4607' }
[AUTH] Token Decoded: { id: 5, userId: '4607' }
[AUTH] Token Decoded: { id: 5, userId: '4607' }
✅ Connected to PostgreSQL database
[0mGET /api/cart [32m200[0m 91.157 ms - 18646[0m
✅ Connected to PostgreSQL database
[0mGET /api/chat/conversations [32m200[0m 140.262 ms - 27101[0m
✅ Connected to PostgreSQL database
[0mGET /api/cart [32m200[0m 138.801 ms - 18646[0m
✅ Connected to PostgreSQL database
[0mGET /api/cart [32m200[0m 190.101 ms - 18646[0m
[AUTH] Token Decoded: { id: 5, userId: '4607' }
[0mGET /api/chat/conversations [32m200[0m 20.874 ms - 27101[0m
[AUTH] Token Decoded: { id: 5, userId: '4607' }
[0mGET /api/chat/conversations [32m200[0m 7.022 ms - 27101[0m
[AUTH] Token Decoded: { id: 5, userId: '4607' }
[0mGET /api/chat/conversations [32m200[0m 5.563 ms - 27101[0m
[AUTH] Token Decoded: { id: 5, userId: '4607' }
[0mGET /api/chat/conversations [32m200[0m 4.714 ms - 27101[0m
[AUTH] Token Decoded: { id: 5, userId: '4607' }
[0mGET /api/chat/conversations [32m200[0m 3.847 ms - 27101[0m
[AUTH] Token Decoded: { id: 5, userId: '4607' }
[0mGET /api/chat/conversations [32m200[0m 4.719 ms - 27101[0m
[AUTH] Token Decoded: { id: 5, userId: '4607' }
[0mGET /api/chat/conversations [32m200[0m 11.855 ms - 27101[0m
[AUTH] Token Decoded: { id: 5, userId: '4607' }
[0mGET /api/chat/conversations [32m200[0m 5.057 ms - 27101[0m
[AUTH] Token Decoded: { id: 5, userId: '4607' }
[0mGET /api/chat/conversations [32m200[0m 8.480 ms - 27101[0m
[AUTH] Token Decoded: { id: 5, userId: '4607' }
[0mGET /api/chat/conversations [32m200[0m 4.859 ms - 27101[0m
[AUTH] Token Decoded: { id: 5, userId: '4607' }
[0mGET /api/chat/conversations [32m200[0m 4.761 ms - 27101[0m
[AUTH] Token Decoded: { id: 5, userId: '4607' }
[0mGET /api/chat/conversations [32m200[0m 5.482 ms - 27101[0m
[AUTH] Token Decoded: { id: 5, userId: '4607' }
[0mGET /api/chat/conversations [32m200[0m 5.773 ms - 27101[0m
[AUTH] Token Decoded: { id: 5, userId: '4607' }
[0mGET /api/chat/conversations [32m200[0m 6.558 ms - 27101[0m
[AUTH] Token Decoded: { id: 5, userId: '4607' }
[0mGET /api/chat/conversations [32m200[0m 4.635 ms - 27101[0m
[AUTH] Token Decoded: { id: 5, userId: '4607' }
[0mGET /api/chat/conversations [32m200[0m 4.967 ms - 27101[0m
[AUTH] Token Decoded: { id: 5, userId: '4607' }
[0mGET /api/chat/conversations [32m200[0m 4.673 ms - 27101[0m
[AUTH] Token Decoded: { id: 5, userId: '4607' }
[0mGET /api/chat/conversations [32m200[0m 4.117 ms - 27101[0m
[AUTH] Token Decoded: { id: 5, userId: '4607' }
[0mGET /api/chat/conversations [32m200[0m 4.567 ms - 27101[0m
[AUTH] Token Decoded: { id: 5, userId: '4607' }
[0mGET /api/chat/conversations [32m200[0m 4.706 ms - 27101[0m
[AUTH] Token Decoded: { id: 5, userId: '4607' }
[0mGET /api/chat/conversations [32m200[0m 4.591 ms - 27101[0m
[AUTH] Token Decoded: { id: 5, userId: '4607' }
[0mGET /api/chat/conversations [32m200[0m 4.683 ms - 27101[0m
[AUTH] Token Decoded: { id: 5, userId: '4607' }
[0mGET /api/chat/conversations [32m200[0m 4.411 ms - 27101[0m
[AUTH] Token Decoded: { id: 4, userId: '4208' }
[0mGET /api/chat/conversations [32m200[0m 4.707 ms - 1080[0m
[AUTH] Token Decoded: { id: 5, userId: '4607' }
[0mGET /api/chat/conversations [32m200[0m 4.556 ms - 27101[0m
[AUTH] Token Decoded: { id: 5, userId: '4607' }
[0mGET /api/chat/conversations [32m200[0m 4.717 ms - 27101[0m
[AUTH] Token Decoded: { id: 5, userId: '4607' }
[0mGET /api/chat/conversations [32m200[0m 4.694 ms - 27101[0m
[AUTH] Token Decoded: { id: 5, userId: '4607' }
[0mGET /api/chat/conversations [32m200[0m 4.465 ms - 27101[0m
[AUTH] Token Decoded: { id: 5, userId: '4607' }
[0mGET /api/chat/conversations [32m200[0m 4.478 ms - 27101[0m
[AUTH] Token Decoded: { id: 5, userId: '4607' }
[0mGET /api/chat/conversations [32m200[0m 4.484 ms - 27101[0m
[AUTH] Token Decoded: { id: 5, userId: '4607' }
[0mPOST /api/wallet/pay-order [32m200[0m 28.955 ms - 174[0m
[AUTH] Token Decoded: { id: 5, userId: '4607' }
[0mPOST /api/ads [32m201[0m 14.477 ms - 1101[0m
[AUTH] Token Decoded: { id: 5, userId: '4607' }
[0mGET /api/chat/conversations [32m200[0m 4.679 ms - 27101[0m
[AUTH] Token Decoded: { id: 5, userId: '4607' }
[0mGET /api/chat/conversations [32m200[0m 4.564 ms - 27101[0m
[AUTH] Token Decoded: { id: 5, userId: '4607' }
[0mGET /api/ads/my [32m200[0m 3.373 ms - 1104[0m
[AUTH] Token Decoded: { id: 5, userId: '4607' }
[0mGET /api/chat/conversations [32m200[0m 4.674 ms - 27101[0m
[AUTH] Token Decoded: { id: 5, userId: '4607' }
[0mGET /api/chat/conversations [32m200[0m 4.240 ms - 27101[0m
[AUTH] Token Decoded: { id: 5, userId: '4607' }
[0mGET /api/chat/conversations [32m200[0m 4.611 ms - 27101[0m
[AUTH] Token Decoded: { id: 5, userId: '4607' }
[0mGET /api/chat/conversations [32m200[0m 4.617 ms - 27101[0m
[AUTH] Token Decoded: { id: 5, userId: '4607' }
[0mGET /api/chat/conversations [32m200[0m 4.819 ms - 27101[0m
[AUTH] Token Decoded: { id: 5, userId: '4607' }
[0mGET /api/chat/conversations [32m200[0m 4.595 ms - 27101[0m
[AUTH] Token Decoded: { id: 5, userId: '4607' }
[AUTH] Fetching profile for ID: 5
[DEBUG] Processing profile for goog
[0mGET /api/auth/profile [32m200[0m 11.847 ms - 1178[0m
[AUTH] Token Decoded: { id: 5, userId: '4607' }
[0mGET /api/chat/conversations [32m200[0m 4.423 ms - 27101[0m
[AUTH] Token Decoded: { id: 5, userId: '4607' }
[0mGET /api/chat/conversations [32m200[0m 4.711 ms - 27101[0m
[AUTH] Token Decoded: { id: 5, userId: '4607' }
[0mGET /api/chat/conversations [32m200[0m 4.860 ms - 27101[0m
[AUTH] Token Decoded: { id: 5, userId: '4607' }
[0mGET /api/chat/conversations [32m200[0m 4.833 ms - 27101[0m
[AUTH] Token Decoded: { id: 5, userId: '4607' }
[0mGET /api/ads/my [36m304[0m 3.607 ms - -[0m
[AUTH] Token Decoded: { id: 5, userId: '4607' }
[0mGET /api/chat/conversations [32m200[0m 4.678 ms - 27101[0m
[AUTH] Token Decoded: { id: 5, userId: '4607' }
[0mGET /api/chat/conversations [32m200[0m 8.268 ms - 27101[0m
[AUTH] Token Decoded: { id: 5, userId: '4607' }
[0mGET /api/chat/conversations [32m200[0m 4.739 ms - 27101[0m
[AUTH] Token Decoded: { id: 5, userId: '4607' }
[0mGET /api/chat/conversations [32m200[0m 4.759 ms - 27101[0m
[AUTH] Token Decoded: { id: 5, userId: '4607' }
[0mGET /api/chat/conversations [32m200[0m 3.907 ms - 27101[0m
[AUTH] Token Decoded: { id: 5, userId: '4607' }
[0mGET /api/chat/conversations [32m200[0m 4.214 ms - 27101[0m
[AUTH] Token Decoded: { id: 5, userId: '4607' }
[AUTH] Fetching profile for ID: 5
[AUTH] Token Decoded: { id: 5, userId: '4607' }
[DEBUG] Processing profile for goog
[AUTH] Token Decoded: { id: 5, userId: '4607' }
[0mGET /api/auth/profile [36m304[0m 19.046 ms - -[0m
✅ Connected to PostgreSQL database
✅ Connected to PostgreSQL database
[0mGET /api/cart [32m200[0m 63.652 ms - 18646[0m
[0mGET /api/ads/my [36m304[0m 61.357 ms - -[0m
[AUTH] Token Decoded: { id: 5, userId: '4607' }
[0mGET /api/chat/conversations [32m200[0m 11.035 ms - 27101[0m
[AUTH] Token Decoded: { id: 5, userId: '4607' }
[0mGET /api/chat/conversations [32m200[0m 4.847 ms - 27101[0m
[AUTH] Token Decoded: { id: 5, userId: '4607' }
[0mGET /api/chat/conversations [32m200[0m 4.740 ms - 27101[0m
[AUTH] Token Decoded: { id: 5, userId: '4607' }
[0mGET /api/ads/my [36m304[0m 3.728 ms - -[0m
[AUTH] Token Decoded: { id: 4, userId: '4208' }
[0mGET /api/chat/conversations [32m200[0m 4.505 ms - 1080[0m
[AUTH] Token Decoded: { id: 5, userId: '4607' }
[AUTH] Token Decoded: { id: 5, userId: '4607' }
[AUTH] Token Decoded: { id: 5, userId: '4607' }
[AUTH] Token Decoded: { id: 5, userId: '4607' }
[AUTH] Token Decoded: { id: 5, userId: '4607' }
✅ Connected to PostgreSQL database
[0mGET /api/cart [32m200[0m 72.342 ms - 18646[0m
[AUTH] Token Decoded: { id: 5, userId: '4607' }
[AUTH] Token Decoded: { id: 5, userId: '4607' }
[0mGET /api/ads/my [36m304[0m 5.972 ms - -[0m
✅ Connected to PostgreSQL database
[0mGET /api/chat/conversations [32m200[0m 101.873 ms - 27101[0m
✅ Connected to PostgreSQL database
[0mGET /api/ads/my [36m304[0m 130.903 ms - -[0m
✅ Connected to PostgreSQL database
[0mGET /api/cart [32m200[0m 154.760 ms - 18646[0m
✅ Connected to PostgreSQL database
✅ Connected to PostgreSQL database
[0mGET /api/ads/my [36m304[0m 176.592 ms - -[0m
[0mGET /api/cart [32m200[0m 107.490 ms - 18646[0m
[AUTH] Token Decoded: { id: 5, userId: '4607' }
[0mGET /api/chat/conversations [32m200[0m 11.429 ms - 27101[0m
[AUTH] Token Decoded: { id: 5, userId: '4607' }
[0mGET /api/ads/my [36m304[0m 6.096 ms - -[0m
[AUTH] Token Decoded: { id: 5, userId: '4607' }
[0mGET /api/chat/conversations [32m200[0m 4.226 ms - 27101[0m
[AUTH] Token Decoded: { id: 5, userId: '4607' }
[AUTH] Token Decoded: { id: 5, userId: '4607' }
[AUTH] Token Decoded: { id: 5, userId: '4607' }
[AUTH] Token Decoded: { id: 5, userId: '4607' }
[AUTH] Token Decoded: { id: 5, userId: '4607' }
[AUTH] Token Decoded: { id: 5, userId: '4607' }
[AUTH] Token Decoded: { id: 5, userId: '4607' }
[0mGET /api/cart [32m200[0m 19.684 ms - 18646[0m
[0mGET /api/ads/my [36m304[0m 19.145 ms - -[0m
[0mGET /api/cart [32m200[0m 18.819 ms - 18646[0m
[0mGET /api/ads/my [36m304[0m 13.253 ms - -[0m
[0mGET /api/chat/conversations [32m200[0m 21.025 ms - 27101[0m
[0mGET /api/ads/my [36m304[0m 53.427 ms - -[0m
✅ Connected to PostgreSQL database
[0mGET /api/cart [32m200[0m 84.955 ms - 18646[0m
[AUTH] Token Decoded: { id: 5, userId: '4607' }
[0mGET /api/chat/conversations [32m200[0m 10.933 ms - 27101[0m
[AUTH] Token Decoded: { id: 5, userId: '4607' }
[0mGET /api/chat/conversations [32m200[0m 5.111 ms - 27101[0m
[AUTH] Token Decoded: { id: 5, userId: '4607' }
[AUTH] Fetching profile for ID: 5
[AUTH] Token Decoded: { id: 5, userId: '4607' }
[DEBUG] Processing profile for goog
[0mGET /api/ads/my [36m304[0m 4.924 ms - -[0m
[0mGET /api/auth/profile [36m304[0m 17.633 ms - -[0m
[AUTH] Token Decoded: { id: 5, userId: '4607' }
[AUTH] Fetching profile for ID: 5
[AUTH] Token Decoded: { id: 5, userId: '4607' }
[DEBUG] Processing profile for goog
[0mGET /api/auth/profile [36m304[0m 11.324 ms - -[0m
[0mGET /api/wallet/history [32m200[0m 9.529 ms - 24753[0m
[AUTH] Token Decoded: { id: 5, userId: '4607' }
[AUTH] Fetching profile for ID: 5
[DEBUG] Processing profile for goog
[AUTH] Token Decoded: { id: 5, userId: '4607' }
[0mGET /api/auth/profile [36m304[0m 16.416 ms - -[0m
[0mGET /api/wallet/history [32m200[0m 10.225 ms - 24753[0m
[AUTH] Token Decoded: { id: 5, userId: '4607' }
[0mGET /api/wallet/history [36m304[0m 5.965 ms - -[0m
[AUTH] Token Decoded: { id: 5, userId: '4607' }
[AUTH] Fetching profile for ID: 5
[DEBUG] Processing profile for goog
[0mGET /api/auth/profile [36m304[0m 8.442 ms - -[0m
[AUTH] Token Decoded: { id: 5, userId: '4607' }
[AUTH] Fetching profile for ID: 5
[AUTH] Token Decoded: { id: 5, userId: '4607' }
[DEBUG] Processing profile for goog
[0mGET /api/wallet/history [36m304[0m 5.584 ms - -[0m
[0mGET /api/auth/profile [36m304[0m 14.577 ms - -[0m
[AUTH] Token Decoded: { id: 5, userId: '4607' }
[0mGET /api/wallet/history [36m304[0m 6.128 ms - -[0m
[AUTH] Token Decoded: { id: 5, userId: '4607' }
[AUTH] Fetching profile for ID: 5
[DEBUG] Processing profile for goog
[0mGET /api/auth/profile [36m304[0m 9.613 ms - -[0m
[AUTH] Token Decoded: { id: 5, userId: '4607' }
[0mGET /api/ads/my [36m304[0m 5.638 ms - -[0m
[AUTH] Token Decoded: { id: 5, userId: '4607' }
[0mGET /api/wallet/history [36m304[0m 6.139 ms - -[0m
[AUTH] Token Decoded: { id: 5, userId: '4607' }
[AUTH] Fetching profile for ID: 5
[DEBUG] Processing profile for goog
[0mGET /api/auth/profile [36m304[0m 8.322 ms - -[0m
[AUTH] Token Decoded: { id: 5, userId: '4607' }
[AUTH] Fetching profile for ID: 5
[AUTH] Token Decoded: { id: 5, userId: '4607' }
[DEBUG] Processing profile for goog
[0mGET /api/wallet/history [36m304[0m 5.573 ms - -[0m
[0mGET /api/auth/profile [36m304[0m 13.964 ms - -[0m
[AUTH] Token Decoded: { id: 5, userId: '4607' }
[0mGET /api/wallet/history [36m304[0m 6.042 ms - -[0m
[AUTH] Token Decoded: { id: 5, userId: '4607' }
[AUTH] Fetching profile for ID: 5
[DEBUG] Processing profile for goog
[0mGET /api/auth/profile [36m304[0m 8.629 ms - -[0m
[AUTH] Token Decoded: { id: 5, userId: '4607' }
[0mGET /api/wallet/history [36m304[0m 6.581 ms - -[0m
[AUTH] Token Decoded: { id: 5, userId: '4607' }
[AUTH] Fetching profile for ID: 5
[DEBUG] Processing profile for goog
[0mGET /api/auth/profile [36m304[0m 8.611 ms - -[0m
[AUTH] Token Decoded: { id: 5, userId: '4607' }
[0mGET /api/chat/conversations [32m200[0m 4.568 ms - 27101[0m
[AUTH] Token Decoded: { id: 5, userId: '4607' }
[AUTH] Fetching profile for ID: 5
[DEBUG] Processing profile for goog
[AUTH] Token Decoded: { id: 5, userId: '4607' }
[0mGET /api/auth/profile [36m304[0m 11.615 ms - -[0m
[0mGET /api/wallet/history [36m304[0m 6.831 ms - -[0m
[AUTH] Token Decoded: { id: 5, userId: '4607' }
[0mGET /api/ads/my [36m304[0m 3.367 ms - -[0m
[AUTH] Token Decoded: { id: 5, userId: '4607' }
[AUTH] Fetching profile for ID: 5
[DEBUG] Processing profile for goog
[0mGET /api/auth/profile [36m304[0m 8.440 ms - -[0m
[AUTH] Token Decoded: { id: 5, userId: '4607' }
[0mGET /api/wallet/history [36m304[0m 4.649 ms - -[0m
[AUTH] Token Decoded: { id: 5, userId: '4607' }
[AUTH] Fetching profile for ID: 5
[AUTH] Token Decoded: { id: 5, userId: '4607' }
[DEBUG] Processing profile for goog
[0mGET /api/wallet/history [36m304[0m 5.343 ms - -[0m
[0mGET /api/auth/profile [36m304[0m 14.421 ms - -[0m
[AUTH] Token Decoded: { id: 5, userId: '4607' }
[0mGET /api/wallet/history [36m304[0m 5.027 ms - -[0m
[AUTH] Token Decoded: { id: 5, userId: '4607' }
[AUTH] Fetching profile for ID: 5
[DEBUG] Processing profile for goog
[0mGET /api/auth/profile [36m304[0m 8.562 ms - -[0m
[AUTH] Token Decoded: { id: 5, userId: '4607' }
[AUTH] Fetching profile for ID: 5
[AUTH] Token Decoded: { id: 5, userId: '4607' }
[DEBUG] Processing profile for goog
[0mGET /api/wallet/history [36m304[0m 5.317 ms - -[0m
[0mGET /api/auth/profile [36m304[0m 13.460 ms - -[0m
[AUTH] Token Decoded: { id: 5, userId: '4607' }
[AUTH] Token Decoded: { id: 5, userId: '4607' }
[AUTH] Fetching profile for ID: 5
[0mGET /api/wallet/history [36m304[0m 8.406 ms - -[0m
[DEBUG] Processing profile for goog
[0mGET /api/auth/profile [36m304[0m 11.384 ms - -[0m
[AUTH] Token Decoded: { id: 5, userId: '4607' }
[AUTH] Token Decoded: { id: 5, userId: '4607' }
[AUTH] Fetching profile for ID: 5
[0mGET /api/wallet/history [36m304[0m 7.555 ms - -[0m
[DEBUG] Processing profile for goog
[0mGET /api/auth/profile [36m304[0m 10.236 ms - -[0m
[AUTH] Token Decoded: { id: 5, userId: '4607' }
[0mGET /api/ads/my [36m304[0m 2.899 ms - -[0m
[AUTH] Token Decoded: { id: 5, userId: '4607' }
[0mGET /api/wallet/history [36m304[0m 4.890 ms - -[0m
[AUTH] Token Decoded: { id: 5, userId: '4607' }
[AUTH] Fetching profile for ID: 5
[DEBUG] Processing profile for goog
[0mGET /api/auth/profile [36m304[0m 8.229 ms - -[0m
[AUTH] Token Decoded: { id: 5, userId: '4607' }
[0mGET /api/wallet/history [36m304[0m 4.938 ms - -[0m
[AUTH] Token Decoded: { id: 5, userId: '4607' }
[AUTH] Fetching profile for ID: 5
[DEBUG] Processing profile for goog
[0mGET /api/auth/profile [36m304[0m 7.814 ms - -[0m
[AUTH] Token Decoded: { id: 5, userId: '4607' }
[AUTH] Token Decoded: { id: 5, userId: '4607' }
[AUTH] Fetching profile for ID: 5
[0mGET /api/wallet/history [36m304[0m 8.340 ms - -[0m
[DEBUG] Processing profile for goog
[0mGET /api/auth/profile [36m304[0m 11.128 ms - -[0m
[AUTH] Token Decoded: { id: 5, userId: '4607' }
[AUTH] Token Decoded: { id: 5, userId: '4607' }
[AUTH] Fetching profile for ID: 5
[0mGET /api/wallet/history [36m304[0m 8.514 ms - -[0m
[AUTH] Token Decoded: { id: 5, userId: '4607' }
[DEBUG] Processing profile for goog
[0mGET /api/chat/conversations [32m200[0m 5.106 ms - 27101[0m
[0mGET /api/auth/profile [36m304[0m 16.460 ms - -[0m
[AUTH] Token Decoded: { id: 5, userId: '4607' }
[0mGET /api/ads/my [36m304[0m 3.448 ms - -[0m
[AUTH] Token Decoded: { id: 5, userId: '4607' }
[0mGET /api/wallet/history [36m304[0m 5.924 ms - -[0m
[AUTH] Token Decoded: { id: 5, userId: '4607' }
[AUTH] Fetching profile for ID: 5
[DEBUG] Processing profile for goog
[0mGET /api/auth/profile [36m304[0m 7.998 ms - -[0m
[AUTH] Token Decoded: { id: 5, userId: '4607' }
[AUTH] Token Decoded: { id: 5, userId: '4607' }
[AUTH] Fetching profile for ID: 5
[0mGET /api/wallet/history [36m304[0m 8.141 ms - -[0m
[DEBUG] Processing profile for goog
[0mGET /api/auth/profile [36m304[0m 11.035 ms - -[0m
[AUTH] Token Decoded: { id: 5, userId: '4607' }
[AUTH] Fetching profile for ID: 5
[AUTH] Token Decoded: { id: 5, userId: '4607' }
[DEBUG] Processing profile for goog
[0mGET /api/wallet/history [36m304[0m 5.030 ms - -[0m
[0mGET /api/auth/profile [36m304[0m 13.077 ms - -[0m
[AUTH] Token Decoded: { id: 5, userId: '4607' }
[AUTH] Token Decoded: { id: 5, userId: '4607' }
[AUTH] Fetching profile for ID: 5
[0mGET /api/wallet/history [36m304[0m 7.365 ms - -[0m
[DEBUG] Processing profile for goog
[0mGET /api/auth/profile [36m304[0m 10.239 ms - -[0m
[AUTH] Token Decoded: { id: 5, userId: '4607' }
[0mGET /api/ads/my [36m304[0m 3.197 ms - -[0m
[AUTH] Token Decoded: { id: 5, userId: '4607' }
[AUTH] Token Decoded: { id: 5, userId: '4607' }
[AUTH] Fetching profile for ID: 5
[0mGET /api/wallet/history [36m304[0m 8.445 ms - -[0m
[DEBUG] Processing profile for goog
[0mGET /api/auth/profile [36m304[0m 11.256 ms - -[0m
[AUTH] Token Decoded: { id: 5, userId: '4607' }
[AUTH] Fetching profile for ID: 5
[AUTH] Token Decoded: { id: 5, userId: '4607' }
[DEBUG] Processing profile for goog
[0mGET /api/wallet/history [36m304[0m 5.183 ms - -[0m
[0mGET /api/auth/profile [36m304[0m 13.230 ms - -[0m
[AUTH] Token Decoded: { id: 5, userId: '4607' }
[0mGET /api/wallet/history [36m304[0m 5.047 ms - -[0m
[AUTH] Token Decoded: { id: 5, userId: '4607' }
[AUTH] Fetching profile for ID: 5
[DEBUG] Processing profile for goog
[0mGET /api/auth/profile [36m304[0m 7.913 ms - -[0m
[AUTH] Token Decoded: { id: 5, userId: '4607' }
[AUTH] Fetching profile for ID: 5
[AUTH] Token Decoded: { id: 5, userId: '4607' }
[DEBUG] Processing profile for goog
[0mGET /api/wallet/history [36m304[0m 5.797 ms - -[0m
[0mGET /api/auth/profile [36m304[0m 14.456 ms - -[0m
[AUTH] Token Decoded: { id: 5, userId: '4607' }
[0mGET /api/chat/conversations [32m200[0m 4.098 ms - 27101[0m
[AUTH] Token Decoded: { id: 5, userId: '4607' }
[0mGET /api/ads/my [36m304[0m 3.739 ms - -[0m
[AUTH] Token Decoded: { id: 5, userId: '4607' }
[AUTH] Token Decoded: { id: 5, userId: '4607' }
[AUTH] Fetching profile for ID: 5
[0mGET /api/wallet/history [36m304[0m 8.178 ms - -[0m
[DEBUG] Processing profile for goog
[0mGET /api/auth/profile [36m304[0m 11.320 ms - -[0m
[AUTH] Token Decoded: { id: 5, userId: '4607' }
[AUTH] Fetching profile for ID: 5
[DEBUG] Processing profile for goog
[0mGET /api/auth/profile [36m304[0m 9.055 ms - -[0m
[AUTH] Token Decoded: { id: 5, userId: '4607' }
[0mGET /api/wallet/history [36m304[0m 5.728 ms - -[0m
[AUTH] Token Decoded: { id: 5, userId: '4607' }
[AUTH] Token Decoded: { id: 5, userId: '4607' }
[AUTH] Fetching profile for ID: 5
[0mGET /api/wallet/history [36m304[0m 8.693 ms - -[0m
[DEBUG] Processing profile for goog
[0mGET /api/auth/profile [36m304[0m 11.224 ms - -[0m
[AUTH] Token Decoded: { id: 5, userId: '4607' }
[AUTH] Token Decoded: { id: 5, userId: '4607' }
[AUTH] Fetching profile for ID: 5
[0mGET /api/wallet/history [36m304[0m 8.007 ms - -[0m
[DEBUG] Processing profile for goog
[0mGET /api/auth/profile [36m304[0m 10.844 ms - -[0m
[AUTH] Token Decoded: { id: 5, userId: '4607' }
[0mGET /api/wallet/history [36m304[0m 4.875 ms - -[0m
[AUTH] Token Decoded: { id: 5, userId: '4607' }
[0mGET /api/ads/my [36m304[0m 3.184 ms - -[0m
[AUTH] Token Decoded: { id: 5, userId: '4607' }
[AUTH] Fetching profile for ID: 5
[DEBUG] Processing profile for goog
[0mGET /api/auth/profile [36m304[0m 8.287 ms - -[0m
[AUTH] Token Decoded: { id: 5, userId: '4607' }
[AUTH] Fetching profile for ID: 5
[AUTH] Token Decoded: { id: 5, userId: '4607' }
[DEBUG] Processing profile for goog
[0mGET /api/wallet/history [36m304[0m 5.946 ms - -[0m
[0mGET /api/auth/profile [36m304[0m 15.149 ms - -[0m
[AUTH] Token Decoded: { id: 5, userId: '4607' }
[AUTH] Token Decoded: { id: 5, userId: '4607' }
[AUTH] Fetching profile for ID: 5
[0mGET /api/wallet/history [36m304[0m 8.352 ms - -[0m
[DEBUG] Processing profile for goog
[0mGET /api/auth/profile [36m304[0m 11.625 ms - -[0m
[AUTH] Token Decoded: { id: 5, userId: '4607' }
[0mGET /api/ads/my [36m304[0m 3.197 ms - -[0m
[AUTH] Token Decoded: { id: 5, userId: '4607' }
[0mGET /api/wallet/history [36m304[0m 5.990 ms - -[0m
[AUTH] Token Decoded: { id: 5, userId: '4607' }
[0mGET /api/chat/conversations [32m200[0m 4.607 ms - 27101[0m
[AUTH] Token Decoded: { id: 5, userId: '4607' }
[0mGET /api/chat/conversations [32m200[0m 4.682 ms - 27101[0m
[AUTH] Token Decoded: { id: 5, userId: '4607' }
[0mGET /api/chat/conversations [32m200[0m 4.711 ms - 27101[0m
[AUTH] Token Decoded: { id: 5, userId: '4607' }
[0mGET /api/chat/conversations [32m200[0m 4.779 ms - 27101[0m
[AUTH] Token Decoded: { id: 5, userId: '4607' }
[0mGET /api/chat/conversations [32m200[0m 4.653 ms - 27101[0m
[AUTH] Token Decoded: { id: 5, userId: '4607' }
[0mGET /api/chat/conversations [32m200[0m 4.401 ms - 27101[0m
[AUTH] Token Decoded: { id: 5, userId: '4607' }
[0mGET /api/chat/conversations [32m200[0m 4.481 ms - 27101[0m
[AUTH] Token Decoded: { id: 5, userId: '4607' }
[0mGET /api/chat/conversations [32m200[0m 4.687 ms - 27101[0m
[AUTH] Token Decoded: { id: 5, userId: '4607' }
[0mGET /api/chat/conversations [32m200[0m 4.279 ms - 27101[0m
[AUTH] Token Decoded: { id: 5, userId: '4607' }
[0mGET /api/chat/conversations [32m200[0m 4.638 ms - 27101[0m
[AUTH] Token Decoded: { id: 5, userId: '4607' }
[0mGET /api/chat/conversations [32m200[0m 5.202 ms - 27101[0m
[AUTH] Token Decoded: { id: 5, userId: '4607' }
[0mGET /api/chat/conversations [32m200[0m 4.618 ms - 27101[0m
[AUTH] Token Decoded: { id: 5, userId: '4607' }
[0mGET /api/chat/conversations [32m200[0m 4.774 ms - 27101[0m
[AUTH] Token Decoded: { id: 5, userId: '4607' }
[0mGET /api/chat/conversations [32m200[0m 4.619 ms - 27101[0m
[AUTH] Token Decoded: { id: 5, userId: '4607' }
[0mGET /api/chat/conversations [32m200[0m 4.500 ms - 27101[0m
[AUTH] Token Decoded: { id: 4, userId: '4208' }
[0mGET /api/chat/conversations [32m200[0m 4.628 ms - 1080[0m
[AUTH] Token Decoded: { id: 5, userId: '4607' }
[0mGET /api/chat/conversations [32m200[0m 4.653 ms - 27101[0m
[AUTH] Token Decoded: { id: 5, userId: '4607' }
[0mGET /api/chat/conversations [32m200[0m 4.678 ms - 27101[0m
[AUTH] Token Decoded: { id: 5, userId: '4607' }
[0mGET /api/chat/conversations [32m200[0m 4.399 ms - 27101[0m
[AUTH] Token Decoded: { id: 5, userId: '4607' }
[0mGET /api/chat/conversations [32m200[0m 4.639 ms - 27101[0m
[AUTH] Token Decoded: { id: 5, userId: '4607' }
[0mGET /api/chat/conversations [32m200[0m 4.659 ms - 27101[0m
[AUTH] Token Decoded: { id: 5, userId: '4607' }
[0mGET /api/chat/conversations [32m200[0m 4.929 ms - 27101[0m
[AUTH] Token Decoded: { id: 5, userId: '4607' }
[0mGET /api/chat/conversations [32m200[0m 4.261 ms - 27101[0m
[AUTH] Token Decoded: { id: 5, userId: '4607' }
[0mGET /api/chat/conversations [32m200[0m 5.967 ms - 27101[0m
[AUTH] Token Decoded: { id: 5, userId: '4607' }
[0mGET /api/chat/conversations [32m200[0m 4.541 ms - 27101[0m
[AUTH] Token Decoded: { id: 5, userId: '4607' }
[0mGET /api/chat/conversations [32m200[0m 4.612 ms - 27101[0m
[AUTH] Token Decoded: { id: 5, userId: '4607' }
[0mGET /api/chat/conversations [32m200[0m 4.859 ms - 27101[0m
[AUTH] Token Decoded: { id: 5, userId: '4607' }
[AUTH] Fetching profile for ID: 5
[DEBUG] getMarketItems query: SELECT m.id, m.user_id, m.username, m.title, m.description, m.price, m.promo_price, m.category, 
                            m.sub_category, m.manual_category, m.stock, m.image_url, m.status, 
                            m.likes_count, m.comments_count, m.shares_count, m.views_count,
                            m.variants, m.shipping_info, m.commission_info,
                            m.created_at, m.product_code,
                            u.username as owner_username, u.profile_picture,
                            EXISTS(SELECT 1 FROM market_likes ml WHERE ml.market_id = m.id AND ml.user_id = $1) as user_liked
                     FROM market m 
                     INNER JOIN users u ON m.user_id = u.id 
                     WHERE 1=1 AND m.status = ANY($2) ORDER BY m.created_at DESC
[DEBUG] getMarketItems params: [ null, [ 'approved', 'active' ] ]
[DEBUG] Processing profile for goog
[0mGET /api/auth/profile [36m304[0m 14.630 ms - -[0m
✅ Connected to PostgreSQL database
[DEBUG] getMarketItems Result Rows: [
  { id: 21, user_id: 5, status: 'active' },
  { id: 16, user_id: 4, status: 'active' },
  { id: 15, user_id: 4, status: 'active' },
  { id: 10, user_id: 2, status: 'active' }
]
[0mGET /api/market?status=approved [36m304[0m 62.949 ms - -[0m
[AUTH] Token Decoded: { id: 5, userId: '4607' }
[DEBUG] getMarketItems query: SELECT m.id, m.user_id, m.username, m.title, m.description, m.price, m.promo_price, m.category, 
                            m.sub_category, m.manual_category, m.stock, m.image_url, m.status, 
                            m.likes_count, m.comments_count, m.shares_count, m.views_count,
                            m.variants, m.shipping_info, m.commission_info,
                            m.created_at, m.product_code,
                            u.username as owner_username, u.profile_picture,
                            EXISTS(SELECT 1 FROM market_likes ml WHERE ml.market_id = m.id AND ml.user_id = $1) as user_liked
                     FROM market m 
                     INNER JOIN users u ON m.user_id = u.id 
                     WHERE 1=1 AND m.status = ANY($2) ORDER BY m.created_at DESC
[DEBUG] getMarketItems params: [ null, [ 'approved', 'active' ] ]
[AUTH] Token Decoded: { id: 5, userId: '4607' }
[AUTH] Token Decoded: { id: 5, userId: '4607' }
[AUTH] Token Decoded: { id: 5, userId: '4607' }
[AUTH] Token Decoded: { id: 5, userId: '4607' }
[AUTH] Token Decoded: { id: 5, userId: '4607' }
[DEBUG] getMarketItems Result Rows: [
  { id: 21, user_id: 5, status: 'active' },
  { id: 16, user_id: 4, status: 'active' },
  { id: 15, user_id: 4, status: 'active' },
  { id: 10, user_id: 2, status: 'active' }
]
[0mGET /api/market?status=approved [36m304[0m 26.638 ms - -[0m
✅ Connected to PostgreSQL database
✅ Connected to PostgreSQL database
[0mGET /api/orders/buyer?status=pending%2Cprocessing%2Cshipped%2Cdelivered%2Creceived%2Creshipped%2Ccancelled%2Creturned%2Crejected [32m200[0m 91.224 ms - 2096479[0m
[0mGET /api/auth/user/5/following [36m304[0m 148.316 ms - -[0m
✅ Connected to PostgreSQL database
[0mGET /api/orders/seller?status=shipped [32m200[0m 219.497 ms - 26[0m
✅ Connected to PostgreSQL database
[0mGET /api/orders/seller?status=pending%2Cprocessing%2Cshipped%2Cdelivered%2Creceived%2Creshipped%2Ccancelled%2Creturned%2Crejected [32m200[0m 271.293 ms - 26[0m
✅ Connected to PostgreSQL database
✅ Connected to PostgreSQL database
[0mGET /api/orders/buyer?status=processing [32m200[0m 282.679 ms - 26[0m
[0mGET /api/orders/buyer?status=shipped [32m200[0m 298.863 ms - 26[0m
✅ Connected to PostgreSQL database
[0mGET /api/orders/seller?status=processing [32m200[0m 339.344 ms - 26[0m
[AUTH] Token Decoded: { id: 5, userId: '4607' }
[0mGET /api/chat/conversations [32m200[0m 8.326 ms - 27101[0m
[AUTH] Token Decoded: { id: 5, userId: '4607' }
[0mGET /api/chat/conversations [32m200[0m 4.916 ms - 27101[0m
[0mPOST /api/market/21/view [32m200[0m 2.892 ms - 36[0m
[0mGET /api/market/21/comments [36m304[0m 2.584 ms - -[0m
[AUTH] Token Decoded: { id: 5, userId: '4607' }
[0mGET /api/chat/conversations [32m200[0m 4.567 ms - 27101[0m
[AUTH] Token Decoded: { id: 5, userId: '4607' }
[0mGET /api/chat/conversations [32m200[0m 4.624 ms - 27101[0m
[AUTH] Token Decoded: { id: 5, userId: '4607' }
[0mPOST /api/market/21/like [32m200[0m 7.678 ms - 30[0m
[AUTH] Token Decoded: { id: 5, userId: '4607' }
[0mGET /api/chat/conversations [32m200[0m 4.777 ms - 27101[0m
[AUTH] Token Decoded: { id: 5, userId: '4607' }
[0mPOST /api/market/21/like [32m200[0m 7.901 ms - 29[0m
[AUTH] Token Decoded: { id: 5, userId: '4607' }
[0mGET /api/chat/conversations [32m200[0m 4.055 ms - 27101[0m
[AUTH] Token Decoded: { id: 5, userId: '4607' }
[0mPOST /api/market/16/like [32m200[0m 6.420 ms - 30[0m
[AUTH] Token Decoded: { id: 5, userId: '4607' }
[0mGET /api/chat/conversations [32m200[0m 3.960 ms - 27101[0m
[AUTH] Token Decoded: { id: 5, userId: '4607' }
[0mGET /api/chat/conversations [32m200[0m 5.222 ms - 27101[0m
[AUTH] Token Decoded: { id: 5, userId: '4607' }
[0mGET /api/chat/conversations [32m200[0m 3.959 ms - 27101[0m
[AUTH] Token Decoded: { id: 5, userId: '4607' }
[0mPOST /api/market/16/like [32m200[0m 5.974 ms - 29[0m
[AUTH] Token Decoded: { id: 5, userId: '4607' }
[0mGET /api/chat/conversations [32m200[0m 4.618 ms - 27101[0m
[AUTH] Token Decoded: { id: 5, userId: '4607' }
[0mGET /api/chat/conversations [32m200[0m 4.683 ms - 27101[0m
[AUTH] Token Decoded: { id: 5, userId: '4607' }
[0mPOST /api/market/16/like [32m200[0m 6.335 ms - 30[0m
[AUTH] Token Decoded: { id: 5, userId: '4607' }
[0mGET /api/chat/conversations [32m200[0m 4.643 ms - 27101[0m
[AUTH] Token Decoded: { id: 5, userId: '4607' }
[0mGET /api/chat/conversations [32m200[0m 4.938 ms - 27101[0m
[AUTH] Token Decoded: { id: 5, userId: '4607' }
[0mGET /api/chat/conversations [32m200[0m 4.838 ms - 27101[0m
[0mGET /api/market/10/comments [32m200[0m 1.372 ms - 1651[0m
[0mPOST /api/market/10/view [32m200[0m 4.151 ms - 35[0m
[AUTH] Token Decoded: { id: 5, userId: '4607' }
[0mGET /api/chat/conversations [32m200[0m 4.681 ms - 27101[0m
[AUTH] Token Decoded: { id: 5, userId: '4607' }
[0mGET /api/chat/conversations [32m200[0m 4.653 ms - 27101[0m
[AUTH] Token Decoded: { id: 5, userId: '4607' }
[0mGET /api/chat/conversations [32m200[0m 4.760 ms - 27101[0m
[AUTH] Token Decoded: { id: 5, userId: '4607' }
[0mGET /api/chat/conversations [32m200[0m 4.878 ms - 27101[0m
[0mGET /api/market/21/comments [36m304[0m 1.175 ms - -[0m
[0mPOST /api/market/21/view [32m200[0m 1.075 ms - 36[0m
[AUTH] Token Decoded: { id: 4, userId: '4208' }
[0mGET /api/chat/conversations [32m200[0m 4.134 ms - 1080[0m
[AUTH] Token Decoded: { id: 5, userId: '4607' }
[0mGET /api/chat/conversations [32m200[0m 4.054 ms - 27101[0m
[AUTH] Token Decoded: { id: 5, userId: '4607' }
[0mGET /api/chat/conversations [32m200[0m 4.619 ms - 27101[0m
[AUTH] Token Decoded: { id: 5, userId: '4607' }
[0mGET /api/chat/conversations [32m200[0m 4.649 ms - 27101[0m
[AUTH] Token Decoded: { id: 5, userId: '4607' }
[0mGET /api/chat/conversations [32m200[0m 4.806 ms - 27101[0m
[AUTH] Token Decoded: { id: 5, userId: '4607' }
[0mGET /api/chat/conversations [32m200[0m 4.649 ms - 27101[0m
[AUTH] Token Decoded: { id: 5, userId: '4607' }
[0mGET /api/chat/conversations [32m200[0m 4.921 ms - 27101[0m
[AUTH] Token Decoded: { id: 5, userId: '4607' }
[0mGET /api/chat/conversations [32m200[0m 4.712 ms - 27101[0m
[0mPOST /api/market/10/share [32m200[0m 6.323 ms - 16[0m
[AUTH] Token Decoded: { id: 5, userId: '4607' }
[0mGET /api/chat/conversations [32m200[0m 4.699 ms - 27101[0m
[AUTH] Token Decoded: { id: 5, userId: '4607' }
[0mGET /api/chat/conversations [32m200[0m 4.896 ms - 27101[0m
[AUTH] Token Decoded: { id: 5, userId: '4607' }
[0mGET /api/chat/conversations [32m200[0m 4.783 ms - 27101[0m
[AUTH] Token Decoded: { id: 5, userId: '4607' }
[0mGET /api/chat/conversations [32m200[0m 4.665 ms - 27101[0m
[AUTH] Token Decoded: { id: 5, userId: '4607' }
[0mGET /api/chat/conversations [32m200[0m 4.700 ms - 27101[0m
[AUTH] Token Decoded: { id: 5, userId: '4607' }
[0mGET /api/chat/conversations [32m200[0m 4.699 ms - 27101[0m
[AUTH] Token Decoded: { id: 5, userId: '4607' }
[0mGET /api/chat/conversations [32m200[0m 4.787 ms - 27101[0m
[AUTH] Token Decoded: { id: 5, userId: '4607' }
[0mGET /api/chat/conversations [32m200[0m 4.617 ms - 27101[0m
[AUTH] Token Decoded: { id: 5, userId: '4607' }
[0mGET /api/chat/conversations [32m200[0m 4.839 ms - 27101[0m
[AUTH] Token Decoded: { id: 5, userId: '4607' }
[0mGET /api/chat/conversations [32m200[0m 4.723 ms - 27101[0m
[AUTH] Token Decoded: { id: 5, userId: '4607' }
[0mGET /api/chat/conversations [32m200[0m 4.911 ms - 27101[0m
[AUTH] Token Decoded: { id: 5, userId: '4607' }
[0mGET /api/chat/conversations [32m200[0m 4.661 ms - 27101[0m
[AUTH] Token Decoded: { id: 5, userId: '4607' }
[AUTH] Fetching profile for ID: 5
[DEBUG] Processing profile for goog
[AUTH] Token Decoded: { id: 5, userId: '4607' }
[0mGET /api/auth/profile [36m304[0m 17.385 ms - -[0m
[AUTH] Token Decoded: { id: 5, userId: '4607' }
[0mGET /api/chat/conversations [32m200[0m 4.670 ms - 27101[0m
✅ Connected to PostgreSQL database
[0mGET /api/ads/my [36m304[0m 51.265 ms - -[0m
[AUTH] Token Decoded: { id: 5, userId: '4607' }
[AUTH] Token Decoded: { id: 5, userId: '4607' }
[AUTH] Fetching profile for ID: 5
[DEBUG] Processing profile for goog
[0mGET /api/wallet/history [36m304[0m 12.206 ms - -[0m
[0mGET /api/auth/profile [36m304[0m 12.751 ms - -[0m
[AUTH] Token Decoded: { id: 5, userId: '4607' }
[AUTH] Token Decoded: { id: 5, userId: '4607' }
[AUTH] Fetching profile for ID: 5
[0mGET /api/wallet/history [36m304[0m 9.042 ms - -[0m
[DEBUG] Processing profile for goog
[0mGET /api/auth/profile [36m304[0m 16.334 ms - -[0m
[AUTH] Token Decoded: { id: 5, userId: '4607' }
[0mGET /api/wallet/history [36m304[0m 5.795 ms - -[0m
[AUTH] Token Decoded: { id: 5, userId: '4607' }
[AUTH] Fetching profile for ID: 5
[DEBUG] Processing profile for goog
[0mGET /api/auth/profile [36m304[0m 8.666 ms - -[0m
[AUTH] Token Decoded: { id: 5, userId: '4607' }
[AUTH] Token Decoded: { id: 5, userId: '4607' }
[AUTH] Fetching profile for ID: 5
[0mGET /api/wallet/history [36m304[0m 9.132 ms - -[0m
[DEBUG] Processing profile for goog
[0mGET /api/auth/profile [36m304[0m 11.451 ms - -[0m
[AUTH] Token Decoded: { id: 5, userId: '4607' }
[0mGET /api/ads/my [36m304[0m 6.037 ms - -[0m
[AUTH] Token Decoded: { id: 5, userId: '4607' }
[AUTH] Token Decoded: { id: 5, userId: '4607' }
[AUTH] Fetching profile for ID: 5
[0mGET /api/wallet/history [36m304[0m 8.872 ms - -[0m
[DEBUG] Processing profile for goog
[0mGET /api/auth/profile [36m304[0m 11.640 ms - -[0m
[AUTH] Token Decoded: { id: 5, userId: '4607' }
[AUTH] Fetching profile for ID: 5
[AUTH] Token Decoded: { id: 5, userId: '4607' }
[DEBUG] Processing profile for goog
[0mGET /api/wallet/history [36m304[0m 5.642 ms - -[0m
[0mGET /api/auth/profile [36m304[0m 14.813 ms - -[0m
[AUTH] Token Decoded: { id: 5, userId: '4607' }
[AUTH] Token Decoded: { id: 5, userId: '4607' }
[AUTH] Fetching profile for ID: 5
[0mGET /api/wallet/history [36m304[0m 8.167 ms - -[0m
[DEBUG] Processing profile for goog
[0mGET /api/auth/profile [36m304[0m 11.007 ms - -[0m
[AUTH] Token Decoded: { id: 5, userId: '4607' }
[0mGET /api/wallet/history [36m304[0m 5.931 ms - -[0m
[AUTH] Token Decoded: { id: 5, userId: '4607' }
[AUTH] Fetching profile for ID: 5
[DEBUG] Processing profile for goog
[0mGET /api/auth/profile [36m304[0m 8.711 ms - -[0m
[AUTH] Token Decoded: { id: 5, userId: '4607' }
[AUTH] Fetching profile for ID: 5
[AUTH] Token Decoded: { id: 5, userId: '4607' }
[DEBUG] Processing profile for goog
[0mGET /api/wallet/history [36m304[0m 5.830 ms - -[0m
[0mGET /api/auth/profile [36m304[0m 15.187 ms - -[0m
[AUTH] Token Decoded: { id: 5, userId: '4607' }
[0mGET /api/ads/my [36m304[0m 3.292 ms - -[0m
[AUTH] Token Decoded: { id: 5, userId: '4607' }
[AUTH] Token Decoded: { id: 5, userId: '4607' }
[AUTH] Fetching profile for ID: 5
[0mGET /api/chat/conversations [32m200[0m 7.917 ms - 27101[0m
[DEBUG] Processing profile for goog
[0mGET /api/auth/profile [36m304[0m 10.643 ms - -[0m
[AUTH] Token Decoded: { id: 5, userId: '4607' }
[0mGET /api/wallet/history [36m304[0m 5.768 ms - -[0m
[AUTH] Token Decoded: { id: 5, userId: '4607' }
[AUTH] Fetching profile for ID: 5
[DEBUG] Processing profile for goog
[0mGET /api/auth/profile [36m304[0m 9.453 ms - -[0m
[AUTH] Token Decoded: { id: 5, userId: '4607' }
[0mGET /api/wallet/history [36m304[0m 5.772 ms - -[0m
[AUTH] Token Decoded: { id: 5, userId: '4607' }
[0mGET /api/wallet/history [36m304[0m 6.147 ms - -[0m
[AUTH] Token Decoded: { id: 5, userId: '4607' }
[AUTH] Fetching profile for ID: 5
[DEBUG] Processing profile for goog
[0mGET /api/auth/profile [36m304[0m 8.339 ms - -[0m
[AUTH] Token Decoded: { id: 5, userId: '4607' }
[AUTH] Fetching profile for ID: 5
[AUTH] Token Decoded: { id: 5, userId: '4607' }
[DEBUG] Processing profile for goog
[0mGET /api/wallet/history [36m304[0m 6.231 ms - -[0m
[0mGET /api/auth/profile [36m304[0m 14.966 ms - -[0m
[AUTH] Token Decoded: { id: 5, userId: '4607' }
[0mGET /api/wallet/history [36m304[0m 6.327 ms - -[0m
[AUTH] Token Decoded: { id: 5, userId: '4607' }
[AUTH] Fetching profile for ID: 5
[DEBUG] Processing profile for goog
[0mGET /api/auth/profile [36m304[0m 9.203 ms - -[0m
[AUTH] Token Decoded: { id: 5, userId: '4607' }
[0mGET /api/wallet/history [36m304[0m 5.917 ms - -[0m
[AUTH] Token Decoded: { id: 5, userId: '4607' }
[AUTH] Fetching profile for ID: 5
[DEBUG] Processing profile for goog
[0mGET /api/auth/profile [36m304[0m 8.732 ms - -[0m
[AUTH] Token Decoded: { id: 5, userId: '4607' }
[0mGET /api/ads/my [36m304[0m 3.753 ms - -[0m
[AUTH] Token Decoded: { id: 5, userId: '4607' }
[AUTH] Fetching profile for ID: 5
[AUTH] Token Decoded: { id: 5, userId: '4607' }
[DEBUG] Processing profile for goog
[0mGET /api/wallet/history [36m304[0m 5.969 ms - -[0m
[0mGET /api/auth/profile [36m304[0m 14.129 ms - -[0m
[AUTH] Token Decoded: { id: 5, userId: '4607' }
[0mGET /api/wallet/history [36m304[0m 5.911 ms - -[0m
[AUTH] Token Decoded: { id: 5, userId: '4607' }
[AUTH] Fetching profile for ID: 5
[DEBUG] Processing profile for goog
[0mGET /api/auth/profile [36m304[0m 8.401 ms - -[0m
[AUTH] Token Decoded: { id: 5, userId: '4607' }
[AUTH] Fetching profile for ID: 5
[AUTH] Token Decoded: { id: 5, userId: '4607' }
[DEBUG] Processing profile for goog
[0mGET /api/wallet/history [36m304[0m 5.873 ms - -[0m
[0mGET /api/auth/profile [36m304[0m 14.509 ms - -[0m
[AUTH] Token Decoded: { id: 5, userId: '4607' }
[0mGET /api/wallet/history [36m304[0m 5.101 ms - -[0m
[AUTH] Token Decoded: { id: 5, userId: '4607' }
[AUTH] Fetching profile for ID: 5
[DEBUG] Processing profile for goog
[0mGET /api/auth/profile [36m304[0m 8.668 ms - -[0m
[AUTH] Token Decoded: { id: 5, userId: '4607' }
[AUTH] Fetching profile for ID: 5
[AUTH] Token Decoded: { id: 5, userId: '4607' }
[DEBUG] Processing profile for goog
[0mGET /api/wallet/history [36m304[0m 5.133 ms - -[0m
[0mGET /api/auth/profile [36m304[0m 13.028 ms - -[0m
[AUTH] Token Decoded: { id: 5, userId: '4607' }
[0mGET /api/ads/my [36m304[0m 3.709 ms - -[0m
[AUTH] Token Decoded: { id: 5, userId: '4607' }
[AUTH] Token Decoded: { id: 5, userId: '4607' }
[0mGET /api/chat/conversations [32m200[0m 6.519 ms - 27101[0m
[0mGET /api/wallet/history [36m304[0m 6.547 ms - -[0m
[AUTH] Token Decoded: { id: 5, userId: '4607' }
[AUTH] Fetching profile for ID: 5
[DEBUG] Processing profile for goog
[0mGET /api/auth/profile [36m304[0m 8.150 ms - -[0m
[AUTH] Token Decoded: { id: 5, userId: '4607' }
[AUTH] Fetching profile for ID: 5
[AUTH] Token Decoded: { id: 5, userId: '4607' }
[DEBUG] Processing profile for goog
[0mGET /api/wallet/history [36m304[0m 5.217 ms - -[0m
[0mGET /api/auth/profile [36m304[0m 13.220 ms - -[0m
[AUTH] Token Decoded: { id: 5, userId: '4607' }
[0mGET /api/wallet/history [36m304[0m 5.153 ms - -[0m
[AUTH] Token Decoded: { id: 5, userId: '4607' }
[AUTH] Fetching profile for ID: 5
[DEBUG] Processing profile for goog
[0mGET /api/auth/profile [36m304[0m 8.464 ms - -[0m
[AUTH] Token Decoded: { id: 5, userId: '4607' }
[AUTH] Token Decoded: { id: 5, userId: '4607' }
[AUTH] Fetching profile for ID: 5
[0mGET /api/wallet/history [36m304[0m 7.450 ms - -[0m
[DEBUG] Processing profile for goog
[0mGET /api/auth/profile [36m304[0m 9.982 ms - -[0m
[AUTH] Token Decoded: { id: 5, userId: '4607' }
[AUTH] Token Decoded: { id: 5, userId: '4607' }
[AUTH] Fetching profile for ID: 5
[0mGET /api/wallet/history [36m304[0m 8.418 ms - -[0m
[DEBUG] Processing profile for goog
[0mGET /api/auth/profile [36m304[0m 11.454 ms - -[0m
[AUTH] Token Decoded: { id: 5, userId: '4607' }
[AUTH] Token Decoded: { id: 5, userId: '4607' }
[AUTH] Fetching profile for ID: 5
[0mGET /api/wallet/history [36m304[0m 8.881 ms - -[0m
[DEBUG] Processing profile for goog
[0mGET /api/auth/profile [36m304[0m 11.710 ms - -[0m
[AUTH] Token Decoded: { id: 5, userId: '4607' }
[0mGET /api/ads/my [36m304[0m 3.605 ms - -[0m
[AUTH] Token Decoded: { id: 5, userId: '4607' }
[0mGET /api/wallet/history [36m304[0m 6.089 ms - -[0m
[AUTH] Token Decoded: { id: 5, userId: '4607' }
[AUTH] Fetching profile for ID: 5
[DEBUG] Processing profile for goog
[0mGET /api/auth/profile [36m304[0m 9.051 ms - -[0m
[AUTH] Token Decoded: { id: 5, userId: '4607' }
[0mGET /api/wallet/history [36m304[0m 6.148 ms - -[0m
[AUTH] Token Decoded: { id: 5, userId: '4607' }
[AUTH] Fetching profile for ID: 5
[DEBUG] Processing profile for goog
[0mGET /api/auth/profile [36m304[0m 8.272 ms - -[0m
[AUTH] Token Decoded: { id: 5, userId: '4607' }
[AUTH] Token Decoded: { id: 5, userId: '4607' }
[AUTH] Fetching profile for ID: 5
[0mGET /api/wallet/history [36m304[0m 9.043 ms - -[0m
[DEBUG] Processing profile for goog
[0mGET /api/auth/profile [36m304[0m 12.427 ms - -[0m
[AUTH] Token Decoded: { id: 5, userId: '4607' }
[AUTH] Token Decoded: { id: 5, userId: '4607' }
[AUTH] Fetching profile for ID: 5
[0mGET /api/wallet/history [36m304[0m 8.810 ms - -[0m
[DEBUG] Processing profile for goog
[0mGET /api/auth/profile [36m304[0m 11.491 ms - -[0m
[AUTH] Token Decoded: { id: 5, userId: '4607' }
[AUTH] Token Decoded: { id: 5, userId: '4607' }
[AUTH] Fetching profile for ID: 5
[0mGET /api/wallet/history [36m304[0m 8.812 ms - -[0m
[DEBUG] Processing profile for goog
[0mGET /api/auth/profile [36m304[0m 11.017 ms - -[0m
[AUTH] Token Decoded: { id: 5, userId: '4607' }
[0mGET /api/ads/my [36m304[0m 3.626 ms - -[0m
[AUTH] Token Decoded: { id: 5, userId: '4607' }
[0mGET /api/chat/conversations [32m200[0m 4.605 ms - 27101[0m
[AUTH] Token Decoded: { id: 5, userId: '4607' }
[0mGET /api/wallet/history [36m304[0m 6.187 ms - -[0m
[AUTH] Token Decoded: { id: 5, userId: '4607' }
[AUTH] Fetching profile for ID: 5
[DEBUG] Processing profile for goog
[0mGET /api/auth/profile [36m304[0m 9.407 ms - -[0m
[AUTH] Token Decoded: { id: 5, userId: '4607' }
[AUTH] Fetching profile for ID: 5
[AUTH] Token Decoded: { id: 5, userId: '4607' }
[DEBUG] Processing profile for goog
[0mGET /api/wallet/history [36m304[0m 5.621 ms - -[0m
[0mGET /api/auth/profile [36m304[0m 13.892 ms - -[0m
[AUTH] Token Decoded: { id: 5, userId: '4607' }
[0mGET /api/wallet/history [36m304[0m 4.723 ms - -[0m
[AUTH] Token Decoded: { id: 5, userId: '4607' }
[AUTH] Fetching profile for ID: 5
[DEBUG] Processing profile for goog
[0mGET /api/auth/profile [36m304[0m 8.185 ms - -[0m
[AUTH] Token Decoded: { id: 5, userId: '4607' }
[AUTH] Fetching profile for ID: 5
[AUTH] Token Decoded: { id: 5, userId: '4607' }
[DEBUG] Processing profile for goog
[0mGET /api/wallet/history [36m304[0m 5.731 ms - -[0m
[0mGET /api/auth/profile [36m304[0m 14.661 ms - -[0m
[AUTH] Token Decoded: { id: 5, userId: '4607' }
[0mGET /api/wallet/history [36m304[0m 5.855 ms - -[0m
[AUTH] Token Decoded: { id: 5, userId: '4607' }
[AUTH] Fetching profile for ID: 5
[DEBUG] Processing profile for goog
[0mGET /api/auth/profile [36m304[0m 8.961 ms - -[0m
[AUTH] Token Decoded: { id: 5, userId: '4607' }
[0mGET /api/ads/my [36m304[0m 3.412 ms - -[0m
[AUTH] Token Decoded: { id: 5, userId: '4607' }
[AUTH] Fetching profile for ID: 5
[AUTH] Token Decoded: { id: 5, userId: '4607' }
[DEBUG] Processing profile for goog
[0mGET /api/wallet/history [36m304[0m 5.755 ms - -[0m
[0mGET /api/auth/profile [36m304[0m 14.634 ms - -[0m
[AUTH] Token Decoded: { id: 5, userId: '4607' }
[AUTH] Token Decoded: { id: 5, userId: '4607' }
[AUTH] Fetching profile for ID: 5
[0mGET /api/wallet/history [36m304[0m 8.383 ms - -[0m
[DEBUG] Processing profile for goog
[0mGET /api/auth/profile [36m304[0m 11.306 ms - -[0m
[AUTH] Token Decoded: { id: 5, userId: '4607' }
[0mGET /api/wallet/history [36m304[0m 6.084 ms - -[0m
[AUTH] Token Decoded: { id: 5, userId: '4607' }
[AUTH] Fetching profile for ID: 5
[DEBUG] Processing profile for goog
[0mGET /api/auth/profile [36m304[0m 8.492 ms - -[0m
[AUTH] Token Decoded: { id: 5, userId: '4607' }
[AUTH] Fetching profile for ID: 5
[AUTH] Token Decoded: { id: 5, userId: '4607' }
[DEBUG] Processing profile for goog
[0mGET /api/wallet/history [36m304[0m 5.574 ms - -[0m
[0mGET /api/auth/profile [36m304[0m 13.844 ms - -[0m
[AUTH] Token Decoded: { id: 5, userId: '4607' }
[0mGET /api/wallet/history [36m304[0m 6.100 ms - -[0m
[AUTH] Token Decoded: { id: 5, userId: '4607' }
[AUTH] Fetching profile for ID: 5
[DEBUG] Processing profile for goog
[0mGET /api/auth/profile [36m304[0m 8.806 ms - -[0m
[AUTH] Token Decoded: { id: 5, userId: '4607' }
[AUTH] Fetching profile for ID: 5
[AUTH] Token Decoded: { id: 5, userId: '4607' }
[DEBUG] Processing profile for goog
[0mGET /api/wallet/history [36m304[0m 5.651 ms - -[0m
[0mGET /api/auth/profile [36m304[0m 13.740 ms - -[0m
[AUTH] Token Decoded: { id: 5, userId: '4607' }
[0mGET /api/ads/my [36m304[0m 3.553 ms - -[0m
[AUTH] Token Decoded: { id: 5, userId: '4607' }
[0mGET /api/chat/conversations [32m200[0m 4.817 ms - 27101[0m
[AUTH] Token Decoded: { id: 5, userId: '4607' }
[AUTH] Fetching profile for ID: 5
[AUTH] Token Decoded: { id: 5, userId: '4607' }
[DEBUG] Processing profile for goog
[0mGET /api/wallet/history [36m304[0m 5.633 ms - -[0m
[0mGET /api/auth/profile [36m304[0m 14.898 ms - -[0m
[AUTH] Token Decoded: { id: 5, userId: '4607' }
[AUTH] Token Decoded: { id: 5, userId: '4607' }
[AUTH] Fetching profile for ID: 5
[0mGET /api/wallet/history [36m304[0m 8.307 ms - -[0m
[DEBUG] Processing profile for goog
[0mGET /api/auth/profile [36m304[0m 11.284 ms - -[0m
[AUTH] Token Decoded: { id: 5, userId: '4607' }
[AUTH] Token Decoded: { id: 5, userId: '4607' }
[AUTH] Fetching profile for ID: 5
[0mGET /api/wallet/history [36m304[0m 8.970 ms - -[0m
[DEBUG] Processing profile for goog
[0mGET /api/auth/profile [36m304[0m 11.936 ms - -[0m
[AUTH] Token Decoded: { id: 5, userId: '4607' }
[0mGET /api/wallet/history [36m304[0m 6.032 ms - -[0m
[AUTH] Token Decoded: { id: 5, userId: '4607' }
[AUTH] Fetching profile for ID: 5
[DEBUG] Processing profile for goog
[0mGET /api/auth/profile [36m304[0m 8.783 ms - -[0m
[AUTH] Token Decoded: { id: 5, userId: '4607' }
[AUTH] Token Decoded: { id: 5, userId: '4607' }
[AUTH] Fetching profile for ID: 5
[0mGET /api/wallet/history [36m304[0m 8.575 ms - -[0m
[DEBUG] Processing profile for goog
[0mGET /api/auth/profile [36m304[0m 11.391 ms - -[0m
[AUTH] Token Decoded: { id: 5, userId: '4607' }
[0mGET /api/ads/my [36m304[0m 3.348 ms - -[0m
[AUTH] Token Decoded: { id: 5, userId: '4607' }
[AUTH] Fetching profile for ID: 5
[DEBUG] Processing profile for goog
[0mGET /api/auth/profile [36m304[0m 9.045 ms - -[0m
[AUTH] Token Decoded: { id: 5, userId: '4607' }
[0mGET /api/wallet/history [36m304[0m 4.750 ms - -[0m
[AUTH] Token Decoded: { id: 5, userId: '4607' }
[AUTH] Fetching profile for ID: 5
[AUTH] Token Decoded: { id: 5, userId: '4607' }
[DEBUG] Processing profile for goog
[0mGET /api/wallet/history [36m304[0m 5.700 ms - -[0m
[0mGET /api/auth/profile [36m304[0m 14.183 ms - -[0m
[AUTH] Token Decoded: { id: 5, userId: '4607' }
[0mGET /api/wallet/history [36m304[0m 5.726 ms - -[0m
[AUTH] Token Decoded: { id: 5, userId: '4607' }
[AUTH] Fetching profile for ID: 5
[DEBUG] Processing profile for goog
[0mGET /api/auth/profile [36m304[0m 8.636 ms - -[0m
[AUTH] Token Decoded: { id: 5, userId: '4607' }
[AUTH] Token Decoded: { id: 5, userId: '4607' }
[AUTH] Fetching profile for ID: 5
[0mGET /api/wallet/history [36m304[0m 8.427 ms - -[0m
[DEBUG] Processing profile for goog
[0mGET /api/auth/profile [36m304[0m 11.785 ms - -[0m
[AUTH] Token Decoded: { id: 5, userId: '4607' }
[0mGET /api/wallet/history [36m304[0m 5.840 ms - -[0m
[AUTH] Token Decoded: { id: 5, userId: '4607' }
[AUTH] Fetching profile for ID: 5
[DEBUG] Processing profile for goog
[0mGET /api/auth/profile [36m304[0m 8.715 ms - -[0m
[AUTH] Token Decoded: { id: 5, userId: '4607' }
[AUTH] Token Decoded: { id: 5, userId: '4607' }
[AUTH] Fetching profile for ID: 5
[0mGET /api/wallet/history [36m304[0m 8.226 ms - -[0m
[AUTH] Token Decoded: { id: 5, userId: '4607' }
[DEBUG] Processing profile for goog
[0mGET /api/ads/my [36m304[0m 5.217 ms - -[0m
[0mGET /api/auth/profile [36m304[0m 16.484 ms - -[0m
[AUTH] Token Decoded: { id: 5, userId: '4607' }
[0mGET /api/chat/conversations [32m200[0m 4.779 ms - 27101[0m
[AUTH] Token Decoded: { id: 5, userId: '4607' }
[AUTH] Token Decoded: { id: 5, userId: '4607' }
[AUTH] Fetching profile for ID: 5
[0mGET /api/wallet/history [36m304[0m 9.193 ms - -[0m
[DEBUG] Processing profile for goog
[0mGET /api/auth/profile [36m304[0m 11.332 ms - -[0m
[AUTH] Token Decoded: { id: 5, userId: '4607' }
[AUTH] Fetching profile for ID: 5
[DEBUG] Processing profile for goog
[0mGET /api/auth/profile [36m304[0m 8.439 ms - -[0m
[AUTH] Token Decoded: { id: 5, userId: '4607' }
[0mGET /api/wallet/history [36m304[0m 5.933 ms - -[0m
[AUTH] Token Decoded: { id: 5, userId: '4607' }
[0mGET /api/wallet/history [36m304[0m 6.218 ms - -[0m
[AUTH] Token Decoded: { id: 5, userId: '4607' }
[AUTH] Fetching profile for ID: 5
[DEBUG] Processing profile for goog
[0mGET /api/auth/profile [36m304[0m 10.182 ms - -[0m
[AUTH] Token Decoded: { id: 5, userId: '4607' }
[AUTH] Fetching profile for ID: 5
[AUTH] Token Decoded: { id: 5, userId: '4607' }
[DEBUG] Processing profile for goog
[0mGET /api/wallet/history [36m304[0m 5.704 ms - -[0m
[0mGET /api/auth/profile [36m304[0m 14.238 ms - -[0m
[AUTH] Token Decoded: { id: 5, userId: '4607' }
[0mGET /api/ads/my [36m304[0m 3.554 ms - -[0m
[AUTH] Token Decoded: { id: 5, userId: '4607' }
[AUTH] Token Decoded: { id: 5, userId: '4607' }
[AUTH] Fetching profile for ID: 5
[0mGET /api/wallet/history [36m304[0m 8.649 ms - -[0m
[DEBUG] Processing profile for goog
[0mGET /api/auth/profile [36m304[0m 11.422 ms - -[0m
[AUTH] Token Decoded: { id: 5, userId: '4607' }
[0mGET /api/wallet/history [36m304[0m 6.194 ms - -[0m
[AUTH] Token Decoded: { id: 5, userId: '4607' }
[AUTH] Fetching profile for ID: 5
[DEBUG] Processing profile for goog
[0mGET /api/auth/profile [36m304[0m 8.803 ms - -[0m
[AUTH] Token Decoded: { id: 5, userId: '4607' }
[0mGET /api/wallet/history [36m304[0m 6.004 ms - -[0m
[AUTH] Token Decoded: { id: 5, userId: '4607' }
[AUTH] Fetching profile for ID: 5
[DEBUG] Processing profile for goog
[0mGET /api/auth/profile [36m304[0m 9.408 ms - -[0m
[AUTH] Token Decoded: { id: 5, userId: '4607' }
[0mGET /api/wallet/history [36m304[0m 6.240 ms - -[0m
[AUTH] Token Decoded: { id: 5, userId: '4607' }
[AUTH] Fetching profile for ID: 5
[DEBUG] Processing profile for goog
[0mGET /api/auth/profile [36m304[0m 9.027 ms - -[0m
[AUTH] Token Decoded: { id: 5, userId: '4607' }
[AUTH] Fetching profile for ID: 5
[AUTH] Token Decoded: { id: 5, userId: '4607' }
[DEBUG] Processing profile for goog
[0mGET /api/wallet/history [36m304[0m 5.603 ms - -[0m
[0mGET /api/auth/profile [36m304[0m 14.418 ms - -[0m
[AUTH] Token Decoded: { id: 5, userId: '4607' }
[AUTH] Token Decoded: { id: 5, userId: '4607' }
[AUTH] Fetching profile for ID: 5
[AUTH] Token Decoded: { id: 5, userId: '4607' }
[AUTH] Token Decoded: { id: 5, userId: '4607' }
[0mGET /api/ads/my [36m304[0m 13.241 ms - -[0m
[DEBUG] Processing profile for goog
[0mGET /api/auth/profile [36m304[0m 16.779 ms - -[0m
✅ Connected to PostgreSQL database
✅ Connected to PostgreSQL database
[0mGET /api/chat/conversations [32m200[0m 65.181 ms - 27101[0m
[0mGET /api/wallet/history [36m304[0m 72.525 ms - -[0m
[AUTH] Token Decoded: { id: 5, userId: '4607' }
[AUTH] Token Decoded: { id: 5, userId: '4607' }
[AUTH] Fetching profile for ID: 5
[0mGET /api/wallet/history [36m304[0m 7.593 ms - -[0m
[DEBUG] Processing profile for goog
[0mGET /api/auth/profile [36m304[0m 13.969 ms - -[0m
[AUTH] Token Decoded: { id: 5, userId: '4607' }
[0mGET /api/wallet/history [36m304[0m 9.318 ms - -[0m
[AUTH] Token Decoded: { id: 5, userId: '4607' }
[AUTH] Fetching profile for ID: 5
[DEBUG] Processing profile for goog
[0mGET /api/auth/profile [36m304[0m 9.265 ms - -[0m
[AUTH] Token Decoded: { id: 5, userId: '4607' }
[0mGET /api/wallet/history [36m304[0m 5.981 ms - -[0m
[AUTH] Token Decoded: { id: 5, userId: '4607' }
[AUTH] Fetching profile for ID: 5
[DEBUG] Processing profile for goog
[0mGET /api/auth/profile [36m304[0m 9.063 ms - -[0m
[AUTH] Token Decoded: { id: 5, userId: '4607' }
[AUTH] Token Decoded: { id: 5, userId: '4607' }
[AUTH] Fetching profile for ID: 5
[0mGET /api/wallet/history [36m304[0m 9.473 ms - -[0m
[DEBUG] Processing profile for goog
[0mGET /api/auth/profile [36m304[0m 17.557 ms - -[0m
[AUTH] Token Decoded: { id: 5, userId: '4607' }
[0mGET /api/ads/my [36m304[0m 5.817 ms - -[0m
[AUTH] Token Decoded: { id: 5, userId: '4607' }
[AUTH] Fetching profile for ID: 5
[AUTH] Token Decoded: { id: 5, userId: '4607' }
[DEBUG] Processing profile for goog
[0mGET /api/wallet/history [36m304[0m 5.157 ms - -[0m
[0mGET /api/auth/profile [36m304[0m 13.355 ms - -[0m
[AUTH] Token Decoded: { id: 5, userId: '4607' }
[AUTH] Fetching profile for ID: 5
[AUTH] Token Decoded: { id: 5, userId: '4607' }
[DEBUG] Processing profile for goog
[0mGET /api/wallet/history [36m304[0m 6.250 ms - -[0m
[0mGET /api/auth/profile [36m304[0m 17.060 ms - -[0m
[AUTH] Token Decoded: { id: 5, userId: '4607' }
[AUTH] Fetching profile for ID: 5
[AUTH] Token Decoded: { id: 5, userId: '4607' }
[DEBUG] Processing profile for goog
[0mGET /api/wallet/history [36m304[0m 5.807 ms - -[0m
[0mGET /api/auth/profile [36m304[0m 14.170 ms - -[0m
[AUTH] Token Decoded: { id: 5, userId: '4607' }
[AUTH] Token Decoded: { id: 5, userId: '4607' }
[AUTH] Fetching profile for ID: 5
[0mGET /api/wallet/history [36m304[0m 8.898 ms - -[0m
[DEBUG] Processing profile for goog
[0mGET /api/auth/profile [36m304[0m 11.529 ms - -[0m
[AUTH] Token Decoded: { id: 5, userId: '4607' }
[AUTH] Fetching profile for ID: 5
[AUTH] Token Decoded: { id: 5, userId: '4607' }
[DEBUG] Processing profile for goog
[0mGET /api/wallet/history [36m304[0m 5.901 ms - -[0m
[0mGET /api/auth/profile [36m304[0m 14.415 ms - -[0m
[AUTH] Token Decoded: { id: 5, userId: '4607' }
[AUTH] Fetching profile for ID: 5
[AUTH] Token Decoded: { id: 5, userId: '4607' }
[AUTH] Token Decoded: { id: 5, userId: '4607' }
[DEBUG] Processing profile for goog
[0mGET /api/ads/my [36m304[0m 7.766 ms - -[0m
[0mGET /api/wallet/history [36m304[0m 7.857 ms - -[0m
[AUTH] Token Decoded: { id: 5, userId: '4607' }
[0mGET /api/auth/profile [36m304[0m 22.214 ms - -[0m
[0mGET /api/chat/conversations [32m200[0m 6.047 ms - 27101[0m
[AUTH] Token Decoded: { id: 5, userId: '4607' }
[0mGET /api/wallet/history [36m304[0m 4.751 ms - -[0m
[AUTH] Token Decoded: { id: 5, userId: '4607' }
[AUTH] Fetching profile for ID: 5
[DEBUG] Processing profile for goog
[0mGET /api/auth/profile [36m304[0m 7.998 ms - -[0m
[AUTH] Token Decoded: { id: 5, userId: '4607' }
[AUTH] Fetching profile for ID: 5
[DEBUG] Processing profile for goog
[0mGET /api/auth/profile [36m304[0m 8.123 ms - -[0m
[AUTH] Token Decoded: { id: 5, userId: '4607' }
[0mGET /api/wallet/history [36m304[0m 4.700 ms - -[0m
[AUTH] Token Decoded: { id: 5, userId: '4607' }
[AUTH] Token Decoded: { id: 5, userId: '4607' }
[AUTH] Fetching profile for ID: 5
[0mGET /api/wallet/history [36m304[0m 9.144 ms - -[0m
[DEBUG] Processing profile for goog
[0mGET /api/auth/profile [36m304[0m 9.469 ms - -[0m
[AUTH] Token Decoded: { id: 5, userId: '4607' }
[AUTH] Fetching profile for ID: 5
[AUTH] Token Decoded: { id: 5, userId: '4607' }
[DEBUG] Processing profile for goog
[0mGET /api/wallet/history [36m304[0m 4.842 ms - -[0m
[0mGET /api/auth/profile [36m304[0m 12.506 ms - -[0m
[AUTH] Token Decoded: { id: 5, userId: '4607' }
[0mGET /api/wallet/history [36m304[0m 5.199 ms - -[0m
[AUTH] Token Decoded: { id: 5, userId: '4607' }
[AUTH] Fetching profile for ID: 5
[DEBUG] Processing profile for goog
[0mGET /api/auth/profile [36m304[0m 7.671 ms - -[0m
[AUTH] Token Decoded: { id: 5, userId: '4607' }
[0mGET /api/ads/my [36m304[0m 4.863 ms - -[0m
[AUTH] Token Decoded: { id: 5, userId: '4607' }
[AUTH] Fetching profile for ID: 5
[DEBUG] Processing profile for goog
[AUTH] Token Decoded: { id: 5, userId: '4607' }
[0mGET /api/auth/profile [36m304[0m 11.567 ms - -[0m
[0mGET /api/wallet/history [36m304[0m 6.175 ms - -[0m
[AUTH] Token Decoded: { id: 5, userId: '4607' }
[AUTH] Fetching profile for ID: 5
[AUTH] Token Decoded: { id: 5, userId: '4607' }
[DEBUG] Processing profile for goog
[0mGET /api/wallet/history [36m304[0m 6.096 ms - -[0m
[0mGET /api/auth/profile [36m304[0m 15.149 ms - -[0m
[AUTH] Token Decoded: { id: 5, userId: '4607' }
[AUTH] Fetching profile for ID: 5
[AUTH] Token Decoded: { id: 5, userId: '4607' }
[DEBUG] Processing profile for goog
[0mGET /api/market/16 [32m200[0m 5.914 ms - 45325[0m
[0mGET /api/cart [32m200[0m 7.879 ms - 18646[0m
[0mGET /api/auth/profile [36m304[0m 16.672 ms - -[0m
[AUTH] Token Decoded: { id: 5, userId: '4607' }
[AUTH] Token Decoded: { id: 5, userId: '4607' }
[AUTH] Fetching profile for ID: 5
[0mGET /api/wallet/history [36m304[0m 8.551 ms - -[0m
[DEBUG] Processing profile for goog
[0mGET /api/auth/profile [36m304[0m 11.133 ms - -[0m
[AUTH] Token Decoded: { id: 5, userId: '4607' }
[0mGET /api/wallet/history [36m304[0m 5.945 ms - -[0m
[AUTH] Token Decoded: { id: 5, userId: '4607' }
[AUTH] Fetching profile for ID: 5
[DEBUG] Processing profile for goog
[0mGET /api/auth/profile [36m304[0m 8.317 ms - -[0m
[AUTH] Token Decoded: { id: 5, userId: '4607' }
[0mGET /api/wallet/history [36m304[0m 5.752 ms - -[0m
[AUTH] Token Decoded: { id: 5, userId: '4607' }
[AUTH] Fetching profile for ID: 5
[DEBUG] Processing profile for goog
[0mGET /api/auth/profile [36m304[0m 8.398 ms - -[0m
[AUTH] Token Decoded: { id: 5, userId: '4607' }
[0mGET /api/ads/my [36m304[0m 3.295 ms - -[0m
[AUTH] Token Decoded: { id: 5, userId: '4607' }
[0mGET /api/chat/conversations [32m200[0m 7.850 ms - 27101[0m
[AUTH] Token Decoded: { id: 5, userId: '4607' }
[0mGET /api/wallet/history [36m304[0m 6.159 ms - -[0m
[AUTH] Token Decoded: { id: 5, userId: '4607' }
[AUTH] Fetching profile for ID: 5
[DEBUG] Processing profile for goog
[0mGET /api/auth/profile [36m304[0m 8.607 ms - -[0m
[AUTH] Token Decoded: { id: 5, userId: '4607' }
[AUTH] Token Decoded: { id: 5, userId: '4607' }
[AUTH] Fetching profile for ID: 5
[0mGET /api/wallet/history [36m304[0m 8.810 ms - -[0m
[DEBUG] Processing profile for goog
[0mGET /api/auth/profile [36m304[0m 11.266 ms - -[0m
[AUTH] Token Decoded: { id: 5, userId: '4607' }
[AUTH] Token Decoded: { id: 5, userId: '4607' }
[AUTH] Fetching profile for ID: 5
[0mGET /api/wallet/history [36m304[0m 8.521 ms - -[0m
[DEBUG] Processing profile for goog
[0mGET /api/auth/profile [36m304[0m 11.112 ms - -[0m
[AUTH] Token Decoded: { id: 5, userId: '4607' }
[0mGET /api/wallet/history [36m304[0m 5.896 ms - -[0m
[AUTH] Token Decoded: { id: 5, userId: '4607' }
[AUTH] Fetching profile for ID: 5
[DEBUG] Processing profile for goog
[0mGET /api/auth/profile [36m304[0m 8.813 ms - -[0m
[AUTH] Token Decoded: { id: 5, userId: '4607' }
[AUTH] Token Decoded: { id: 5, userId: '4607' }
[AUTH] Fetching profile for ID: 5
[0mGET /api/wallet/history [36m304[0m 8.154 ms - -[0m
[DEBUG] Processing profile for goog
[0mGET /api/auth/profile [36m304[0m 11.048 ms - -[0m
[AUTH] Token Decoded: { id: 5, userId: '4607' }
[AUTH] Token Decoded: { id: 5, userId: '4607' }
[AUTH] Fetching profile for ID: 5
[0mGET /api/wallet/history [36m304[0m 9.055 ms - -[0m
[DEBUG] Processing profile for goog
[0mGET /api/auth/profile [36m304[0m 11.239 ms - -[0m
[AUTH] Token Decoded: { id: 5, userId: '4607' }
[0mGET /api/ads/my [36m304[0m 2.768 ms - -[0m
[AUTH] Token Decoded: { id: 5, userId: '4607' }
[0mGET /api/wallet/history [36m304[0m 6.042 ms - -[0m
[AUTH] Token Decoded: { id: 5, userId: '4607' }
[AUTH] Fetching profile for ID: 5
[DEBUG] Processing profile for goog
[0mGET /api/auth/profile [36m304[0m 8.213 ms - -[0m
[AUTH] Token Decoded: { id: 5, userId: '4607' }
[AUTH] Token Decoded: { id: 5, userId: '4607' }
[AUTH] Fetching profile for ID: 5
[0mGET /api/wallet/history [36m304[0m 8.438 ms - -[0m
[DEBUG] Processing profile for goog
[0mGET /api/auth/profile [36m304[0m 12.075 ms - -[0m
[AUTH] Token Decoded: { id: 5, userId: '4607' }
[AUTH] Fetching profile for ID: 5
[AUTH] Token Decoded: { id: 5, userId: '4607' }
[DEBUG] Processing profile for goog
[0mGET /api/wallet/history [36m304[0m 5.716 ms - -[0m
[0mGET /api/auth/profile [36m304[0m 14.691 ms - -[0m
[AUTH] Token Decoded: { id: 5, userId: '4607' }
[AUTH] Token Decoded: { id: 5, userId: '4607' }
[AUTH] Fetching profile for ID: 5
[0mGET /api/wallet/history [36m304[0m 9.349 ms - -[0m
[DEBUG] Processing profile for goog
[0mGET /api/auth/profile [36m304[0m 10.996 ms - -[0m
[AUTH] Token Decoded: { id: 5, userId: '4607' }
[AUTH] Fetching profile for ID: 5
[AUTH] Token Decoded: { id: 5, userId: '4607' }
[DEBUG] Processing profile for goog
[0mGET /api/wallet/history [36m304[0m 5.637 ms - -[0m
[0mGET /api/auth/profile [36m304[0m 14.352 ms - -[0m
[AUTH] Token Decoded: { id: 5, userId: '4607' }
[0mGET /api/ads/my [36m304[0m 3.421 ms - -[0m
[AUTH] Token Decoded: { id: 5, userId: '4607' }
[0mGET /api/chat/conversations [32m200[0m 4.424 ms - 27101[0m
[AUTH] Token Decoded: { id: 5, userId: '4607' }
[0mGET /api/wallet/history [36m304[0m 6.195 ms - -[0m
[AUTH] Token Decoded: { id: 5, userId: '4607' }
[AUTH] Fetching profile for ID: 5
[DEBUG] Processing profile for goog
[0mGET /api/auth/profile [36m304[0m 8.577 ms - -[0m
[AUTH] Token Decoded: { id: 5, userId: '4607' }
[0mGET /api/wallet/history [36m304[0m 5.971 ms - -[0m
[AUTH] Token Decoded: { id: 5, userId: '4607' }
[AUTH] Fetching profile for ID: 5
[DEBUG] Processing profile for goog
[0mGET /api/auth/profile [36m304[0m 8.863 ms - -[0m
[AUTH] Token Decoded: { id: 5, userId: '4607' }
[AUTH] Token Decoded: { id: 5, userId: '4607' }
[AUTH] Fetching profile for ID: 5
[0mGET /api/wallet/history [36m304[0m 8.269 ms - -[0m
[DEBUG] Processing profile for goog
[0mGET /api/auth/profile [36m304[0m 12.026 ms - -[0m
[AUTH] Token Decoded: { id: 5, userId: '4607' }
[0mGET /api/wallet/history [36m304[0m 5.898 ms - -[0m
[AUTH] Token Decoded: { id: 5, userId: '4607' }
[AUTH] Fetching profile for ID: 5
[DEBUG] Processing profile for goog
[0mGET /api/auth/profile [36m304[0m 8.393 ms - -[0m
[AUTH] Token Decoded: { id: 5, userId: '4607' }
[AUTH] Token Decoded: { id: 5, userId: '4607' }
[AUTH] Fetching profile for ID: 5
[0mGET /api/wallet/history [36m304[0m 8.405 ms - -[0m
[DEBUG] Processing profile for goog
[0mGET /api/auth/profile [36m304[0m 10.741 ms - -[0m
[AUTH] Token Decoded: { id: 5, userId: '4607' }
[0mGET /api/wallet/history [36m304[0m 5.818 ms - -[0m
[AUTH] Token Decoded: { id: 5, userId: '4607' }
[AUTH] Fetching profile for ID: 5
[AUTH] Token Decoded: { id: 5, userId: '4607' }
[DEBUG] Processing profile for goog
[0mGET /api/ads/my [36m304[0m 4.796 ms - -[0m
[0mGET /api/auth/profile [36m304[0m 13.549 ms - -[0m
[AUTH] Token Decoded: { id: 5, userId: '4607' }
[0mGET /api/wallet/history [36m304[0m 10.728 ms - -[0m
[AUTH] Token Decoded: { id: 5, userId: '4607' }
[AUTH] Fetching profile for ID: 5
[DEBUG] Processing profile for goog
[0mGET /api/auth/profile [36m304[0m 8.613 ms - -[0m
[AUTH] Token Decoded: { id: 5, userId: '4607' }
[AUTH] Token Decoded: { id: 5, userId: '4607' }
[AUTH] Fetching profile for ID: 5
[0mGET /api/wallet/history [36m304[0m 8.676 ms - -[0m
[DEBUG] Processing profile for goog
[0mGET /api/auth/profile [36m304[0m 11.704 ms - -[0m
[AUTH] Token Decoded: { id: 5, userId: '4607' }
[AUTH] Fetching profile for ID: 5
[DEBUG] Processing profile for goog
[0mGET /api/market/16 [36m304[0m 3.974 ms - -[0m
[0mGET /api/auth/profile [36m304[0m 11.961 ms - -[0m
[AUTH] Token Decoded: { id: 5, userId: '4607' }
[0mGET /api/wallet/history [36m304[0m 6.459 ms - -[0m
[AUTH] Token Decoded: { id: 5, userId: '4607' }
[AUTH] Fetching profile for ID: 5
[DEBUG] Processing profile for goog
[0mGET /api/auth/profile [36m304[0m 8.618 ms - -[0m
[AUTH] Token Decoded: { id: 5, userId: '4607' }
[AUTH] Token Decoded: { id: 5, userId: '4607' }
[AUTH] Fetching profile for ID: 5
[0mGET /api/wallet/history [36m304[0m 8.416 ms - -[0m
[DEBUG] Processing profile for goog
[0mGET /api/auth/profile [36m304[0m 10.929 ms - -[0m
[AUTH] Token Decoded: { id: 5, userId: '4607' }
[AUTH] Token Decoded: { id: 5, userId: '4607' }
[AUTH] Fetching profile for ID: 5
[0mGET /api/wallet/history [36m304[0m 14.928 ms - -[0m
[DEBUG] Processing profile for goog
[0mGET /api/auth/profile [36m304[0m 15.077 ms - -[0m
[AUTH] Token Decoded: { id: 5, userId: '4607' }
[0mGET /api/ads/my [36m304[0m 3.278 ms - -[0m
[AUTH] Token Decoded: { id: 5, userId: '4607' }
[0mGET /api/chat/conversations [32m200[0m 4.524 ms - 27101[0m
[AUTH] Token Decoded: { id: 5, userId: '4607' }
[AUTH] Fetching profile for ID: 5
[AUTH] Token Decoded: { id: 5, userId: '4607' }
[DEBUG] Processing profile for goog
[0mGET /api/wallet/history [36m304[0m 5.814 ms - -[0m
[0mGET /api/auth/profile [36m304[0m 14.584 ms - -[0m
[AUTH] Token Decoded: { id: 5, userId: '4607' }
[AUTH] Fetching profile for ID: 5
[AUTH] Token Decoded: { id: 5, userId: '4607' }
[DEBUG] Processing profile for goog
[0mGET /api/wallet/history [36m304[0m 5.621 ms - -[0m
[0mGET /api/auth/profile [36m304[0m 14.133 ms - -[0m
[AUTH] Token Decoded: { id: 5, userId: '4607' }
[AUTH] Fetching profile for ID: 5
[AUTH] Token Decoded: { id: 5, userId: '4607' }
[DEBUG] Processing profile for goog
[0mGET /api/wallet/history [36m304[0m 5.619 ms - -[0m
[0mGET /api/auth/profile [36m304[0m 14.410 ms - -[0m
[AUTH] Token Decoded: { id: 5, userId: '4607' }
[AUTH] Token Decoded: { id: 5, userId: '4607' }
[AUTH] Fetching profile for ID: 5
[0mGET /api/wallet/history [36m304[0m 8.684 ms - -[0m
[DEBUG] Processing profile for goog
[0mGET /api/auth/profile [36m304[0m 11.689 ms - -[0m
[AUTH] Token Decoded: { id: 5, userId: '4607' }
[AUTH] Token Decoded: { id: 5, userId: '4607' }
[AUTH] Fetching profile for ID: 5
[0mGET /api/wallet/history [36m304[0m 8.684 ms - -[0m
[DEBUG] Processing profile for goog
[0mGET /api/auth/profile [36m304[0m 11.935 ms - -[0m
[AUTH] Token Decoded: { id: 5, userId: '4607' }
[0mGET /api/ads/my [36m304[0m 3.180 ms - -[0m
[AUTH] Token Decoded: { id: 5, userId: '4607' }
[0mGET /api/wallet/history [36m304[0m 5.548 ms - -[0m
[AUTH] Token Decoded: { id: 5, userId: '4607' }
[AUTH] Fetching profile for ID: 5
[DEBUG] Processing profile for goog
[0mGET /api/auth/profile [36m304[0m 8.889 ms - -[0m
[AUTH] Token Decoded: { id: 5, userId: '4607' }
[0mGET /api/wallet/history [36m304[0m 5.822 ms - -[0m
[AUTH] Token Decoded: { id: 5, userId: '4607' }
[AUTH] Fetching profile for ID: 5
[DEBUG] Processing profile for goog
[0mGET /api/auth/profile [36m304[0m 8.412 ms - -[0m
[AUTH] Token Decoded: { id: 5, userId: '4607' }
[0mGET /api/wallet/history [36m304[0m 5.776 ms - -[0m
[AUTH] Token Decoded: { id: 5, userId: '4607' }
[AUTH] Fetching profile for ID: 5
[DEBUG] Processing profile for goog
[0mGET /api/auth/profile [36m304[0m 8.486 ms - -[0m
[AUTH] Token Decoded: { id: 4, userId: '4208' }
[0mGET /api/chat/conversations [32m200[0m 3.851 ms - 1080[0m
[AUTH] Token Decoded: { id: 5, userId: '4607' }
[0mGET /api/ads/my [36m304[0m 3.515 ms - -[0m
[AUTH] Token Decoded: { id: 5, userId: '4607' }
[AUTH] Token Decoded: { id: 5, userId: '4607' }
[AUTH] Token Decoded: { id: 5, userId: '4607' }
[AUTH] Fetching profile for ID: 5
[0mGET /api/chat/conversations [32m200[0m 9.779 ms - 27101[0m
[0mGET /api/wallet/history [36m304[0m 10.081 ms - -[0m
[DEBUG] Processing profile for goog
[0mGET /api/auth/profile [36m304[0m 12.869 ms - -[0m
[AUTH] Token Decoded: { id: 5, userId: '4607' }
[AUTH] Token Decoded: { id: 5, userId: '4607' }
[AUTH] Fetching profile for ID: 5
[0mGET /api/wallet/history [36m304[0m 8.542 ms - -[0m
[DEBUG] Processing profile for goog
[0mGET /api/auth/profile [36m304[0m 11.661 ms - -[0m
[AUTH] Token Decoded: { id: 5, userId: '4607' }
[AUTH] Fetching profile for ID: 5
[AUTH] Token Decoded: { id: 5, userId: '4607' }
[DEBUG] Processing profile for goog
[0mGET /api/wallet/history [36m304[0m 5.819 ms - -[0m
[0mGET /api/auth/profile [36m304[0m 14.769 ms - -[0m
[AUTH] Token Decoded: { id: 5, userId: '4607' }
[AUTH] Fetching profile for ID: 5
[DEBUG] Processing profile for goog
[AUTH] Token Decoded: { id: 5, userId: '4607' }
[0mGET /api/auth/profile [36m304[0m 11.796 ms - -[0m
[0mGET /api/wallet/history [36m304[0m 7.086 ms - -[0m
[AUTH] Token Decoded: { id: 5, userId: '4607' }
[AUTH] Token Decoded: { id: 5, userId: '4607' }
[AUTH] Fetching profile for ID: 5
[0mGET /api/wallet/history [36m304[0m 8.404 ms - -[0m
[DEBUG] Processing profile for goog
[0mGET /api/auth/profile [36m304[0m 11.593 ms - -[0m
[AUTH] Token Decoded: { id: 5, userId: '4607' }
[AUTH] Fetching profile for ID: 5
[AUTH] Token Decoded: { id: 5, userId: '4607' }
[DEBUG] Processing profile for goog
[0mGET /api/wallet/history [36m304[0m 7.803 ms - -[0m
[0mGET /api/auth/profile [36m304[0m 16.255 ms - -[0m
[AUTH] Token Decoded: { id: 5, userId: '4607' }
[0mGET /api/ads/my [36m304[0m 3.286 ms - -[0m
[AUTH] Token Decoded: { id: 5, userId: '4607' }
[AUTH] Fetching profile for ID: 5
[DEBUG] Processing profile for goog
[0mGET /api/auth/profile [36m304[0m 8.674 ms - -[0m
[AUTH] Token Decoded: { id: 5, userId: '4607' }
[0mGET /api/wallet/history [36m304[0m 5.943 ms - -[0m
[AUTH] Token Decoded: { id: 5, userId: '4607' }
[0mGET /api/wallet/history [36m304[0m 6.069 ms - -[0m
[AUTH] Token Decoded: { id: 5, userId: '4607' }
[AUTH] Fetching profile for ID: 5
[DEBUG] Processing profile for goog
[0mGET /api/auth/profile [36m304[0m 8.697 ms - -[0m
[AUTH] Token Decoded: { id: 5, userId: '4607' }
[AUTH] Token Decoded: { id: 5, userId: '4607' }
[AUTH] Fetching profile for ID: 5
[0mGET /api/wallet/history [36m304[0m 8.113 ms - -[0m
[DEBUG] Processing profile for goog
[0mGET /api/auth/profile [36m304[0m 11.272 ms - -[0m
[AUTH] Token Decoded: { id: 5, userId: '4607' }
[AUTH] Token Decoded: { id: 5, userId: '4607' }
[AUTH] Fetching profile for ID: 5
[0mGET /api/wallet/history [36m304[0m 8.226 ms - -[0m
[DEBUG] Processing profile for goog
[0mGET /api/auth/profile [36m304[0m 11.295 ms - -[0m
[AUTH] Token Decoded: { id: 5, userId: '4607' }
[0mGET /api/wallet/history [36m304[0m 5.882 ms - -[0m
[AUTH] Token Decoded: { id: 5, userId: '4607' }
[AUTH] Fetching profile for ID: 5
[DEBUG] Processing profile for goog
[0mGET /api/auth/profile [36m304[0m 8.685 ms - -[0m
[AUTH] Token Decoded: { id: 5, userId: '4607' }
[0mGET /api/ads/my [36m304[0m 3.579 ms - -[0m
[AUTH] Token Decoded: { id: 5, userId: '4607' }
[0mGET /api/chat/conversations [32m200[0m 4.428 ms - 27101[0m
[AUTH] Token Decoded: { id: 5, userId: '4607' }
[AUTH] Fetching profile for ID: 5
[AUTH] Token Decoded: { id: 5, userId: '4607' }
[DEBUG] Processing profile for goog
[0mGET /api/wallet/history [36m304[0m 6.051 ms - -[0m
[0mGET /api/auth/profile [36m304[0m 14.539 ms - -[0m
[AUTH] Token Decoded: { id: 5, userId: '4607' }
[AUTH] Token Decoded: { id: 5, userId: '4607' }
[AUTH] Fetching profile for ID: 5
[0mGET /api/wallet/history [36m304[0m 8.847 ms - -[0m
[DEBUG] Processing profile for goog
[0mGET /api/auth/profile [36m304[0m 11.321 ms - -[0m
[AUTH] Token Decoded: { id: 5, userId: '4607' }
[0mGET /api/wallet/history [36m304[0m 5.909 ms - -[0m
[AUTH] Token Decoded: { id: 5, userId: '4607' }
[AUTH] Fetching profile for ID: 5
[DEBUG] Processing profile for goog
[0mGET /api/auth/profile [36m304[0m 8.627 ms - -[0m
[AUTH] Token Decoded: { id: 5, userId: '4607' }
[0mGET /api/wallet/history [36m304[0m 5.469 ms - -[0m
[AUTH] Token Decoded: { id: 5, userId: '4607' }
[AUTH] Fetching profile for ID: 5
[DEBUG] Processing profile for goog
[0mGET /api/auth/profile [36m304[0m 8.646 ms - -[0m
[AUTH] Token Decoded: { id: 5, userId: '4607' }
[AUTH] Fetching profile for ID: 5
[AUTH] Token Decoded: { id: 5, userId: '4607' }
[DEBUG] Processing profile for goog
[0mGET /api/wallet/history [36m304[0m 5.513 ms - -[0m
[0mGET /api/auth/profile [36m304[0m 14.428 ms - -[0m
[AUTH] Token Decoded: { id: 5, userId: '4607' }
[0mGET /api/ads/my [36m304[0m 3.135 ms - -[0m
[AUTH] Token Decoded: { id: 5, userId: '4607' }
[AUTH] Fetching profile for ID: 5
[AUTH] Token Decoded: { id: 5, userId: '4607' }
[DEBUG] Processing profile for goog
[0mGET /api/wallet/history [36m304[0m 6.531 ms - -[0m
[0mGET /api/auth/profile [36m304[0m 15.049 ms - -[0m
[AUTH] Token Decoded: { id: 5, userId: '4607' }
[AUTH] Token Decoded: { id: 5, userId: '4607' }
[AUTH] Fetching profile for ID: 5
[0mGET /api/wallet/history [36m304[0m 8.606 ms - -[0m
[DEBUG] Processing profile for goog
[0mGET /api/auth/profile [36m304[0m 11.380 ms - -[0m
[AUTH] Token Decoded: { id: 5, userId: '4607' }
[AUTH] Token Decoded: { id: 5, userId: '4607' }
[AUTH] Fetching profile for ID: 5
[0mGET /api/wallet/history [36m304[0m 7.818 ms - -[0m
[DEBUG] Processing profile for goog
[0mGET /api/auth/profile [36m304[0m 11.211 ms - -[0m
[AUTH] Token Decoded: { id: 5, userId: '4607' }
[AUTH] Token Decoded: { id: 5, userId: '4607' }
[AUTH] Fetching profile for ID: 5
[0mGET /api/wallet/history [36m304[0m 8.359 ms - -[0m
[DEBUG] Processing profile for goog
[0mGET /api/auth/profile [36m304[0m 11.132 ms - -[0m
[AUTH] Token Decoded: { id: 5, userId: '4607' }
[AUTH] Token Decoded: { id: 5, userId: '4607' }
[0mGET /api/ads/my [36m304[0m 6.107 ms - -[0m
[0mGET /api/chat/conversations [32m200[0m 5.173 ms - 27101[0m
[AUTH] Token Decoded: { id: 5, userId: '4607' }
[AUTH] Token Decoded: { id: 5, userId: '4607' }
[AUTH] Fetching profile for ID: 5
[0mGET /api/wallet/history [36m304[0m 8.302 ms - -[0m
[DEBUG] Processing profile for goog
[0mGET /api/auth/profile [36m304[0m 11.309 ms - -[0m
[AUTH] Token Decoded: { id: 5, userId: '4607' }
[AUTH] Token Decoded: { id: 5, userId: '4607' }
[AUTH] Fetching profile for ID: 5
[0mGET /api/wallet/history [36m304[0m 8.446 ms - -[0m
[DEBUG] Processing profile for goog
[0mGET /api/auth/profile [36m304[0m 11.452 ms - -[0m
[AUTH] Token Decoded: { id: 5, userId: '4607' }
[AUTH] Token Decoded: { id: 5, userId: '4607' }
[AUTH] Fetching profile for ID: 5
[0mGET /api/wallet/history [36m304[0m 8.501 ms - -[0m
[DEBUG] Processing profile for goog
[0mGET /api/auth/profile [36m304[0m 12.144 ms - -[0m
[AUTH] Token Decoded: { id: 5, userId: '4607' }
[AUTH] Fetching profile for ID: 5
[AUTH] Token Decoded: { id: 5, userId: '4607' }
[DEBUG] Processing profile for goog
[0mGET /api/wallet/history [36m304[0m 5.727 ms - -[0m
[0mGET /api/auth/profile [36m304[0m 14.851 ms - -[0m
[AUTH] Token Decoded: { id: 5, userId: '4607' }
[AUTH] Fetching profile for ID: 5
[AUTH] Token Decoded: { id: 5, userId: '4607' }
[DEBUG] Processing profile for goog
[0mGET /api/wallet/history [36m304[0m 5.500 ms - -[0m
[0mGET /api/auth/profile [36m304[0m 13.976 ms - -[0m
[AUTH] Token Decoded: { id: 5, userId: '4607' }
[AUTH] Token Decoded: { id: 5, userId: '4607' }
[AUTH] Fetching profile for ID: 5
[0mGET /api/wallet/history [36m304[0m 8.686 ms - -[0m
[DEBUG] Processing profile for goog
[0mGET /api/auth/profile [36m304[0m 11.789 ms - -[0m
[AUTH] Token Decoded: { id: 5, userId: '4607' }
[0mGET /api/ads/my [36m304[0m 3.661 ms - -[0m
[AUTH] Token Decoded: { id: 5, userId: '4607' }
[0mGET /api/cart [32m200[0m 5.138 ms - 18646[0m
[AUTH] Token Decoded: { id: 5, userId: '4607' }
[AUTH] Fetching profile for ID: 5
[DEBUG] Processing profile for goog
[AUTH] Token Decoded: { id: 5, userId: '4607' }
[0mGET /api/auth/profile [36m304[0m 11.515 ms - -[0m
[0mGET /api/wallet/history [36m304[0m 6.912 ms - -[0m
[AUTH] Token Decoded: { id: 5, userId: '4607' }
[AUTH] Token Decoded: { id: 5, userId: '4607' }
[AUTH] Fetching profile for ID: 5
[0mGET /api/wallet/history [36m304[0m 10.771 ms - -[0m
[DEBUG] Processing profile for goog
[0mGET /api/auth/profile [36m304[0m 11.182 ms - -[0m
[AUTH] Token Decoded: { id: 5, userId: '4607' }
[AUTH] Token Decoded: { id: 5, userId: '4607' }
[AUTH] Fetching profile for ID: 5
[0mGET /api/wallet/history [36m304[0m 8.093 ms - -[0m
[DEBUG] Processing profile for goog
[0mGET /api/auth/profile [36m304[0m 10.868 ms - -[0m
[AUTH] Token Decoded: { id: 5, userId: '4607' }
[AUTH] Token Decoded: { id: 5, userId: '4607' }
[AUTH] Fetching profile for ID: 5
[0mGET /api/wallet/history [36m304[0m 8.397 ms - -[0m
[DEBUG] Processing profile for goog
[0mGET /api/auth/profile [36m304[0m 11.503 ms - -[0m
[AUTH] Token Decoded: { id: 5, userId: '4607' }
[AUTH] Token Decoded: { id: 5, userId: '4607' }
[AUTH] Fetching profile for ID: 5
[0mGET /api/wallet/history [36m304[0m 8.943 ms - -[0m
[DEBUG] Processing profile for goog
[0mGET /api/auth/profile [36m304[0m 11.442 ms - -[0m
[AUTH] Token Decoded: { id: 5, userId: '4607' }
[0mGET /api/ads/my [36m304[0m 3.417 ms - -[0m
[AUTH] Token Decoded: { id: 5, userId: '4607' }
[0mGET /api/chat/conversations [32m200[0m 4.759 ms - 27101[0m
[AUTH] Token Decoded: { id: 5, userId: '4607' }
[0mGET /api/wallet/history [36m304[0m 6.153 ms - -[0m
[AUTH] Token Decoded: { id: 5, userId: '4607' }
[AUTH] Fetching profile for ID: 5
[DEBUG] Processing profile for goog
[0mGET /api/auth/profile [36m304[0m 8.876 ms - -[0m
[AUTH] Token Decoded: { id: 5, userId: '4607' }
[AUTH] Token Decoded: { id: 5, userId: '4607' }
[AUTH] Fetching profile for ID: 5
[0mGET /api/wallet/history [36m304[0m 8.162 ms - -[0m
[DEBUG] Processing profile for goog
[0mGET /api/auth/profile [36m304[0m 10.963 ms - -[0m
[AUTH] Token Decoded: { id: 5, userId: '4607' }
[AUTH] Fetching profile for ID: 5
[DEBUG] Processing profile for goog
[0mGET /api/auth/profile [36m304[0m 8.982 ms - -[0m
[AUTH] Token Decoded: { id: 5, userId: '4607' }
[0mGET /api/wallet/history [36m304[0m 5.822 ms - -[0m
[AUTH] Token Decoded: { id: 5, userId: '4607' }
[AUTH] Fetching profile for ID: 5
[AUTH] Token Decoded: { id: 5, userId: '4607' }
[DEBUG] Processing profile for goog
[0mGET /api/wallet/history [36m304[0m 4.909 ms - -[0m
[0mGET /api/auth/profile [36m304[0m 13.238 ms - -[0m
[AUTH] Token Decoded: { id: 5, userId: '4607' }
[AUTH] Token Decoded: { id: 5, userId: '4607' }
[AUTH] Fetching profile for ID: 5
[0mGET /api/wallet/history [36m304[0m 7.952 ms - -[0m
[DEBUG] Processing profile for goog
[0mGET /api/auth/profile [36m304[0m 10.884 ms - -[0m
[AUTH] Token Decoded: { id: 5, userId: '4607' }
[0mGET /api/ads/my [36m304[0m 3.402 ms - -[0m
[AUTH] Token Decoded: { id: 5, userId: '4607' }
[AUTH] Token Decoded: { id: 5, userId: '4607' }
[AUTH] Fetching profile for ID: 5
[0mGET /api/wallet/history [36m304[0m 8.470 ms - -[0m
[DEBUG] Processing profile for goog
[0mGET /api/auth/profile [36m304[0m 11.452 ms - -[0m
[AUTH] Token Decoded: { id: 5, userId: '4607' }
[AUTH] Token Decoded: { id: 5, userId: '4607' }
[AUTH] Fetching profile for ID: 5
[0mGET /api/wallet/history [36m304[0m 8.422 ms - -[0m
[DEBUG] Processing profile for goog
[0mGET /api/auth/profile [36m304[0m 10.935 ms - -[0m
[AUTH] Token Decoded: { id: 5, userId: '4607' }
[0mGET /api/wallet/history [36m304[0m 5.910 ms - -[0m
[AUTH] Token Decoded: { id: 5, userId: '4607' }
[AUTH] Fetching profile for ID: 5
[DEBUG] Processing profile for goog
[0mGET /api/auth/profile [36m304[0m 8.836 ms - -[0m
[AUTH] Token Decoded: { id: 5, userId: '4607' }
[0mGET /api/wallet/history [36m304[0m 6.038 ms - -[0m
[AUTH] Token Decoded: { id: 5, userId: '4607' }
[AUTH] Fetching profile for ID: 5
[DEBUG] Processing profile for goog
[0mGET /api/auth/profile [36m304[0m 8.747 ms - -[0m
[AUTH] Token Decoded: { id: 5, userId: '4607' }
[AUTH] Token Decoded: { id: 5, userId: '4607' }
[AUTH] Fetching profile for ID: 5
[0mGET /api/wallet/history [36m304[0m 8.517 ms - -[0m
[DEBUG] Processing profile for goog
[0mGET /api/auth/profile [36m304[0m 11.634 ms - -[0m
[AUTH] Token Decoded: { id: 5, userId: '4607' }
[0mGET /api/chat/conversations [32m200[0m 4.715 ms - 27101[0m
[AUTH] Token Decoded: { id: 5, userId: '4607' }
[0mGET /api/ads/my [36m304[0m 3.391 ms - -[0m
[AUTH] Token Decoded: { id: 5, userId: '4607' }
[AUTH] Token Decoded: { id: 5, userId: '4607' }
[AUTH] Fetching profile for ID: 5
[0mGET /api/wallet/history [36m304[0m 8.490 ms - -[0m
[DEBUG] Processing profile for goog
[0mGET /api/auth/profile [36m304[0m 11.117 ms - -[0m
[AUTH] Token Decoded: { id: 5, userId: '4607' }
[AUTH] Token Decoded: { id: 5, userId: '4607' }
[0mGET /api/ads/my [36m304[0m 6.267 ms - -[0m
[0mGET /api/wallet/history [36m304[0m 5.828 ms - -[0m
[AUTH] Token Decoded: { id: 5, userId: '4607' }
[AUTH] Fetching profile for ID: 5
[DEBUG] Processing profile for goog
[0mGET /api/auth/profile [36m304[0m 8.915 ms - -[0m
[AUTH] Token Decoded: { id: 5, userId: '4607' }
[AUTH] Token Decoded: { id: 5, userId: '4607' }
[AUTH] Fetching profile for ID: 5
[0mGET /api/wallet/history [36m304[0m 9.648 ms - -[0m
[DEBUG] Processing profile for goog
[0mGET /api/auth/profile [36m304[0m 13.180 ms - -[0m
[AUTH] Token Decoded: { id: 5, userId: '4607' }
[AUTH] Fetching profile for ID: 5
[AUTH] Token Decoded: { id: 5, userId: '4607' }
[DEBUG] Processing profile for goog
[0mGET /api/wallet/history [36m304[0m 5.735 ms - -[0m
[0mGET /api/auth/profile [36m304[0m 14.414 ms - -[0m
[AUTH] Token Decoded: { id: 5, userId: '4607' }
[0mGET /api/wallet/history [36m304[0m 6.060 ms - -[0m
[AUTH] Token Decoded: { id: 5, userId: '4607' }
[AUTH] Fetching profile for ID: 5
[DEBUG] Processing profile for goog
[0mGET /api/auth/profile [36m304[0m 9.820 ms - -[0m
[AUTH] Token Decoded: { id: 5, userId: '4607' }
[0mGET /api/wallet/history [36m304[0m 5.897 ms - -[0m
[AUTH] Token Decoded: { id: 5, userId: '4607' }
[AUTH] Fetching profile for ID: 5
[DEBUG] Processing profile for goog
[0mGET /api/auth/profile [36m304[0m 8.843 ms - -[0m
[AUTH] Token Decoded: { id: 5, userId: '4607' }
[0mGET /api/ads/my [36m304[0m 3.110 ms - -[0m
[AUTH] Token Decoded: { id: 5, userId: '4607' }
[AUTH] Fetching profile for ID: 5
[AUTH] Token Decoded: { id: 5, userId: '4607' }
[DEBUG] Processing profile for goog
[0mGET /api/wallet/history [36m304[0m 5.682 ms - -[0m
[0mGET /api/auth/profile [36m304[0m 14.783 ms - -[0m
[AUTH] Token Decoded: { id: 5, userId: '4607' }
[AUTH] Token Decoded: { id: 5, userId: '4607' }
[AUTH] Fetching profile for ID: 5
[0mGET /api/wallet/history [36m304[0m 8.531 ms - -[0m
[DEBUG] Processing profile for goog
[0mGET /api/auth/profile [36m304[0m 11.612 ms - -[0m
[AUTH] Token Decoded: { id: 5, userId: '4607' }
[0mGET /api/wallet/history [36m304[0m 6.219 ms - -[0m
[AUTH] Token Decoded: { id: 5, userId: '4607' }
[AUTH] Fetching profile for ID: 5
[DEBUG] Processing profile for goog
[0mGET /api/auth/profile [36m304[0m 8.517 ms - -[0m
[AUTH] Token Decoded: { id: 5, userId: '4607' }
[AUTH] Fetching profile for ID: 5
[AUTH] Token Decoded: { id: 5, userId: '4607' }
[DEBUG] Processing profile for goog
[0mGET /api/wallet/history [36m304[0m 5.543 ms - -[0m
[0mGET /api/auth/profile [36m304[0m 14.182 ms - -[0m
[AUTH] Token Decoded: { id: 5, userId: '4607' }
[0mGET /api/wallet/history [36m304[0m 5.799 ms - -[0m
[AUTH] Token Decoded: { id: 5, userId: '4607' }
[AUTH] Fetching profile for ID: 5
[DEBUG] Processing profile for goog
[0mGET /api/auth/profile [36m304[0m 9.924 ms - -[0m
[AUTH] Token Decoded: { id: 5, userId: '4607' }
[AUTH] Token Decoded: { id: 5, userId: '4607' }
[0mGET /api/wallet/history [36m304[0m 6.278 ms - -[0m
[0mGET /api/chat/conversations [32m200[0m 6.182 ms - 27101[0m
[AUTH] Token Decoded: { id: 5, userId: '4607' }
[AUTH] Fetching profile for ID: 5
[DEBUG] Processing profile for goog
[0mGET /api/auth/profile [36m304[0m 8.663 ms - -[0m
[AUTH] Token Decoded: { id: 5, userId: '4607' }
[AUTH] Fetching profile for ID: 5
[AUTH] Token Decoded: { id: 5, userId: '4607' }
[DEBUG] Processing profile for goog
[0mGET /api/wallet/history [36m304[0m 5.761 ms - -[0m
[0mGET /api/auth/profile [36m304[0m 14.596 ms - -[0m
[AUTH] Token Decoded: { id: 5, userId: '4607' }
[AUTH] Fetching profile for ID: 5
[AUTH] Token Decoded: { id: 5, userId: '4607' }
[DEBUG] Processing profile for goog
[0mGET /api/wallet/history [36m304[0m 5.742 ms - -[0m
[0mGET /api/auth/profile [36m304[0m 14.322 ms - -[0m
[AUTH] Token Decoded: { id: 5, userId: '4607' }
[0mGET /api/wallet/history [36m304[0m 5.109 ms - -[0m
[AUTH] Token Decoded: { id: 5, userId: '4607' }
[AUTH] Token Decoded: { id: 5, userId: '4607' }
[AUTH] Fetching profile for ID: 5
[0mGET /api/ads/my [36m304[0m 7.212 ms - -[0m
[DEBUG] Processing profile for goog
[0mGET /api/auth/profile [36m304[0m 10.293 ms - -[0m
[AUTH] Token Decoded: { id: 5, userId: '4607' }
[AUTH] Fetching profile for ID: 5
[AUTH] Token Decoded: { id: 5, userId: '4607' }
[DEBUG] Processing profile for goog
[0mGET /api/wallet/history [36m304[0m 5.210 ms - -[0m
[0mGET /api/auth/profile [36m304[0m 14.018 ms - -[0m
[AUTH] Token Decoded: { id: 5, userId: '4607' }
[AUTH] Fetching profile for ID: 5
[DEBUG] Processing profile for goog
[0mGET /api/auth/profile [36m304[0m 9.217 ms - -[0m
[AUTH] Token Decoded: { id: 5, userId: '4607' }
[0mGET /api/wallet/history [36m304[0m 5.947 ms - -[0m
[AUTH] Token Decoded: { id: 5, userId: '4607' }
[AUTH] Fetching profile for ID: 5
[AUTH] Token Decoded: { id: 5, userId: '4607' }
[DEBUG] Processing profile for goog
[0mGET /api/wallet/history [36m304[0m 5.755 ms - -[0m
[0mGET /api/auth/profile [36m304[0m 14.268 ms - -[0m
[AUTH] Token Decoded: { id: 5, userId: '4607' }
[AUTH] Token Decoded: { id: 5, userId: '4607' }
[AUTH] Fetching profile for ID: 5
[0mGET /api/wallet/history [36m304[0m 10.040 ms - -[0m
[DEBUG] Processing profile for goog
[0mGET /api/auth/profile [36m304[0m 12.533 ms - -[0m
[AUTH] Token Decoded: { id: 5, userId: '4607' }
[AUTH] Fetching profile for ID: 5
[DEBUG] Processing profile for goog
[0mGET /api/auth/profile [36m304[0m 8.059 ms - -[0m
[AUTH] Token Decoded: { id: 5, userId: '4607' }
[0mGET /api/wallet/history [36m304[0m 5.856 ms - -[0m
[AUTH] Token Decoded: { id: 5, userId: '4607' }
[AUTH] Fetching profile for ID: 5
[AUTH] Token Decoded: { id: 5, userId: '4607' }
[DEBUG] Processing profile for goog
[0mGET /api/wallet/history [36m304[0m 5.901 ms - -[0m
[0mGET /api/auth/profile [36m304[0m 14.468 ms - -[0m
[AUTH] Token Decoded: { id: 5, userId: '4607' }
[AUTH] Token Decoded: { id: 5, userId: '4607' }
[AUTH] Fetching profile for ID: 5
[0mGET /api/wallet/history [36m304[0m 8.342 ms - -[0m
[DEBUG] Processing profile for goog
[0mGET /api/auth/profile [36m304[0m 11.045 ms - -[0m
[AUTH] Token Decoded: { id: 5, userId: '4607' }
[0mGET /api/wallet/history [36m304[0m 5.959 ms - -[0m
[AUTH] Token Decoded: { id: 5, userId: '4607' }
[AUTH] Fetching profile for ID: 5
[DEBUG] Processing profile for goog
[0mGET /api/auth/profile [36m304[0m 8.761 ms - -[0m
[AUTH] Token Decoded: { id: 5, userId: '4607' }
[AUTH] Fetching profile for ID: 5
[AUTH] Token Decoded: { id: 5, userId: '4607' }
[DEBUG] Processing profile for goog
[0mGET /api/wallet/history [36m304[0m 5.997 ms - -[0m
[0mGET /api/auth/profile [36m304[0m 14.352 ms - -[0m
[AUTH] Token Decoded: { id: 5, userId: '4607' }
[0mGET /api/ads/my [36m304[0m 3.512 ms - -[0m
[AUTH] Token Decoded: { id: 5, userId: '4607' }
[AUTH] Fetching profile for ID: 5
[AUTH] Token Decoded: { id: 5, userId: '4607' }
[DEBUG] Processing profile for goog
[0mGET /api/wallet/history [36m304[0m 5.760 ms - -[0m
[0mGET /api/auth/profile [36m304[0m 14.350 ms - -[0m
[AUTH] Token Decoded: { id: 5, userId: '4607' }
[0mGET /api/chat/conversations [32m200[0m 4.846 ms - 27101[0m
[AUTH] Token Decoded: { id: 5, userId: '4607' }
[0mGET /api/wallet/history [36m304[0m 5.974 ms - -[0m
[AUTH] Token Decoded: { id: 5, userId: '4607' }
[AUTH] Fetching profile for ID: 5
[DEBUG] Processing profile for goog
[0mGET /api/auth/profile [36m304[0m 8.820 ms - -[0m
[AUTH] Token Decoded: { id: 5, userId: '4607' }
[AUTH] Token Decoded: { id: 5, userId: '4607' }
[AUTH] Fetching profile for ID: 5
[0mGET /api/wallet/history [36m304[0m 9.251 ms - -[0m
[DEBUG] Processing profile for goog
[0mGET /api/auth/profile [36m304[0m 11.472 ms - -[0m
[AUTH] Token Decoded: { id: 5, userId: '4607' }
[AUTH] Fetching profile for ID: 5
[AUTH] Token Decoded: { id: 5, userId: '4607' }
[DEBUG] Processing profile for goog
[0mGET /api/wallet/history [36m304[0m 5.248 ms - -[0m
[0mGET /api/auth/profile [36m304[0m 13.220 ms - -[0m
[AUTH] Token Decoded: { id: 5, userId: '4607' }
[0mGET /api/wallet/history [36m304[0m 4.872 ms - -[0m
[AUTH] Token Decoded: { id: 5, userId: '4607' }
[AUTH] Fetching profile for ID: 5
[DEBUG] Processing profile for goog
[0mGET /api/auth/profile [36m304[0m 8.741 ms - -[0m
[AUTH] Token Decoded: { id: 5, userId: '4607' }
[AUTH] Fetching profile for ID: 5
[DEBUG] Processing profile for goog
[0mGET /api/auth/profile [36m304[0m 8.013 ms - -[0m
[AUTH] Token Decoded: { id: 5, userId: '4607' }
[0mGET /api/wallet/history [36m304[0m 4.758 ms - -[0m
[AUTH] Token Decoded: { id: 5, userId: '4607' }
[0mGET /api/wallet/history [36m304[0m 6.118 ms - -[0m
[AUTH] Token Decoded: { id: 5, userId: '4607' }
[AUTH] Fetching profile for ID: 5
[DEBUG] Processing profile for goog
[0mGET /api/auth/profile [36m304[0m 8.950 ms - -[0m
[AUTH] Token Decoded: { id: 5, userId: '4607' }
[AUTH] Fetching profile for ID: 5
[DEBUG] Processing profile for goog
[AUTH] Token Decoded: { id: 5, userId: '4607' }
[0mGET /api/auth/profile [36m304[0m 12.031 ms - -[0m
[0mGET /api/wallet/history [36m304[0m 7.308 ms - -[0m
[AUTH] Token Decoded: { id: 5, userId: '4607' }
[AUTH] Token Decoded: { id: 5, userId: '4607' }
[AUTH] Fetching profile for ID: 5
[0mGET /api/wallet/history [36m304[0m 8.149 ms - -[0m
[DEBUG] Processing profile for goog
[0mGET /api/auth/profile [36m304[0m 11.183 ms - -[0m
[AUTH] Token Decoded: { id: 5, userId: '4607' }
[0mGET /api/wallet/history [36m304[0m 5.955 ms - -[0m
[AUTH] Token Decoded: { id: 5, userId: '4607' }
[AUTH] Fetching profile for ID: 5
[DEBUG] Processing profile for goog
[0mGET /api/auth/profile [36m304[0m 8.476 ms - -[0m
[AUTH] Token Decoded: { id: 5, userId: '4607' }
[AUTH] Fetching profile for ID: 5
[AUTH] Token Decoded: { id: 5, userId: '4607' }
[DEBUG] Processing profile for goog
[0mGET /api/wallet/history [36m304[0m 7.338 ms - -[0m
[0mGET /api/auth/profile [36m304[0m 20.937 ms - -[0m
[AUTH] Token Decoded: { id: 5, userId: '4607' }
[0mGET /api/ads/my [36m304[0m 3.460 ms - -[0m
[AUTH] Token Decoded: { id: 5, userId: '4607' }
[AUTH] Token Decoded: { id: 5, userId: '4607' }
[AUTH] Fetching profile for ID: 5
[0mGET /api/wallet/history [36m304[0m 8.752 ms - -[0m
[DEBUG] Processing profile for goog
[0mGET /api/auth/profile [36m304[0m 11.824 ms - -[0m
[AUTH] Token Decoded: { id: 5, userId: '4607' }
[0mGET /api/wallet/history [36m304[0m 5.668 ms - -[0m
[AUTH] Token Decoded: { id: 5, userId: '4607' }
[AUTH] Fetching profile for ID: 5
[DEBUG] Processing profile for goog
[0mGET /api/auth/profile [36m304[0m 8.989 ms - -[0m
[AUTH] Token Decoded: { id: 5, userId: '4607' }
[0mGET /api/wallet/history [36m304[0m 5.850 ms - -[0m
[AUTH] Token Decoded: { id: 5, userId: '4607' }
[AUTH] Fetching profile for ID: 5
[DEBUG] Processing profile for goog
[0mGET /api/auth/profile [36m304[0m 8.377 ms - -[0m
[AUTH] Token Decoded: { id: 5, userId: '4607' }
[AUTH] Fetching profile for ID: 5
[DEBUG] Processing profile for goog
[AUTH] Token Decoded: { id: 5, userId: '4607' }
[0mGET /api/auth/profile [36m304[0m 11.761 ms - -[0m
[0mGET /api/wallet/history [36m304[0m 6.422 ms - -[0m
[AUTH] Token Decoded: { id: 5, userId: '4607' }
[0mGET /api/wallet/history [36m304[0m 10.393 ms - -[0m
[AUTH] Token Decoded: { id: 5, userId: '4607' }
[AUTH] Fetching profile for ID: 5
[DEBUG] Processing profile for goog
[0mGET /api/auth/profile [36m304[0m 8.908 ms - -[0m
[AUTH] Token Decoded: { id: 5, userId: '4607' }
[AUTH] Token Decoded: { id: 5, userId: '4607' }
[0mGET /api/chat/conversations [32m200[0m 6.576 ms - 27101[0m
[AUTH] Token Decoded: { id: 5, userId: '4607' }
[AUTH] Fetching profile for ID: 5
[0mGET /api/wallet/history [36m304[0m 10.649 ms - -[0m
[DEBUG] Processing profile for goog
[0mGET /api/auth/profile [36m304[0m 11.685 ms - -[0m
[AUTH] Token Decoded: { id: 5, userId: '4607' }
[AUTH] Fetching profile for ID: 5
[AUTH] Token Decoded: { id: 5, userId: '4607' }
[DEBUG] Processing profile for goog
[0mGET /api/wallet/history [36m304[0m 5.506 ms - -[0m
[0mGET /api/auth/profile [36m304[0m 14.486 ms - -[0m
[AUTH] Token Decoded: { id: 5, userId: '4607' }
[AUTH] Token Decoded: { id: 5, userId: '4607' }
[AUTH] Fetching profile for ID: 5
[0mGET /api/wallet/history [36m304[0m 8.412 ms - -[0m
[DEBUG] Processing profile for goog
[0mGET /api/auth/profile [36m304[0m 11.316 ms - -[0m
[AUTH] Token Decoded: { id: 5, userId: '4607' }
[AUTH] Fetching profile for ID: 5
[DEBUG] Processing profile for goog
[0mGET /api/auth/profile [36m304[0m 9.521 ms - -[0m
[AUTH] Token Decoded: { id: 5, userId: '4607' }
[0mGET /api/wallet/history [36m304[0m 5.998 ms - -[0m
[AUTH] Token Decoded: { id: 5, userId: '4607' }
[0mGET /api/wallet/history [36m304[0m 7.084 ms - -[0m
[AUTH] Token Decoded: { id: 5, userId: '4607' }
[AUTH] Fetching profile for ID: 5
[DEBUG] Processing profile for goog
[0mGET /api/auth/profile [36m304[0m 8.266 ms - -[0m
[AUTH] Token Decoded: { id: 5, userId: '4607' }
[AUTH] Fetching profile for ID: 5
[AUTH] Token Decoded: { id: 5, userId: '4607' }
[DEBUG] Processing profile for goog
[0mGET /api/wallet/history [36m304[0m 5.661 ms - -[0m
[0mGET /api/auth/profile [36m304[0m 13.673 ms - -[0m
[AUTH] Token Decoded: { id: 5, userId: '4607' }
[0mGET /api/ads/my [36m304[0m 3.347 ms - -[0m
[AUTH] Token Decoded: { id: 5, userId: '4607' }
[AUTH] Token Decoded: { id: 5, userId: '4607' }
[AUTH] Fetching profile for ID: 5
[0mGET /api/wallet/history [36m304[0m 9.308 ms - -[0m
[DEBUG] Processing profile for goog
[0mGET /api/auth/profile [36m304[0m 11.103 ms - -[0m
[AUTH] Token Decoded: { id: 5, userId: '4607' }
[AUTH] Fetching profile for ID: 5
[AUTH] Token Decoded: { id: 5, userId: '4607' }
[DEBUG] Processing profile for goog
[0mGET /api/wallet/history [36m304[0m 5.464 ms - -[0m
[0mGET /api/auth/profile [36m304[0m 14.016 ms - -[0m
[AUTH] Token Decoded: { id: 5, userId: '4607' }
[0mGET /api/wallet/history [36m304[0m 6.026 ms - -[0m
[AUTH] Token Decoded: { id: 5, userId: '4607' }
[AUTH] Fetching profile for ID: 5
[DEBUG] Processing profile for goog
[0mGET /api/auth/profile [36m304[0m 8.257 ms - -[0m
[AUTH] Token Decoded: { id: 5, userId: '4607' }
[0mGET /api/wallet/history [36m304[0m 5.922 ms - -[0m
[AUTH] Token Decoded: { id: 5, userId: '4607' }
[AUTH] Fetching profile for ID: 5
[DEBUG] Processing profile for goog
[0mGET /api/auth/profile [36m304[0m 8.333 ms - -[0m
[AUTH] Token Decoded: { id: 5, userId: '4607' }
[AUTH] Fetching profile for ID: 5
[AUTH] Token Decoded: { id: 5, userId: '4607' }
[DEBUG] Processing profile for goog
[0mGET /api/wallet/history [36m304[0m 5.715 ms - -[0m
[0mGET /api/auth/profile [36m304[0m 15.728 ms - -[0m
[AUTH] Token Decoded: { id: 5, userId: '4607' }
[0mGET /api/wallet/history [36m304[0m 6.417 ms - -[0m
[AUTH] Token Decoded: { id: 5, userId: '4607' }
[AUTH] Fetching profile for ID: 5
[DEBUG] Processing profile for goog
[0mGET /api/auth/profile [36m304[0m 11.899 ms - -[0m
[AUTH] Token Decoded: { id: 5, userId: '4607' }
[AUTH] Token Decoded: { id: 5, userId: '4607' }
[AUTH] Fetching profile for ID: 5
[0mGET /api/wallet/history [36m304[0m 8.125 ms - -[0m
[DEBUG] Processing profile for goog
[0mGET /api/auth/profile [36m304[0m 10.720 ms - -[0m
[AUTH] Token Decoded: { id: 5, userId: '4607' }
[0mGET /api/wallet/history [36m304[0m 4.916 ms - -[0m
[AUTH] Token Decoded: { id: 5, userId: '4607' }
[AUTH] Fetching profile for ID: 5
[DEBUG] Processing profile for goog
[0mGET /api/auth/profile [36m304[0m 8.086 ms - -[0m
[AUTH] Token Decoded: { id: 5, userId: '4607' }
[AUTH] Token Decoded: { id: 5, userId: '4607' }
[AUTH] Fetching profile for ID: 5
[0mGET /api/wallet/history [36m304[0m 7.691 ms - -[0m
[DEBUG] Processing profile for goog
[0mGET /api/auth/profile [36m304[0m 10.098 ms - -[0m
[AUTH] Token Decoded: { id: 5, userId: '4607' }
[AUTH] Fetching profile for ID: 5
[DEBUG] Processing profile for goog
[AUTH] Token Decoded: { id: 5, userId: '4607' }
[0mGET /api/auth/profile [36m304[0m 11.896 ms - -[0m
[0mGET /api/wallet/history [36m304[0m 7.062 ms - -[0m
[AUTH] Token Decoded: { id: 5, userId: '4607' }
[0mGET /api/wallet/history [36m304[0m 6.184 ms - -[0m
[AUTH] Token Decoded: { id: 5, userId: '4607' }
[AUTH] Fetching profile for ID: 5
[DEBUG] Processing profile for goog
[0mGET /api/auth/profile [36m304[0m 9.015 ms - -[0m
[AUTH] Token Decoded: { id: 5, userId: '4607' }
[AUTH] Token Decoded: { id: 5, userId: '4607' }
[0mGET /api/chat/conversations [32m200[0m 6.189 ms - 27101[0m
[0mGET /api/ads/my [36m304[0m 5.458 ms - -[0m
[AUTH] Token Decoded: { id: 5, userId: '4607' }
[0mGET /api/wallet/history [36m304[0m 6.116 ms - -[0m
[AUTH] Token Decoded: { id: 5, userId: '4607' }
[AUTH] Fetching profile for ID: 5
[DEBUG] Processing profile for goog
[0mGET /api/auth/profile [36m304[0m 9.107 ms - -[0m
[AUTH] Token Decoded: { id: 5, userId: '4607' }
[AUTH] Fetching profile for ID: 5
[AUTH] Token Decoded: { id: 5, userId: '4607' }
[DEBUG] Processing profile for goog
[0mGET /api/wallet/history [36m304[0m 5.725 ms - -[0m
[0mGET /api/auth/profile [36m304[0m 14.065 ms - -[0m
[AUTH] Token Decoded: { id: 5, userId: '4607' }
[0mGET /api/wallet/history [36m304[0m 6.140 ms - -[0m
[AUTH] Token Decoded: { id: 5, userId: '4607' }
[AUTH] Fetching profile for ID: 5
[DEBUG] Processing profile for goog
[0mGET /api/auth/profile [36m304[0m 8.910 ms - -[0m
[AUTH] Token Decoded: { id: 5, userId: '4607' }
[0mGET /api/wallet/history [36m304[0m 6.697 ms - -[0m
[AUTH] Token Decoded: { id: 5, userId: '4607' }
[AUTH] Fetching profile for ID: 5
[DEBUG] Processing profile for goog
[0mGET /api/auth/profile [36m304[0m 9.049 ms - -[0m
[AUTH] Token Decoded: { id: 5, userId: '4607' }
[0mGET /api/wallet/history [36m304[0m 6.258 ms - -[0m
[AUTH] Token Decoded: { id: 5, userId: '4607' }
[AUTH] Fetching profile for ID: 5
[DEBUG] Processing profile for goog
[0mGET /api/auth/profile [36m304[0m 8.469 ms - -[0m
[AUTH] Token Decoded: { id: 5, userId: '4607' }
[0mGET /api/wallet/history [36m304[0m 5.845 ms - -[0m
[AUTH] Token Decoded: { id: 5, userId: '4607' }
[AUTH] Fetching profile for ID: 5
[DEBUG] Processing profile for goog
[0mGET /api/auth/profile [36m304[0m 9.165 ms - -[0m
[AUTH] Token Decoded: { id: 5, userId: '4607' }
[0mGET /api/wallet/history [36m304[0m 6.049 ms - -[0m
[AUTH] Token Decoded: { id: 5, userId: '4607' }
[AUTH] Fetching profile for ID: 5
[DEBUG] Processing profile for goog
[0mGET /api/auth/profile [36m304[0m 9.043 ms - -[0m
[AUTH] Token Decoded: { id: 5, userId: '4607' }
[AUTH] Token Decoded: { id: 5, userId: '4607' }
[AUTH] Fetching profile for ID: 5
[0mGET /api/wallet/history [36m304[0m 8.626 ms - -[0m
[DEBUG] Processing profile for goog
[0mGET /api/auth/profile [36m304[0m 11.994 ms - -[0m
[AUTH] Token Decoded: { id: 5, userId: '4607' }
[AUTH] Token Decoded: { id: 5, userId: '4607' }
[AUTH] Fetching profile for ID: 5
[0mGET /api/wallet/history [36m304[0m 8.247 ms - -[0m
[DEBUG] Processing profile for goog
[0mGET /api/auth/profile [36m304[0m 11.202 ms - -[0m
[AUTH] Token Decoded: { id: 5, userId: '4607' }
[0mGET /api/ads/my [36m304[0m 3.162 ms - -[0m
[AUTH] Token Decoded: { id: 5, userId: '4607' }
[AUTH] Fetching profile for ID: 5
[DEBUG] Processing profile for goog
[0mGET /api/auth/profile [36m304[0m 7.918 ms - -[0m
[AUTH] Token Decoded: { id: 5, userId: '4607' }
[0mGET /api/wallet/history [36m304[0m 4.662 ms - -[0m
[AUTH] Token Decoded: { id: 5, userId: '4607' }
[0mGET /api/wallet/history [36m304[0m 7.210 ms - -[0m
[AUTH] Token Decoded: { id: 5, userId: '4607' }
[AUTH] Fetching profile for ID: 5
[DEBUG] Processing profile for goog
[0mGET /api/auth/profile [36m304[0m 7.865 ms - -[0m
[AUTH] Token Decoded: { id: 5, userId: '4607' }
[AUTH] Fetching profile for ID: 5
[DEBUG] Processing profile for goog
[0mGET /api/auth/profile [36m304[0m 8.247 ms - -[0m
[AUTH] Token Decoded: { id: 5, userId: '4607' }
[0mGET /api/wallet/history [36m304[0m 4.822 ms - -[0m
[AUTH] Token Decoded: { id: 5, userId: '4607' }
[AUTH] Fetching profile for ID: 5
[AUTH] Token Decoded: { id: 5, userId: '4607' }
[DEBUG] Processing profile for goog
[0mGET /api/wallet/history [36m304[0m 5.691 ms - -[0m
[0mGET /api/auth/profile [36m304[0m 14.673 ms - -[0m
[AUTH] Token Decoded: { id: 5, userId: '4607' }
[AUTH] Token Decoded: { id: 5, userId: '4607' }
[AUTH] Fetching profile for ID: 5
[0mGET /api/wallet/history [36m304[0m 8.209 ms - -[0m
[DEBUG] Processing profile for goog
[0mGET /api/auth/profile [36m304[0m 10.970 ms - -[0m
[AUTH] Token Decoded: { id: 5, userId: '4607' }
[AUTH] Token Decoded: { id: 5, userId: '4607' }
[AUTH] Token Decoded: { id: 5, userId: '4607' }
[AUTH] Fetching profile for ID: 5
[0mGET /api/wallet/history [36m304[0m 11.129 ms - -[0m
[0mGET /api/chat/conversations [32m200[0m 10.681 ms - 27101[0m
✅ Connected to PostgreSQL database
[DEBUG] Processing profile for goog
[0mGET /api/auth/profile [36m304[0m 67.703 ms - -[0m
[AUTH] Token Decoded: { id: 5, userId: '4607' }
[AUTH] Fetching profile for ID: 5
[DEBUG] Processing profile for goog
[0mGET /api/auth/profile [36m304[0m 9.415 ms - -[0m
[AUTH] Token Decoded: { id: 5, userId: '4607' }
[0mGET /api/wallet/history [36m304[0m 9.886 ms - -[0m
[AUTH] Token Decoded: { id: 5, userId: '4607' }
[0mGET /api/wallet/history [36m304[0m 6.044 ms - -[0m
[AUTH] Token Decoded: { id: 5, userId: '4607' }
[AUTH] Fetching profile for ID: 5
[DEBUG] Processing profile for goog
[0mGET /api/auth/profile [36m304[0m 8.240 ms - -[0m
[AUTH] Token Decoded: { id: 5, userId: '4607' }
[AUTH] Token Decoded: { id: 5, userId: '4607' }
[AUTH] Fetching profile for ID: 5
[0mGET /api/wallet/history [36m304[0m 7.556 ms - -[0m
[DEBUG] Processing profile for goog
[0mGET /api/auth/profile [36m304[0m 10.143 ms - -[0m
[AUTH] Token Decoded: { id: 5, userId: '4607' }
[0mGET /api/ads/my [36m304[0m 3.237 ms - -[0m
[AUTH] Token Decoded: { id: 5, userId: '4607' }
[0mGET /api/wallet/history [36m304[0m 4.986 ms - -[0m
[AUTH] Token Decoded: { id: 5, userId: '4607' }
[AUTH] Fetching profile for ID: 5
[DEBUG] Processing profile for goog
[0mGET /api/auth/profile [36m304[0m 8.799 ms - -[0m
[AUTH] Token Decoded: { id: 5, userId: '4607' }
[AUTH] Fetching profile for ID: 5
[AUTH] Token Decoded: { id: 5, userId: '4607' }
[DEBUG] Processing profile for goog
[0mGET /api/wallet/history [36m304[0m 6.113 ms - -[0m
[0mGET /api/auth/profile [36m304[0m 14.809 ms - -[0m
[AUTH] Token Decoded: { id: 5, userId: '4607' }
[AUTH] Token Decoded: { id: 5, userId: '4607' }
[AUTH] Fetching profile for ID: 5
[0mGET /api/wallet/history [36m304[0m 8.127 ms - -[0m
[DEBUG] Processing profile for goog
[0mGET /api/auth/profile [36m304[0m 10.965 ms - -[0m
[AUTH] Token Decoded: { id: 5, userId: '4607' }
[0mGET /api/wallet/history [36m304[0m 5.746 ms - -[0m
[AUTH] Token Decoded: { id: 5, userId: '4607' }
[AUTH] Fetching profile for ID: 5
[DEBUG] Processing profile for goog
[0mGET /api/auth/profile [36m304[0m 8.454 ms - -[0m
[AUTH] Token Decoded: { id: 4, userId: '4208' }
✅ Connected to PostgreSQL database
[0mGET /api/chat/conversations [32m200[0m 52.750 ms - 1080[0m
[AUTH] Token Decoded: { id: 4, userId: '4208' }
✅ Connected to PostgreSQL database
[0mGET /api/chat/conversations [32m200[0m 48.579 ms - 1080[0m
[AUTH] Token Decoded: { id: 4, userId: '4208' }
✅ Connected to PostgreSQL database
[0mGET /api/chat/conversations [32m200[0m 56.126 ms - 1080[0m
[AUTH] Token Decoded: { id: 4, userId: '4208' }
✅ Connected to PostgreSQL database
[0mGET /api/chat/conversations [32m200[0m 48.035 ms - 1080[0m
[AUTH] Token Decoded: { id: 4, userId: '4208' }
✅ Connected to PostgreSQL database
[0mGET /api/chat/conversations [32m200[0m 55.873 ms - 1080[0m
[AUTH] Token Decoded: { id: 4, userId: '4208' }
✅ Connected to PostgreSQL database
[0mGET /api/chat/conversations [32m200[0m 53.624 ms - 1080[0m
[AUTH] Token Decoded: { id: 4, userId: '4208' }
✅ Connected to PostgreSQL database
[0mGET /api/chat/conversations [32m200[0m 35.797 ms - 1080[0m
[AUTH] Token Decoded: { id: 4, userId: '4208' }
✅ Connected to PostgreSQL database
[0mGET /api/chat/conversations [32m200[0m 56.532 ms - 1080[0m
[AUTH] Token Decoded: { id: 4, userId: '4208' }
✅ Connected to PostgreSQL database
[0mGET /api/chat/conversations [32m200[0m 35.602 ms - 1080[0m
[AUTH] Token Decoded: { id: 4, userId: '4208' }
✅ Connected to PostgreSQL database
[0mGET /api/chat/conversations [32m200[0m 46.169 ms - 1080[0m
[AUTH] Token Decoded: { id: 4, userId: '4208' }
✅ Connected to PostgreSQL database
[0mGET /api/chat/conversations [32m200[0m 58.665 ms - 1080[0m
[AUTH] Token Decoded: { id: 4, userId: '4208' }
✅ Connected to PostgreSQL database
[0mGET /api/chat/conversations [32m200[0m 49.088 ms - 1080[0m
[AUTH] Token Decoded: { id: 4, userId: '4208' }
✅ Connected to PostgreSQL database
[0mGET /api/chat/conversations [32m200[0m 47.718 ms - 1080[0m
[AUTH] Token Decoded: { id: 4, userId: '4208' }
✅ Connected to PostgreSQL database
[0mGET /api/chat/conversations [32m200[0m 37.060 ms - 1080[0m
[AUTH] Token Decoded: { id: 4, userId: '4208' }
✅ Connected to PostgreSQL database
[0mGET /api/chat/conversations [32m200[0m 52.360 ms - 1080[0m
[AUTH] Token Decoded: { id: 4, userId: '4208' }
✅ Connected to PostgreSQL database
[0mGET /api/chat/conversations [32m200[0m 46.755 ms - 1080[0m
[AUTH] Token Decoded: { id: 4, userId: '4208' }
✅ Connected to PostgreSQL database
[0mGET /api/chat/conversations [32m200[0m 47.892 ms - 1080[0m
[AUTH] Token Decoded: { id: 4, userId: '4208' }
✅ Connected to PostgreSQL database
[0mGET /api/chat/conversations [32m200[0m 50.327 ms - 1080[0m
[AUTH] Token Decoded: { id: 4, userId: '4208' }
✅ Connected to PostgreSQL database
[0mGET /api/chat/conversations [32m200[0m 48.352 ms - 1080[0m
[AUTH] Token Decoded: { id: 4, userId: '4208' }
✅ Connected to PostgreSQL database
[0mGET /api/chat/conversations [32m200[0m 47.790 ms - 1080[0m
[AUTH] Token Decoded: { id: 4, userId: '4208' }
✅ Connected to PostgreSQL database
[0mGET /api/chat/conversations [32m200[0m 49.922 ms - 1080[0m
[AUTH] Token Decoded: { id: 4, userId: '4208' }
✅ Connected to PostgreSQL database
[0mGET /api/chat/conversations [32m200[0m 65.017 ms - 1080[0m
[AUTH] Token Decoded: { id: 4, userId: '4208' }
✅ Connected to PostgreSQL database
[0mGET /api/chat/conversations [32m200[0m 55.611 ms - 1080[0m
[AUTH] Token Decoded: { id: 4, userId: '4208' }
✅ Connected to PostgreSQL database
[0mGET /api/chat/conversations [32m200[0m 49.838 ms - 1080[0m
[AUTH] Token Decoded: { id: 4, userId: '4208' }
✅ Connected to PostgreSQL database
[0mGET /api/chat/conversations [32m200[0m 58.332 ms - 1080[0m
[AUTH] Token Decoded: { id: 4, userId: '4208' }
✅ Connected to PostgreSQL database
[0mGET /api/chat/conversations [32m200[0m 64.582 ms - 1080[0m
[AUTH] Token Decoded: { id: 4, userId: '4208' }
✅ Connected to PostgreSQL database
[0mGET /api/chat/conversations [32m200[0m 49.675 ms - 1080[0m
[AUTH] Token Decoded: { id: 4, userId: '4208' }
✅ Connected to PostgreSQL database
[0mGET /api/chat/conversations [32m200[0m 37.743 ms - 1080[0m
[AUTH] Token Decoded: { id: 4, userId: '4208' }
✅ Connected to PostgreSQL database
[0mGET /api/chat/conversations [32m200[0m 51.269 ms - 1080[0m
[AUTH] Token Decoded: { id: 4, userId: '4208' }
✅ Connected to PostgreSQL database
[0mGET /api/chat/conversations [32m200[0m 48.844 ms - 1080[0m
[AUTH] Token Decoded: { id: 4, userId: '4208' }
✅ Connected to PostgreSQL database
[0mGET /api/chat/conversations [32m200[0m 49.994 ms - 1080[0m
[AUTH] Token Decoded: { id: 4, userId: '4208' }
✅ Connected to PostgreSQL database
[0mGET /api/chat/conversations [32m200[0m 55.626 ms - 1080[0m
[AUTH] Token Decoded: { id: 4, userId: '4208' }
✅ Connected to PostgreSQL database
[0mGET /api/chat/conversations [32m200[0m 64.488 ms - 1080[0m
[AUTH] Token Decoded: { id: 4, userId: '4208' }
✅ Connected to PostgreSQL database
[0mGET /api/chat/conversations [32m200[0m 46.932 ms - 1080[0m
[AUTH] Token Decoded: { id: 4, userId: '4208' }
✅ Connected to PostgreSQL database
[0mGET /api/chat/conversations [32m200[0m 52.831 ms - 1080[0m
[AUTH] Token Decoded: { id: 4, userId: '4208' }
✅ Connected to PostgreSQL database
[0mGET /api/chat/conversations [32m200[0m 38.731 ms - 1080[0m
[AUTH] Token Decoded: { id: 4, userId: '4208' }
✅ Connected to PostgreSQL database
[0mGET /api/chat/conversations [32m200[0m 53.823 ms - 1080[0m
[AUTH] Token Decoded: { id: 4, userId: '4208' }
[AUTH] Fetching profile for ID: 4
[DEBUG] getMarketItems query: SELECT m.id, m.user_id, m.username, m.title, m.description, m.price, m.promo_price, m.category, 
                            m.sub_category, m.manual_category, m.stock, m.image_url, m.status, 
                            m.likes_count, m.comments_count, m.shares_count, m.views_count,
                            m.variants, m.shipping_info, m.commission_info,
                            m.created_at, m.product_code,
                            u.username as owner_username, u.profile_picture,
                            EXISTS(SELECT 1 FROM market_likes ml WHERE ml.market_id = m.id AND ml.user_id = $1) as user_liked
                     FROM market m 
                     INNER JOIN users u ON m.user_id = u.id 
                     WHERE 1=1 AND m.status = ANY($2) ORDER BY m.created_at DESC
[DEBUG] getMarketItems params: [ null, [ 'approved', 'active' ] ]
[AUTH] Token Decoded: { id: 4, userId: '4208' }
[AUTH] Fetching profile for ID: 4
[AUTH] Token Decoded: { id: 4, userId: '4208' }
✅ Connected to PostgreSQL database
[DEBUG] Processing profile for sandildilmith12
[0mGET /api/auth/profile [36m304[0m 200.093 ms - -[0m
✅ Connected to PostgreSQL database
✅ Connected to PostgreSQL database
[DEBUG] Processing profile for sandildilmith12
[0mGET /api/auth/profile [36m304[0m 221.779 ms - -[0m
[DEBUG] getMarketItems Result Rows: [
  { id: 21, user_id: 5, status: 'active' },
  { id: 16, user_id: 4, status: 'active' },
  { id: 15, user_id: 4, status: 'active' },
  { id: 10, user_id: 2, status: 'active' }
]
[0mGET /api/market?status=approved [32m200[0m 235.168 ms - 612036[0m
✅ Connected to PostgreSQL database
[0mGET /api/cart [32m200[0m 153.738 ms - 18646[0m
[AUTH] Token Decoded: { id: 4, userId: '4208' }
[AUTH] Token Decoded: { id: 4, userId: '4208' }
[AUTH] Token Decoded: { id: 4, userId: '4208' }
[DEBUG] getMarketItems query: SELECT m.id, m.user_id, m.username, m.title, m.description, m.price, m.promo_price, m.category, 
                            m.sub_category, m.manual_category, m.stock, m.image_url, m.status, 
                            m.likes_count, m.comments_count, m.shares_count, m.views_count,
                            m.variants, m.shipping_info, m.commission_info,
                            m.created_at, m.product_code,
                            u.username as owner_username, u.profile_picture,
                            EXISTS(SELECT 1 FROM market_likes ml WHERE ml.market_id = m.id AND ml.user_id = $1) as user_liked
                     FROM market m 
                     INNER JOIN users u ON m.user_id = u.id 
                     WHERE 1=1 AND m.status = ANY($2) ORDER BY m.created_at DESC
[DEBUG] getMarketItems params: [ null, [ 'approved', 'active' ] ]
[0mGET /api/chat/conversations [32m200[0m 10.771 ms - 1080[0m
[AUTH] Token Decoded: { id: 4, userId: '4208' }
[AUTH] Token Decoded: { id: 4, userId: '4208' }
[DEBUG] getMarketItems Result Rows: [
  { id: 21, user_id: 5, status: 'active' },
  { id: 16, user_id: 4, status: 'active' },
  { id: 15, user_id: 4, status: 'active' },
  { id: 10, user_id: 2, status: 'active' }
]
[0mGET /api/market?status=approved [32m200[0m 20.303 ms - 612036[0m
[0mGET /api/orders/seller?status=processing [32m200[0m 29.829 ms - 26[0m
✅ Connected to PostgreSQL database
[0mGET /api/auth/user/4/following [36m304[0m 96.302 ms - -[0m
✅ Connected to PostgreSQL database
[0mGET /api/orders/buyer?status=shipped [32m200[0m 135.615 ms - 26[0m
✅ Connected to PostgreSQL database
✅ Connected to PostgreSQL database
[0mGET /api/orders/buyer?status=pending%2Cprocessing%2Cshipped%2Cdelivered%2Creceived%2Creshipped%2Ccancelled%2Creturned%2Crejected [32m200[0m 152.592 ms - 2073715[0m
[AUTH] Token Decoded: { id: 4, userId: '4208' }
[AUTH] Token Decoded: { id: 4, userId: '4208' }
[0mGET /api/orders/buyer?status=processing [32m200[0m 16.205 ms - 26[0m
[0mGET /api/orders/seller?status=shipped [32m200[0m 17.790 ms - 26[0m
[0mGET /api/orders/seller?status=pending%2Cprocessing%2Cshipped%2Cdelivered%2Creceived%2Creshipped%2Ccancelled%2Creturned%2Crejected [32m200[0m 193.460 ms - 3175478[0m
[AUTH] Token Decoded: { id: 4, userId: '4208' }
[0mGET /api/chat/conversations [32m200[0m 9.616 ms - 1080[0m
[AUTH] Token Decoded: { id: 4, userId: '4208' }
[0mGET /api/chat/conversations [32m200[0m 4.628 ms - 1080[0m
[AUTH] Token Decoded: { id: 4, userId: '4208' }
[0mGET /api/chat/conversations [32m200[0m 4.624 ms - 1080[0m
[AUTH] Token Decoded: { id: 4, userId: '4208' }
[0mGET /api/chat/conversations [32m200[0m 4.429 ms - 1080[0m
[AUTH] Token Decoded: { id: 4, userId: '4208' }
✅ Connected to PostgreSQL database
[0mGET /api/chat/conversations [32m200[0m 47.769 ms - 1080[0m
[AUTH] Token Decoded: { id: 4, userId: '4208' }
[AUTH] Token Decoded: { id: 4, userId: '4208' }
[AUTH] Fetching profile for ID: 4
✅ Connected to PostgreSQL database
[0mGET /api/cart [32m200[0m 57.773 ms - 18646[0m
✅ Connected to PostgreSQL database
[DEBUG] Processing profile for sandildilmith12
[0mGET /api/auth/profile [36m304[0m 81.972 ms - -[0m
[AUTH] Token Decoded: { id: 4, userId: '4208' }
[0mGET /api/chat/conversations [32m200[0m 9.061 ms - 1080[0m
[0mGET /api/auth/user/4/following [36m304[0m 8.073 ms - -[0m
[AUTH] Token Decoded: { id: 4, userId: '4208' }
[0mGET /api/chat/conversations [32m200[0m 8.482 ms - 1080[0m
[AUTH] Token Decoded: { id: 4, userId: '4208' }
[0mGET /api/chat/conversations [32m200[0m 4.429 ms - 1080[0m
[AUTH] Token Decoded: { id: 4, userId: '4208' }
[0mGET /api/chat/conversations [32m200[0m 4.415 ms - 1080[0m
[DEBUG] getMarketItems query: SELECT m.id, m.user_id, m.username, m.title, m.description, m.price, m.promo_price, m.category, 
                            m.sub_category, m.manual_category, m.stock, m.image_url, m.status, 
                            m.likes_count, m.comments_count, m.shares_count, m.views_count,
                            m.variants, m.shipping_info, m.commission_info,
                            m.created_at, m.product_code,
                            u.username as owner_username, u.profile_picture,
                            EXISTS(SELECT 1 FROM market_likes ml WHERE ml.market_id = m.id AND ml.user_id = $1) as user_liked
                     FROM market m 
                     INNER JOIN users u ON m.user_id = u.id 
                     WHERE 1=1 AND m.status = ANY($2) ORDER BY m.created_at DESC
[DEBUG] getMarketItems params: [ null, [ 'approved', 'active' ] ]
[AUTH] Token Decoded: { id: 4, userId: '4208' }
[AUTH] Fetching profile for ID: 4
[DEBUG] getMarketItems Result Rows: [
  { id: 21, user_id: 5, status: 'active' },
  { id: 16, user_id: 4, status: 'active' },
  { id: 15, user_id: 4, status: 'active' },
  { id: 10, user_id: 2, status: 'active' }
]
[0mGET /api/market?status=approved [36m304[0m 17.949 ms - -[0m
[DEBUG] Processing profile for sandildilmith12
[0mGET /api/auth/profile [36m304[0m 19.231 ms - -[0m
[0mGET /api/auth/user/4/following [36m304[0m 1.483 ms - -[0m
[AUTH] Token Decoded: { id: 4, userId: '4208' }
[AUTH] Token Decoded: { id: 4, userId: '4208' }
[AUTH] Token Decoded: { id: 4, userId: '4208' }
[AUTH] Token Decoded: { id: 4, userId: '4208' }
✅ Connected to PostgreSQL database
✅ Connected to PostgreSQL database
✅ Connected to PostgreSQL database
[0mGET /api/orders/buyer?status=shipped [32m200[0m 111.945 ms - 26[0m
✅ Connected to PostgreSQL database
[0mGET /api/orders/buyer?status=processing [32m200[0m 132.359 ms - 26[0m
✅ Connected to PostgreSQL database
[DEBUG] getMarketItems query: SELECT m.id, m.user_id, m.username, m.title, m.description, m.price, m.promo_price, m.category, 
                            m.sub_category, m.manual_category, m.stock, m.image_url, m.status, 
                            m.likes_count, m.comments_count, m.shares_count, m.views_count,
                            m.variants, m.shipping_info, m.commission_info,
                            m.created_at, m.product_code,
                            u.username as owner_username, u.profile_picture,
                            EXISTS(SELECT 1 FROM market_likes ml WHERE ml.market_id = m.id AND ml.user_id = $1) as user_liked
                     FROM market m 
                     INNER JOIN users u ON m.user_id = u.id 
                     WHERE 1=1 AND m.status = ANY($2) ORDER BY m.created_at DESC
[DEBUG] getMarketItems params: [ null, [ 'approved', 'active' ] ]
[AUTH] Token Decoded: { id: 4, userId: '4208' }
[DEBUG] getMarketItems Result Rows: [
  { id: 21, user_id: 5, status: 'active' },
  { id: 16, user_id: 4, status: 'active' },
  { id: 15, user_id: 4, status: 'active' },
  { id: 10, user_id: 2, status: 'active' }
]
[0mGET /api/market?status=approved [36m304[0m 13.142 ms - -[0m
[0mGET /api/orders/seller?status=processing [32m200[0m 154.577 ms - 26[0m
[AUTH] Token Decoded: { id: 4, userId: '4208' }
[0mGET /api/orders/buyer?status=pending%2Cprocessing%2Cshipped%2Cdelivered%2Creceived%2Creshipped%2Ccancelled%2Creturned%2Crejected [32m200[0m 18.248 ms - 2073715[0m
[0mGET /api/orders/seller?status=pending%2Cprocessing%2Cshipped%2Cdelivered%2Creceived%2Creshipped%2Ccancelled%2Creturned%2Crejected [32m200[0m 52.465 ms - 3175478[0m
✅ Connected to PostgreSQL database
[0mGET /api/orders/seller?status=shipped [32m200[0m 225.369 ms - 26[0m
[AUTH] Token Decoded: { id: 4, userId: '4208' }
[0mGET /api/chat/conversations [32m200[0m 11.568 ms - 1080[0m
[DEBUG] getMarketItems query: SELECT m.id, m.user_id, m.username, m.title, m.description, m.price, m.promo_price, m.category, 
                            m.sub_category, m.manual_category, m.stock, m.image_url, m.status, 
                            m.likes_count, m.comments_count, m.shares_count, m.views_count,
                            m.variants, m.shipping_info, m.commission_info,
                            m.created_at, m.product_code,
                            u.username as owner_username, u.profile_picture,
                            EXISTS(SELECT 1 FROM market_likes ml WHERE ml.market_id = m.id AND ml.user_id = $1) as user_liked
                     FROM market m 
                     INNER JOIN users u ON m.user_id = u.id 
                     WHERE 1=1 AND m.user_id = $2 AND m.status = ANY($3) ORDER BY m.created_at DESC
[DEBUG] getMarketItems params: [ null, 4, [ 'approved', 'active' ] ]
[DEBUG] getMarketItems Result Rows: [
  { id: 16, user_id: 4, status: 'active' },
  { id: 15, user_id: 4, status: 'active' }
]
[0mGET /api/market?user_id=4&status=approved [32m200[0m 14.970 ms - 401587[0m
[AUTH] Token Decoded: { id: 4, userId: '4208' }
[0mGET /api/orders/buyer?status=pending%2Cprocessing%2Cshipped%2Cdelivered%2Creceived%2Creshipped%2Ccancelled%2Creturned%2Crejected [32m200[0m 15.247 ms - 2073715[0m
[AUTH] Token Decoded: { id: 4, userId: '4208' }
[0mGET /api/chat/conversations [32m200[0m 4.420 ms - 1080[0m
[AUTH] Token Decoded: { id: 4, userId: '4208' }
[0mGET /api/orders/buyer?status=processing [32m200[0m 3.831 ms - 26[0m
[AUTH] Token Decoded: { id: 4, userId: '4208' }
[0mGET /api/orders/buyer?status=shipped [32m200[0m 4.314 ms - 26[0m
[AUTH] Token Decoded: { id: 4, userId: '4208' }
[0mGET /api/chat/conversations [32m200[0m 4.540 ms - 1080[0m
[AUTH] Token Decoded: { id: 4, userId: '4208' }
[0mGET /api/chat/conversations [32m200[0m 4.212 ms - 1080[0m
[AUTH] Token Decoded: { id: 4, userId: '4208' }
[0mGET /api/chat/conversations [32m200[0m 4.333 ms - 1080[0m
[AUTH] Token Decoded: { id: 4, userId: '4208' }
[AUTH] Fetching profile for ID: 4
[DEBUG] Processing profile for sandildilmith12
[0mGET /api/auth/profile [36m304[0m 14.955 ms - -[0m
[AUTH] Token Decoded: { id: 4, userId: '4208' }
[0mGET /api/chat/conversations [32m200[0m 4.534 ms - 1080[0m
[AUTH] Token Decoded: { id: 4, userId: '4208' }
[0mGET /api/chat/conversations [32m200[0m 4.448 ms - 1080[0m
[AUTH] Token Decoded: { id: 4, userId: '4208' }
[0mGET /api/chat/conversations [32m200[0m 4.550 ms - 1080[0m
[AUTH] Token Decoded: { id: 4, userId: '4208' }
[0mGET /api/chat/conversations [32m200[0m 4.559 ms - 1080[0m
[AUTH] Token Decoded: { id: 4, userId: '4208' }
✅ Connected to PostgreSQL database
[0mGET /api/chat/conversations [32m200[0m 43.842 ms - 1080[0m
[AUTH] Token Decoded: { id: 4, userId: '4208' }
✅ Connected to PostgreSQL database
[0mGET /api/chat/conversations [32m200[0m 48.693 ms - 1080[0m
[AUTH] Token Decoded: { id: 4, userId: '4208' }
✅ Connected to PostgreSQL database
[0mGET /api/chat/conversations [32m200[0m 63.895 ms - 1080[0m
[AUTH] Token Decoded: { id: 4, userId: '4208' }
✅ Connected to PostgreSQL database
[0mGET /api/chat/conversations [32m200[0m 47.675 ms - 1080[0m
[AUTH] Token Decoded: { id: 4, userId: '4208' }
✅ Connected to PostgreSQL database
[0mGET /api/chat/conversations [32m200[0m 58.168 ms - 1080[0m
[AUTH] Token Decoded: { id: 4, userId: '4208' }
✅ Connected to PostgreSQL database
[0mGET /api/chat/conversations [32m200[0m 51.148 ms - 1080[0m
[AUTH] Token Decoded: { id: 4, userId: '4208' }
✅ Connected to PostgreSQL database
[0mGET /api/chat/conversations [32m200[0m 61.867 ms - 1080[0m
[AUTH] Token Decoded: { id: 4, userId: '4208' }
✅ Connected to PostgreSQL database
[0mGET /api/chat/conversations [32m200[0m 48.511 ms - 1080[0m
[AUTH] Token Decoded: { id: 4, userId: '4208' }
✅ Connected to PostgreSQL database
[0mGET /api/chat/conversations [32m200[0m 47.998 ms - 1080[0m
[AUTH] Token Decoded: { id: 4, userId: '4208' }
✅ Connected to PostgreSQL database
[0mGET /api/chat/conversations [32m200[0m 48.396 ms - 1080[0m
[AUTH] Token Decoded: { id: 4, userId: '4208' }
✅ Connected to PostgreSQL database
[0mGET /api/chat/conversations [32m200[0m 51.285 ms - 1080[0m
[AUTH] Token Decoded: { id: 4, userId: '4208' }
✅ Connected to PostgreSQL database
[0mGET /api/chat/conversations [32m200[0m 59.704 ms - 1080[0m
[AUTH] Token Decoded: { id: 4, userId: '4208' }
✅ Connected to PostgreSQL database
[0mGET /api/chat/conversations [32m200[0m 51.570 ms - 1080[0m
[AUTH] Token Decoded: { id: 4, userId: '4208' }
✅ Connected to PostgreSQL database
[0mGET /api/chat/conversations [32m200[0m 49.014 ms - 1080[0m
[AUTH] Token Decoded: { id: 4, userId: '4208' }
✅ Connected to PostgreSQL database
[0mGET /api/chat/conversations [32m200[0m 50.620 ms - 1080[0m
[AUTH] Token Decoded: { id: 4, userId: '4208' }
✅ Connected to PostgreSQL database
[0mGET /api/chat/conversations [32m200[0m 48.773 ms - 1080[0m
[AUTH] Token Decoded: { id: 4, userId: '4208' }
✅ Connected to PostgreSQL database
[0mGET /api/chat/conversations [32m200[0m 57.747 ms - 1080[0m
[AUTH] Token Decoded: { id: 4, userId: '4208' }
✅ Connected to PostgreSQL database
[0mGET /api/chat/conversations [32m200[0m 58.877 ms - 1080[0m
[AUTH] Token Decoded: { id: 4, userId: '4208' }
✅ Connected to PostgreSQL database
[0mGET /api/chat/conversations [32m200[0m 58.858 ms - 1080[0m
[AUTH] Token Decoded: { id: 4, userId: '4208' }
✅ Connected to PostgreSQL database
[0mGET /api/chat/conversations [32m200[0m 50.604 ms - 1080[0m
[AUTH] Token Decoded: { id: 4, userId: '4208' }
✅ Connected to PostgreSQL database
[0mGET /api/chat/conversations [32m200[0m 55.055 ms - 1080[0m
[AUTH] Token Decoded: { id: 4, userId: '4208' }
✅ Connected to PostgreSQL database
[0mGET /api/chat/conversations [32m200[0m 36.442 ms - 1080[0m
[AUTH] Token Decoded: { id: 4, userId: '4208' }
✅ Connected to PostgreSQL database
[0mGET /api/chat/conversations [32m200[0m 49.869 ms - 1080[0m
[AUTH] Token Decoded: { id: 4, userId: '4208' }
✅ Connected to PostgreSQL database
[0mGET /api/chat/conversations [32m200[0m 51.738 ms - 1080[0m
[AUTH] Token Decoded: { id: 4, userId: '4208' }
✅ Connected to PostgreSQL database
[0mGET /api/chat/conversations [32m200[0m 48.577 ms - 1080[0m
[AUTH] Token Decoded: { id: 4, userId: '4208' }
✅ Connected to PostgreSQL database
[0mGET /api/chat/conversations [32m200[0m 56.928 ms - 1080[0m
[AUTH] Token Decoded: { id: 4, userId: '4208' }
✅ Connected to PostgreSQL database
[0mGET /api/chat/conversations [32m200[0m 54.111 ms - 1080[0m
[AUTH] Token Decoded: { id: 4, userId: '4208' }
✅ Connected to PostgreSQL database
[0mGET /api/chat/conversations [32m200[0m 42.136 ms - 1080[0m
[AUTH] Token Decoded: { id: 4, userId: '4208' }
✅ Connected to PostgreSQL database
[0mGET /api/chat/conversations [32m200[0m 51.378 ms - 1080[0m
✅ Connected to PostgreSQL database
[0mPOST /api/auth/login [32m200[0m 108.019 ms - 1347[0m
[AUTH] Token Decoded: { id: 5, userId: '4607' }
[AUTH] Fetching profile for ID: 5
[DEBUG] Processing profile for goog
[0mGET /api/auth/profile [32m200[0m 15.578 ms - 1178[0m
[AUTH] Token Decoded: { id: 5, userId: '4607' }
[0mGET /api/chat/conversations [32m200[0m 8.931 ms - 27101[0m
[AUTH] Token Decoded: { id: 5, userId: '4607' }
[0mGET /api/chat/conversations [32m200[0m 4.406 ms - 27101[0m
[AUTH] Token Decoded: { id: 5, userId: '4607' }
[0mGET /api/cart [32m200[0m 5.942 ms - 18646[0m
[AUTH] Token Decoded: { id: 4, userId: '4208' }
[0mGET /api/chat/conversations [32m200[0m 4.350 ms - 1080[0m
[AUTH] Token Decoded: { id: 5, userId: '4607' }
[0mGET /api/chat/conversations [32m200[0m 4.516 ms - 27101[0m
[AUTH] Token Decoded: { id: 5, userId: '4607' }
[AUTH] Token Decoded: { id: 5, userId: '4607' }
[0mGET /api/cart [32m200[0m 6.234 ms - 18646[0m
[AUTH] Token Decoded: { id: 5, userId: '4607' }
[0mGET /api/chat/conversations [32m200[0m 4.976 ms - 27101[0m
✅ Connected to PostgreSQL database
[0mGET /api/cart [32m200[0m 44.460 ms - 18646[0m
[AUTH] Token Decoded: { id: 5, userId: '4607' }
[0mGET /api/chat/conversations [32m200[0m 11.540 ms - 27101[0m
[AUTH] Token Decoded: { id: 5, userId: '4607' }
[0mGET /api/chat/conversations [32m200[0m 4.702 ms - 27101[0m
[AUTH] Token Decoded: { id: 5, userId: '4607' }
[0mGET /api/chat/conversations [32m200[0m 4.555 ms - 27101[0m
[AUTH] Token Decoded: { id: 5, userId: '4607' }
[0mGET /api/chat/conversations [32m200[0m 4.291 ms - 27101[0m
[AUTH] Token Decoded: { id: 5, userId: '4607' }
[0mGET /api/chat/conversations [32m200[0m 3.983 ms - 27101[0m
[AUTH] Token Decoded: { id: 5, userId: '4607' }
[0mGET /api/chat/conversations [32m200[0m 4.773 ms - 27101[0m
[AUTH] Token Decoded: { id: 5, userId: '4607' }
[0mGET /api/chat/conversations [32m200[0m 4.756 ms - 27101[0m
[AUTH] Token Decoded: { id: 5, userId: '4607' }
[0mGET /api/chat/conversations [32m200[0m 4.639 ms - 27101[0m
[AUTH] Token Decoded: { id: 5, userId: '4607' }
[0mGET /api/chat/conversations [32m200[0m 8.090 ms - 27101[0m
[AUTH] Token Decoded: { id: 5, userId: '4607' }
[0mGET /api/chat/conversations [32m200[0m 4.664 ms - 27101[0m
[AUTH] Token Decoded: { id: 5, userId: '4607' }
[0mGET /api/chat/conversations [32m200[0m 3.876 ms - 27101[0m
[AUTH] Token Decoded: { id: 5, userId: '4607' }
[0mGET /api/chat/conversations [32m200[0m 4.688 ms - 27101[0m
[AUTH] Token Decoded: { id: 5, userId: '4607' }
[0mGET /api/chat/conversations [32m200[0m 4.645 ms - 27101[0m
[AUTH] Token Decoded: { id: 5, userId: '4607' }
[0mGET /api/chat/conversations [32m200[0m 4.481 ms - 27101[0m
[AUTH] Token Decoded: { id: 5, userId: '4607' }
[0mGET /api/chat/conversations [32m200[0m 4.572 ms - 27101[0m
[AUTH] Token Decoded: { id: 5, userId: '4607' }
[0mGET /api/chat/conversations [32m200[0m 4.583 ms - 27101[0m
[AUTH] Token Decoded: { id: 5, userId: '4607' }
[0mGET /api/chat/conversations [32m200[0m 4.842 ms - 27101[0m
[AUTH] Token Decoded: { id: 5, userId: '4607' }
[0mGET /api/chat/conversations [32m200[0m 4.769 ms - 27101[0m
[AUTH] Token Decoded: { id: 5, userId: '4607' }
[0mGET /api/chat/conversations [32m200[0m 4.524 ms - 27101[0m
[AUTH] Token Decoded: { id: 5, userId: '4607' }
[0mGET /api/chat/conversations [32m200[0m 3.769 ms - 27101[0m
[AUTH] Token Decoded: { id: 5, userId: '4607' }
[0mGET /api/chat/conversations [32m200[0m 4.995 ms - 27101[0m
[AUTH] Token Decoded: { id: 5, userId: '4607' }
[0mGET /api/chat/conversations [32m200[0m 4.757 ms - 27101[0m
[AUTH] Token Decoded: { id: 5, userId: '4607' }
[0mGET /api/chat/conversations [32m200[0m 4.621 ms - 27101[0m
[AUTH] Token Decoded: { id: 5, userId: '4607' }
[0mGET /api/chat/conversations [32m200[0m 4.718 ms - 27101[0m
[AUTH] Token Decoded: { id: 5, userId: '4607' }
[0mGET /api/chat/conversations [32m200[0m 4.925 ms - 27101[0m
[AUTH] Token Decoded: { id: 5, userId: '4607' }
[0mGET /api/chat/conversations [32m200[0m 4.592 ms - 27101[0m
[AUTH] Token Decoded: { id: 5, userId: '4607' }
[0mGET /api/chat/conversations [32m200[0m 4.518 ms - 27101[0m
[AUTH] Token Decoded: { id: 5, userId: '4607' }
[0mGET /api/chat/conversations [32m200[0m 5.143 ms - 27101[0m
[AUTH] Token Decoded: { id: 5, userId: '4607' }
[0mGET /api/chat/conversations [32m200[0m 4.703 ms - 27101[0m
[AUTH] Token Decoded: { id: 4, userId: '4208' }
[0mGET /api/chat/conversations [32m200[0m 4.636 ms - 1080[0m
[AUTH] Token Decoded: { id: 5, userId: '4607' }
[0mGET /api/chat/conversations [32m200[0m 4.623 ms - 27101[0m
[AUTH] Token Decoded: { id: 5, userId: '4607' }
[0mGET /api/chat/conversations [32m200[0m 4.868 ms - 27101[0m
[AUTH] Token Decoded: { id: 5, userId: '4607' }
[0mGET /api/chat/conversations [32m200[0m 4.903 ms - 27101[0m
[AUTH] Token Decoded: { id: 5, userId: '4607' }
[0mGET /api/chat/conversations [32m200[0m 5.958 ms - 27101[0m
[AUTH] Token Decoded: { id: 5, userId: '4607' }
[0mGET /api/chat/conversations [32m200[0m 4.062 ms - 27101[0m
[AUTH] Token Decoded: { id: 5, userId: '4607' }
[0mGET /api/chat/conversations [32m200[0m 4.744 ms - 27101[0m
[AUTH] Token Decoded: { id: 5, userId: '4607' }
[0mGET /api/chat/conversations [32m200[0m 4.135 ms - 27101[0m
[DEBUG] getMarketItems query: SELECT m.id, m.user_id, m.username, m.title, m.description, m.price, m.promo_price, m.category, 
                            m.sub_category, m.manual_category, m.stock, m.image_url, m.status, 
                            m.likes_count, m.comments_count, m.shares_count, m.views_count,
                            m.variants, m.shipping_info, m.commission_info,
                            m.created_at, m.product_code,
                            u.username as owner_username, u.profile_picture,
                            EXISTS(SELECT 1 FROM market_likes ml WHERE ml.market_id = m.id AND ml.user_id = $1) as user_liked
                     FROM market m 
                     INNER JOIN users u ON m.user_id = u.id 
                     WHERE 1=1 AND m.status = ANY($2) ORDER BY m.created_at DESC
[DEBUG] getMarketItems params: [ null, [ 'approved', 'active' ] ]
[AUTH] Token Decoded: { id: 5, userId: '4607' }
[AUTH] Fetching profile for ID: 5
[DEBUG] getMarketItems Result Rows: [
  { id: 21, user_id: 5, status: 'active' },
  { id: 16, user_id: 4, status: 'active' },
  { id: 15, user_id: 4, status: 'active' },
  { id: 10, user_id: 2, status: 'active' }
]
[0mGET /api/market?status=approved [32m200[0m 14.668 ms - 612036[0m
✅ Connected to PostgreSQL database
[DEBUG] Processing profile for goog
[0mGET /api/auth/profile [36m304[0m 68.786 ms - -[0m
[AUTH] Token Decoded: { id: 5, userId: '4607' }
[AUTH] Token Decoded: { id: 5, userId: '4607' }
[DEBUG] getMarketItems query: SELECT m.id, m.user_id, m.username, m.title, m.description, m.price, m.promo_price, m.category, 
                            m.sub_category, m.manual_category, m.stock, m.image_url, m.status, 
                            m.likes_count, m.comments_count, m.shares_count, m.views_count,
                            m.variants, m.shipping_info, m.commission_info,
                            m.created_at, m.product_code,
                            u.username as owner_username, u.profile_picture,
                            EXISTS(SELECT 1 FROM market_likes ml WHERE ml.market_id = m.id AND ml.user_id = $1) as user_liked
                     FROM market m 
                     INNER JOIN users u ON m.user_id = u.id 
                     WHERE 1=1 AND m.status = ANY($2) ORDER BY m.created_at DESC
[DEBUG] getMarketItems params: [ null, [ 'approved', 'active' ] ]
[AUTH] Token Decoded: { id: 5, userId: '4607' }
[AUTH] Token Decoded: { id: 5, userId: '4607' }
[AUTH] Token Decoded: { id: 5, userId: '4607' }
[AUTH] Token Decoded: { id: 5, userId: '4607' }
✅ Connected to PostgreSQL database
✅ Connected to PostgreSQL database
[DEBUG] getMarketItems Result Rows: [
  { id: 21, user_id: 5, status: 'active' },
  { id: 16, user_id: 4, status: 'active' },
  { id: 15, user_id: 4, status: 'active' },
  { id: 10, user_id: 2, status: 'active' }
]
[0mGET /api/market?status=approved [36m304[0m 89.588 ms - -[0m
[0mGET /api/orders/seller?status=processing [32m200[0m 87.211 ms - 26[0m
✅ Connected to PostgreSQL database
[0mGET /api/orders/buyer?status=pending%2Cprocessing%2Cshipped%2Cdelivered%2Creceived%2Creshipped%2Ccancelled%2Creturned%2Crejected [32m200[0m 150.978 ms - 2096479[0m
✅ Connected to PostgreSQL database
[0mGET /api/orders/seller?status=pending%2Cprocessing%2Cshipped%2Cdelivered%2Creceived%2Creshipped%2Ccancelled%2Creturned%2Crejected [32m200[0m 185.281 ms - 26[0m
✅ Connected to PostgreSQL database
[0mGET /api/orders/buyer?status=processing [32m200[0m 247.108 ms - 26[0m
✅ Connected to PostgreSQL database
[0mGET /api/orders/buyer?status=shipped [32m200[0m 238.013 ms - 26[0m
✅ Connected to PostgreSQL database
[0mGET /api/orders/seller?status=shipped [32m200[0m 256.243 ms - 26[0m
✅ Connected to PostgreSQL database
[0mGET /api/auth/user/5/following [32m200[0m 320.864 ms - 27223[0m
[AUTH] Token Decoded: { id: 5, userId: '4607' }
[0mGET /api/chat/conversations [32m200[0m 8.837 ms - 27101[0m
[AUTH] Token Decoded: { id: 5, userId: '4607' }
[0mGET /api/cart [32m200[0m 5.524 ms - 18646[0m
[AUTH] Token Decoded: { id: 5, userId: '4607' }
[AUTH] Fetching profile for ID: 5
[DEBUG] Processing profile for goog
[0mGET /api/auth/profile [36m304[0m 12.224 ms - -[0m
[0mGET /api/auth/user/5/following [36m304[0m 1.479 ms - -[0m
[AUTH] Token Decoded: { id: 5, userId: '4607' }
[0mGET /api/chat/conversations [32m200[0m 4.696 ms - 27101[0m
[0mPOST /api/market/15/view [32m200[0m 7.627 ms - 35[0m
[0mGET /api/market/15/comments [32m200[0m 3.037 ms - 1105[0m
[AUTH] Token Decoded: { id: 5, userId: '4607' }
[0mGET /api/chat/conversations [32m200[0m 4.353 ms - 27101[0m
[AUTH] Token Decoded: { id: 5, userId: '4607' }
[0mGET /api/chat/conversations [32m200[0m 4.588 ms - 27101[0m
[AUTH] Token Decoded: { id: 5, userId: '4607' }
[0mGET /api/chat/conversations [32m200[0m 4.577 ms - 27101[0m
[AUTH] Token Decoded: { id: 5, userId: '4607' }
[0mPOST /api/market/16/like [32m200[0m 7.976 ms - 29[0m
[AUTH] Token Decoded: { id: 5, userId: '4607' }
[0mGET /api/chat/conversations [32m200[0m 5.031 ms - 27101[0m
[AUTH] Token Decoded: { id: 5, userId: '4607' }
[0mGET /api/chat/conversations [32m200[0m 4.624 ms - 27101[0m
[AUTH] Token Decoded: { id: 5, userId: '4607' }
[0mGET /api/chat/conversations [32m200[0m 5.080 ms - 27101[0m
[AUTH] Token Decoded: { id: 5, userId: '4607' }
[0mGET /api/chat/conversations [32m200[0m 4.712 ms - 27101[0m
[AUTH] Token Decoded: { id: 5, userId: '4607' }
[0mGET /api/chat/conversations [32m200[0m 6.575 ms - 27101[0m
[AUTH] Token Decoded: { id: 5, userId: '4607' }
[0mGET /api/chat/conversations [32m200[0m 4.625 ms - 27101[0m
[AUTH] Token Decoded: { id: 5, userId: '4607' }
[0mGET /api/chat/conversations [32m200[0m 4.437 ms - 27101[0m
[AUTH] Token Decoded: { id: 5, userId: '4607' }
[0mGET /api/chat/conversations [32m200[0m 4.159 ms - 27101[0m
[AUTH] Token Decoded: { id: 5, userId: '4607' }
[0mGET /api/chat/conversations [32m200[0m 4.240 ms - 27101[0m
[AUTH] Token Decoded: { id: 5, userId: '4607' }
[0mGET /api/chat/conversations [32m200[0m 4.350 ms - 27101[0m
[AUTH] Token Decoded: { id: 5, userId: '4607' }
[0mGET /api/chat/conversations [32m200[0m 3.857 ms - 27101[0m
[AUTH] Token Decoded: { id: 5, userId: '4607' }
[0mGET /api/chat/conversations [32m200[0m 4.247 ms - 27101[0m
[AUTH] Token Decoded: { id: 5, userId: '4607' }
[AUTH] Fetching profile for ID: 5
[DEBUG] Processing profile for goog
[0mGET /api/auth/profile [36m304[0m 8.393 ms - -[0m
[0mGET /api/auth/user/5/following [36m304[0m 1.108 ms - -[0m
[AUTH] Token Decoded: { id: 5, userId: '4607' }
[0mGET /api/chat/conversations [32m200[0m 4.185 ms - 27101[0m
[AUTH] Token Decoded: { id: 5, userId: '4607' }
[0mGET /api/chat/conversations [32m200[0m 4.065 ms - 27101[0m
[AUTH] Token Decoded: { id: 5, userId: '4607' }
[0mGET /api/chat/conversations [32m200[0m 4.441 ms - 27101[0m
[AUTH] Token Decoded: { id: 5, userId: '4607' }
[0mGET /api/chat/conversations [32m200[0m 4.135 ms - 27101[0m
[AUTH] Token Decoded: { id: 5, userId: '4607' }
[0mGET /api/chat/conversations [32m200[0m 4.816 ms - 27101[0m
[AUTH] Token Decoded: { id: 5, userId: '4607' }
[0mGET /api/cart [32m200[0m 3.760 ms - 18646[0m
[AUTH] Token Decoded: { id: 5, userId: '4607' }
[AUTH] Token Decoded: { id: 5, userId: '4607' }
[AUTH] Fetching profile for ID: 5
[0mGET /api/cart [32m200[0m 8.392 ms - 18646[0m
✅ Connected to PostgreSQL database
[DEBUG] Processing profile for goog
[0mGET /api/auth/profile [36m304[0m 65.232 ms - -[0m
[AUTH] Token Decoded: { id: 4, userId: '4208' }
[0mGET /api/chat/conversations [32m200[0m 8.925 ms - 1080[0m
[0mGET /api/auth/user/5/following [36m304[0m 1.429 ms - -[0m
[AUTH] Token Decoded: { id: 5, userId: '4607' }
[AUTH] Fetching profile for ID: 5
[DEBUG] Processing profile for goog
[0mGET /api/auth/profile [36m304[0m 9.018 ms - -[0m
[AUTH] Token Decoded: { id: 5, userId: '4607' }
[0mGET /api/chat/conversations [32m200[0m 4.471 ms - 27101[0m
[AUTH] Token Decoded: { id: 5, userId: '4607' }
[AUTH] Fetching profile for ID: 5
[DEBUG] Processing profile for goog
[0mGET /api/auth/user/5/following [36m304[0m 3.317 ms - -[0m
[0mGET /api/auth/profile [36m304[0m 11.853 ms - -[0m
[0mGET /api/auth/user/5/following [36m304[0m 1.344 ms - -[0m
[AUTH] Token Decoded: { id: 5, userId: '4607' }
[AUTH] Token Decoded: { id: 5, userId: '4607' }
[0mGET /api/cart [32m200[0m 3.426 ms - 18646[0m
[0mGET /api/cart [32m200[0m 9.195 ms - 18646[0m
[AUTH] Token Decoded: { id: 5, userId: '4607' }
[AUTH] Fetching profile for ID: 5
[DEBUG] Processing profile for goog
[0mGET /api/auth/profile [36m304[0m 8.453 ms - -[0m
[AUTH] Token Decoded: { id: 5, userId: '4607' }
[AUTH] Token Decoded: { id: 5, userId: '4607' }
[AUTH] Fetching profile for ID: 5
[0mGET /api/chat/conversations [32m200[0m 8.021 ms - 27101[0m
[DEBUG] Processing profile for goog
[0mGET /api/auth/profile [36m304[0m 13.626 ms - -[0m
✅ Connected to PostgreSQL database
[0mGET /api/auth/user/5/following [36m304[0m 49.461 ms - -[0m
[0mGET /api/auth/user/5/following [36m304[0m 1.378 ms - -[0m
[AUTH] Token Decoded: { id: 5, userId: '4607' }
[0mGET /api/chat/conversations [32m200[0m 8.098 ms - 27101[0m
[AUTH] Token Decoded: { id: 5, userId: '4607' }
[0mGET /api/chat/conversations [32m200[0m 8.008 ms - 27101[0m
[AUTH] Token Decoded: { id: 5, userId: '4607' }
[0mGET /api/chat/conversations [32m200[0m 4.656 ms - 27101[0m
[AUTH] Token Decoded: { id: 5, userId: '4607' }
[0mGET /api/chat/conversations [32m200[0m 4.649 ms - 27101[0m
[AUTH] Token Decoded: { id: 5, userId: '4607' }
[AUTH] Fetching profile for ID: 5
[DEBUG] Processing profile for goog
[0mGET /api/auth/profile [36m304[0m 12.924 ms - -[0m
[AUTH] Token Decoded: { id: 5, userId: '4607' }
[AUTH] Token Decoded: { id: 5, userId: '4607' }
[0mGET /api/chat/conversations [32m200[0m 6.141 ms - 27101[0m
[0mGET /api/chat/calls/incoming [32m200[0m 7.299 ms - 100[0m
[AUTH] Token Decoded: { id: 5, userId: '4607' }
[AUTH] Token Decoded: { id: 5, userId: '4607' }
[0mPOST /api/chat/presence [32m200[0m 5.859 ms - 134[0m
[0mGET /api/chat/calls/summaries [32m200[0m 7.337 ms - 100[0m
[AUTH] Token Decoded: { id: 5, userId: '4607' }
[0mGET /api/chat/conversations [32m200[0m 4.758 ms - 27101[0m
[AUTH] Token Decoded: { id: 5, userId: '4607' }
[0mGET /api/chat/calls/incoming [32m200[0m 3.763 ms - 100[0m
[AUTH] Token Decoded: { id: 5, userId: '4607' }
[0mGET /api/chat/conversations [32m200[0m 4.773 ms - 27101[0m
[AUTH] Token Decoded: { id: 5, userId: '4607' }
[0mGET /api/chat/conversations [32m200[0m 4.090 ms - 27101[0m
[AUTH] Token Decoded: { id: 5, userId: '4607' }
[0mGET /api/chat/calls/incoming [32m200[0m 4.173 ms - 100[0m
[AUTH] Token Decoded: { id: 5, userId: '4607' }
[0mGET /api/chat/conversations [32m200[0m 3.948 ms - 27101[0m
[AUTH] Token Decoded: { id: 5, userId: '4607' }
[0mGET /api/chat/calls/summaries [32m200[0m 4.230 ms - 100[0m
[AUTH] Token Decoded: { id: 5, userId: '4607' }
[0mGET /api/chat/calls/incoming [32m200[0m 3.977 ms - 100[0m
[AUTH] Token Decoded: { id: 5, userId: '4607' }
[0mGET /api/chat/conversations [32m200[0m 4.793 ms - 27101[0m
[AUTH] Token Decoded: { id: 5, userId: '4607' }
[AUTH] Token Decoded: { id: 5, userId: '4607' }
[0mGET /api/chat/conversations [32m200[0m 6.114 ms - 27101[0m
[0mGET /api/chat/calls/incoming [32m200[0m 6.449 ms - 100[0m
[AUTH] Token Decoded: { id: 5, userId: '4607' }
[0mGET /api/chat/conversations [32m200[0m 4.444 ms - 27101[0m
[AUTH] Token Decoded: { id: 5, userId: '4607' }
[AUTH] Token Decoded: { id: 5, userId: '4607' }
[AUTH] Token Decoded: { id: 5, userId: '4607' }
[0mGET /api/cart [32m200[0m 8.493 ms - 18646[0m
[0mPOST /api/chat/presence [32m200[0m 8.503 ms - 134[0m
[AUTH] Token Decoded: { id: 5, userId: '4607' }
[AUTH] Token Decoded: { id: 5, userId: '4607' }
[AUTH] Token Decoded: { id: 5, userId: '4607' }
[0mGET /api/chat/conversations [32m200[0m 6.004 ms - 27101[0m
[0mPOST /api/chat/presence [32m200[0m 11.632 ms - 134[0m
✅ Connected to PostgreSQL database
[0mGET /api/chat/calls/incoming [32m200[0m 63.063 ms - 100[0m
✅ Connected to PostgreSQL database
[0mGET /api/chat/calls/summaries [32m200[0m 74.879 ms - 100[0m
[AUTH] Token Decoded: { id: 5, userId: '4607' }
[0mGET /api/chat/conversations [32m200[0m 7.833 ms - 27101[0m
[AUTH] Token Decoded: { id: 5, userId: '4607' }
[0mGET /api/chat/calls/incoming [32m200[0m 4.379 ms - 100[0m
[AUTH] Token Decoded: { id: 5, userId: '4607' }
[0mGET /api/chat/conversations [32m200[0m 4.761 ms - 27101[0m
[AUTH] Token Decoded: { id: 5, userId: '4607' }
[0mGET /api/chat/calls/incoming [32m200[0m 4.316 ms - 100[0m
[AUTH] Token Decoded: { id: 5, userId: '4607' }
[0mGET /api/chat/conversations [32m200[0m 4.699 ms - 27101[0m
[AUTH] Token Decoded: { id: 5, userId: '4607' }
[0mGET /api/chat/conversations [32m200[0m 4.470 ms - 27101[0m
[AUTH] Token Decoded: { id: 5, userId: '4607' }
[AUTH] Token Decoded: { id: 5, userId: '4607' }
[0mGET /api/chat/calls/summaries [32m200[0m 6.057 ms - 100[0m
[0mGET /api/chat/calls/incoming [32m200[0m 5.558 ms - 100[0m
[AUTH] Token Decoded: { id: 5, userId: '4607' }
[0mGET /api/chat/conversations [32m200[0m 7.929 ms - 27101[0m
[AUTH] Token Decoded: { id: 5, userId: '4607' }
[0mGET /api/chat/calls/incoming [32m200[0m 4.253 ms - 100[0m
[AUTH] Token Decoded: { id: 5, userId: '4607' }
[0mGET /api/chat/conversations [32m200[0m 4.587 ms - 27101[0m
[AUTH] Token Decoded: { id: 5, userId: '4607' }
[0mGET /api/chat/conversations [32m200[0m 5.381 ms - 27101[0m
[AUTH] Token Decoded: { id: 5, userId: '4607' }
[0mGET /api/chat/calls/incoming [32m200[0m 4.215 ms - 100[0m
[AUTH] Token Decoded: { id: 5, userId: '4607' }
[0mGET /api/chat/conversations [32m200[0m 4.872 ms - 27101[0m
[AUTH] Token Decoded: { id: 5, userId: '4607' }
[AUTH] Token Decoded: { id: 5, userId: '4607' }
[0mPOST /api/chat/presence [32m200[0m 9.621 ms - 134[0m
[0mGET /api/chat/calls/summaries [32m200[0m 8.656 ms - 100[0m
[AUTH] Token Decoded: { id: 5, userId: '4607' }
[0mGET /api/chat/calls/incoming [32m200[0m 4.425 ms - 100[0m
[AUTH] Token Decoded: { id: 5, userId: '4607' }
[0mGET /api/chat/conversations [32m200[0m 4.713 ms - 27101[0m
[AUTH] Token Decoded: { id: 5, userId: '4607' }
[AUTH] Token Decoded: { id: 5, userId: '4607' }
[0mGET /api/chat/calls/incoming [32m200[0m 6.879 ms - 100[0m
[0mGET /api/chat/conversations [32m200[0m 6.022 ms - 27101[0m
[AUTH] Token Decoded: { id: 5, userId: '4607' }
[0mGET /api/chat/conversations [32m200[0m 5.013 ms - 27101[0m
[AUTH] Token Decoded: { id: 5, userId: '4607' }
[0mGET /api/chat/calls/incoming [32m200[0m 4.476 ms - 100[0m
[AUTH] Token Decoded: { id: 5, userId: '4607' }
[0mGET /api/chat/calls/summaries [32m200[0m 4.927 ms - 100[0m
[AUTH] Token Decoded: { id: 5, userId: '4607' }
[0mGET /api/chat/conversations [32m200[0m 4.974 ms - 27101[0m
[AUTH] Token Decoded: { id: 5, userId: '4607' }
[0mGET /api/chat/conversations [32m200[0m 4.748 ms - 27101[0m
[AUTH] Token Decoded: { id: 5, userId: '4607' }
[0mGET /api/chat/calls/incoming [32m200[0m 4.083 ms - 100[0m
[AUTH] Token Decoded: { id: 5, userId: '4607' }
[0mGET /api/chat/conversations [32m200[0m 4.784 ms - 27101[0m
[AUTH] Token Decoded: { id: 5, userId: '4607' }
[0mGET /api/chat/calls/incoming [32m200[0m 5.555 ms - 100[0m
[AUTH] Token Decoded: { id: 5, userId: '4607' }
[0mGET /api/chat/conversations [32m200[0m 4.582 ms - 27101[0m
[AUTH] Token Decoded: { id: 5, userId: '4607' }
[0mGET /api/ads/my [32m200[0m 6.020 ms - 1104[0m
[AUTH] Token Decoded: { id: 5, userId: '4607' }
[AUTH] Fetching profile for ID: 5
[DEBUG] Processing profile for goog
[0mGET /api/auth/profile [36m304[0m 16.755 ms - -[0m
[AUTH] Token Decoded: { id: 5, userId: '4607' }
[0mGET /api/wallet/history [32m200[0m 9.073 ms - 24753[0m
[AUTH] Token Decoded: { id: 5, userId: '4607' }
[AUTH] Fetching profile for ID: 5
[DEBUG] Processing profile for goog
[0mGET /api/auth/profile [36m304[0m 9.067 ms - -[0m
[AUTH] Token Decoded: { id: 5, userId: '4607' }
[0mGET /api/ads/my [36m304[0m 3.633 ms - -[0m
[AUTH] Token Decoded: { id: 5, userId: '4607' }
[0mGET /api/chat/conversations [32m200[0m 4.695 ms - 27101[0m
[AUTH] Token Decoded: { id: 5, userId: '4607' }
[AUTH] Fetching profile for ID: 5
[DEBUG] Processing profile for goog
[0mGET /api/auth/profile [36m304[0m 13.456 ms - -[0m
[AUTH] Token Decoded: { id: 5, userId: '4607' }
[0mGET /api/wallet/history [36m304[0m 6.083 ms - -[0m
[AUTH] Token Decoded: { id: 5, userId: '4607' }
[0mGET /api/ads/my [36m304[0m 3.203 ms - -[0m
[AUTH] Token Decoded: { id: 5, userId: '4607' }
[AUTH] Fetching profile for ID: 5
[AUTH] Token Decoded: { id: 5, userId: '4607' }
[DEBUG] Processing profile for goog
[0mGET /api/auth/profile [36m304[0m 11.958 ms - -[0m
[0mGET /api/wallet/history [36m304[0m 9.890 ms - -[0m
[AUTH] Token Decoded: { id: 5, userId: '4607' }
[AUTH] Fetching profile for ID: 5
[DEBUG] Processing profile for goog
[0mGET /api/auth/profile [36m304[0m 14.554 ms - -[0m
[AUTH] Token Decoded: { id: 5, userId: '4607' }
[0mGET /api/wallet/history [36m304[0m 6.000 ms - -[0m
[AUTH] Token Decoded: { id: 5, userId: '4607' }
[0mGET /api/ads/my [36m304[0m 5.995 ms - -[0m
[AUTH] Token Decoded: { id: 5, userId: '4607' }
[0mGET /api/chat/conversations [32m200[0m 4.574 ms - 27101[0m
[AUTH] Token Decoded: { id: 5, userId: '4607' }
[AUTH] Fetching profile for ID: 5
[DEBUG] Processing profile for goog
[0mGET /api/auth/profile [36m304[0m 8.386 ms - -[0m
[AUTH] Token Decoded: { id: 5, userId: '4607' }
[0mGET /api/wallet/history [36m304[0m 5.673 ms - -[0m
[AUTH] Token Decoded: { id: 5, userId: '4607' }
[0mGET /api/ads/my [36m304[0m 3.637 ms - -[0m
[AUTH] Token Decoded: { id: 5, userId: '4607' }
[AUTH] Fetching profile for ID: 5
[DEBUG] Processing profile for goog
[0mGET /api/auth/profile [36m304[0m 9.141 ms - -[0m
[AUTH] Token Decoded: { id: 5, userId: '4607' }
[0mGET /api/wallet/history [36m304[0m 6.104 ms - -[0m
[AUTH] Token Decoded: { id: 5, userId: '4607' }
[0mGET /api/ads/my [36m304[0m 3.531 ms - -[0m
[AUTH] Token Decoded: { id: 5, userId: '4607' }
[AUTH] Fetching profile for ID: 5
[DEBUG] Processing profile for goog
[0mGET /api/auth/profile [36m304[0m 8.722 ms - -[0m
[AUTH] Token Decoded: { id: 5, userId: '4607' }
[0mGET /api/chat/conversations [32m200[0m 4.665 ms - 27101[0m
[AUTH] Token Decoded: { id: 5, userId: '4607' }
[0mGET /api/wallet/history [36m304[0m 5.848 ms - -[0m
[AUTH] Token Decoded: { id: 5, userId: '4607' }
[AUTH] Token Decoded: { id: 5, userId: '4607' }
[0mGET /api/ads/my [36m304[0m 6.016 ms - -[0m
[0mGET /api/chat/conversations [32m200[0m 5.542 ms - 27101[0m
[AUTH] Token Decoded: { id: 5, userId: '4607' }
[AUTH] Fetching profile for ID: 5
[DEBUG] Processing profile for goog
[0mGET /api/auth/profile [36m304[0m 8.256 ms - -[0m
[AUTH] Token Decoded: { id: 5, userId: '4607' }
[0mGET /api/cart [32m200[0m 5.841 ms - 18646[0m
[AUTH] Token Decoded: { id: 5, userId: '4607' }
[0mGET /api/wallet/history [36m304[0m 4.920 ms - -[0m
[AUTH] Token Decoded: { id: 5, userId: '4607' }
[0mGET /api/ads/my [36m304[0m 3.565 ms - -[0m
[AUTH] Token Decoded: { id: 5, userId: '4607' }
[0mGET /api/chat/conversations [32m200[0m 4.153 ms - 27101[0m
[AUTH] Token Decoded: { id: 5, userId: '4607' }
[AUTH] Fetching profile for ID: 5
[DEBUG] Processing profile for goog
[0mGET /api/auth/profile [36m304[0m 9.027 ms - -[0m
[AUTH] Token Decoded: { id: 5, userId: '4607' }
[0mGET /api/wallet/history [36m304[0m 5.987 ms - -[0m
[AUTH] Token Decoded: { id: 5, userId: '4607' }
[AUTH] Token Decoded: { id: 5, userId: '4607' }
[0mGET /api/ads/my [36m304[0m 5.360 ms - -[0m
[0mGET /api/chat/conversations [32m200[0m 4.930 ms - 27101[0m
[AUTH] Token Decoded: { id: 5, userId: '4607' }
[AUTH] Token Decoded: { id: 5, userId: '4607' }
[0mGET /api/chat/conversations [32m200[0m 6.301 ms - 27101[0m
[0mGET /api/chat/conversations [32m200[0m 5.380 ms - 27101[0m
[AUTH] Token Decoded: { id: 5, userId: '4607' }
[AUTH] Fetching profile for ID: 5
[AUTH] Token Decoded: { id: 5, userId: '4607' }
[DEBUG] Processing profile for goog
[0mGET /api/chat/conversations [32m200[0m 4.717 ms - 27101[0m
[0mGET /api/auth/profile [36m304[0m 12.970 ms - -[0m
[AUTH] Token Decoded: { id: 5, userId: '4607' }
[0mGET /api/wallet/history [36m304[0m 5.789 ms - -[0m
[AUTH] Token Decoded: { id: 5, userId: '4607' }
[0mGET /api/chat/conversations [32m200[0m 4.593 ms - 27101[0m
[AUTH] Token Decoded: { id: 5, userId: '4607' }
[0mGET /api/ads/my [36m304[0m 3.353 ms - -[0m
[AUTH] Token Decoded: { id: 4, userId: '4208' }
[0mGET /api/chat/conversations [32m200[0m 4.499 ms - 1080[0m
[AUTH] Token Decoded: { id: 5, userId: '4607' }
[0mGET /api/cart [32m200[0m 3.517 ms - 18646[0m
[AUTH] Token Decoded: { id: 5, userId: '4607' }
[AUTH] Fetching profile for ID: 5
[AUTH] Token Decoded: { id: 5, userId: '4607' }
[DEBUG] Processing profile for goog
[0mGET /api/ads/my [32m200[0m 4.908 ms - 1104[0m
[0mGET /api/auth/profile [32m200[0m 13.442 ms - 1178[0m
[AUTH] Token Decoded: { id: 5, userId: '4607' }
[0mGET /api/ads/my [36m304[0m 3.452 ms - -[0m
[AUTH] Token Decoded: { id: 5, userId: '4607' }
[AUTH] Fetching profile for ID: 5
[DEBUG] Processing profile for goog
[AUTH] Token Decoded: { id: 5, userId: '4607' }
[0mGET /api/auth/profile [36m304[0m 11.709 ms - -[0m
[0mGET /api/chat/conversations [32m200[0m 6.582 ms - 27101[0m
[AUTH] Token Decoded: { id: 5, userId: '4607' }
[0mGET /api/ads/my [36m304[0m 3.737 ms - -[0m
[AUTH] Token Decoded: { id: 5, userId: '4607' }
[0mGET /api/wallet/history [36m304[0m 6.202 ms - -[0m
[AUTH] Token Decoded: { id: 5, userId: '4607' }
[AUTH] Fetching profile for ID: 5
[DEBUG] Processing profile for goog
[0mGET /api/auth/profile [36m304[0m 8.526 ms - -[0m
[AUTH] Token Decoded: { id: 5, userId: '4607' }
[0mGET /api/chat/conversations [32m200[0m 4.627 ms - 27101[0m
[AUTH] Token Decoded: { id: 5, userId: '4607' }
[AUTH] Token Decoded: { id: 5, userId: '4607' }
[0mGET /api/wallet/history [36m304[0m 6.399 ms - -[0m
[0mGET /api/ads/my [36m304[0m 5.866 ms - -[0m
[AUTH] Token Decoded: { id: 5, userId: '4607' }
[AUTH] Fetching profile for ID: 5
[DEBUG] Processing profile for goog
[0mGET /api/auth/profile [36m304[0m 8.056 ms - -[0m
[AUTH] Token Decoded: { id: 5, userId: '4607' }
[0mGET /api/chat/conversations [32m200[0m 4.631 ms - 27101[0m
[AUTH] Token Decoded: { id: 5, userId: '4607' }
[0mGET /api/ads/my [36m304[0m 3.544 ms - -[0m
[AUTH] Token Decoded: { id: 5, userId: '4607' }
[0mGET /api/wallet/history [36m304[0m 6.044 ms - -[0m
[AUTH] Token Decoded: { id: 5, userId: '4607' }
[AUTH] Fetching profile for ID: 5
[DEBUG] Processing profile for goog
[0mGET /api/auth/profile [36m304[0m 9.093 ms - -[0m
[AUTH] Token Decoded: { id: 5, userId: '4607' }
[0mGET /api/ads/my [36m304[0m 3.384 ms - -[0m
[AUTH] Token Decoded: { id: 5, userId: '4607' }
[0mGET /api/wallet/history [36m304[0m 6.094 ms - -[0m
[AUTH] Token Decoded: { id: 5, userId: '4607' }
[AUTH] Fetching profile for ID: 5
[DEBUG] Processing profile for goog
[0mGET /api/auth/profile [36m304[0m 8.650 ms - -[0m
[AUTH] Token Decoded: { id: 5, userId: '4607' }
[0mGET /api/ads/my [36m304[0m 3.373 ms - -[0m
[AUTH] Token Decoded: { id: 5, userId: '4607' }
[0mGET /api/wallet/history [36m304[0m 5.932 ms - -[0m
[AUTH] Token Decoded: { id: 5, userId: '4607' }
[AUTH] Fetching profile for ID: 5
[DEBUG] Processing profile for goog
[0mGET /api/auth/profile [36m304[0m 8.708 ms - -[0m
[AUTH] Token Decoded: { id: 5, userId: '4607' }
[0mGET /api/ads/my [36m304[0m 3.392 ms - -[0m
[AUTH] Token Decoded: { id: 5, userId: '4607' }
[AUTH] Token Decoded: { id: 5, userId: '4607' }
[AUTH] Fetching profile for ID: 5
[0mGET /api/wallet/history [36m304[0m 8.237 ms - -[0m
[DEBUG] Processing profile for goog
[0mGET /api/auth/profile [36m304[0m 11.282 ms - -[0m
[AUTH] Token Decoded: { id: 5, userId: '4607' }
[AUTH] Token Decoded: { id: 5, userId: '4607' }
[AUTH] Fetching profile for ID: 5
[0mGET /api/wallet/history [36m304[0m 8.078 ms - -[0m
[DEBUG] Processing profile for goog
[0mGET /api/auth/profile [36m304[0m 10.890 ms - -[0m
[AUTH] Token Decoded: { id: 5, userId: '4607' }
[0mGET /api/chat/conversations [32m200[0m 4.345 ms - 27101[0m
[AUTH] Token Decoded: { id: 5, userId: '4607' }
[AUTH] Fetching profile for ID: 5
[DEBUG] Processing profile for goog
[0mGET /api/auth/profile [36m304[0m 8.711 ms - -[0m
[AUTH] Token Decoded: { id: 5, userId: '4607' }
[0mGET /api/wallet/history [36m304[0m 5.633 ms - -[0m
[AUTH] Token Decoded: { id: 5, userId: '4607' }
[0mGET /api/auth/wallet [32m200[0m 6.132 ms - 71[0m
[AUTH] Token Decoded: { id: 5, userId: '4607' }
[0mGET /api/wallet/history [36m304[0m 6.134 ms - -[0m
[AUTH] Token Decoded: { id: 5, userId: '4607' }
[0mGET /api/wallet/pending-requests [32m200[0m 3.677 ms - 30[0m
[AUTH] Token Decoded: { id: 5, userId: '4607' }
[0mGET /api/chat/conversations [32m200[0m 4.616 ms - 27101[0m
[AUTH] Token Decoded: { id: 5, userId: '4607' }
[0mGET /api/chat/conversations [32m200[0m 5.852 ms - 27101[0m
[AUTH] Token Decoded: { id: 5, userId: '4607' }
[0mGET /api/chat/conversations [32m200[0m 5.352 ms - 27101[0m
[AUTH] Token Decoded: { id: 5, userId: '4607' }
[0mGET /api/chat/conversations [32m200[0m 4.739 ms - 27101[0m
[AUTH] Token Decoded: { id: 5, userId: '4607' }
[0mGET /api/chat/conversations [32m200[0m 4.635 ms - 27101[0m
[AUTH] Token Decoded: { id: 5, userId: '4607' }
[0mGET /api/chat/conversations [32m200[0m 4.707 ms - 27101[0m
[AUTH] Token Decoded: { id: 5, userId: '4607' }
[0mGET /api/chat/conversations [32m200[0m 4.533 ms - 27101[0m
[AUTH] Token Decoded: { id: 5, userId: '4607' }
[0mGET /api/chat/conversations [32m200[0m 4.130 ms - 27101[0m
[AUTH] Token Decoded: { id: 5, userId: '4607' }
[0mGET /api/chat/conversations [32m200[0m 4.499 ms - 27101[0m
[AUTH] Token Decoded: { id: 5, userId: '4607' }
[0mGET /api/chat/conversations [32m200[0m 4.867 ms - 27101[0m
[AUTH] Token Decoded: { id: 5, userId: '4607' }
[0mGET /api/chat/conversations [32m200[0m 5.056 ms - 27101[0m
[AUTH] Token Decoded: { id: 5, userId: '4607' }
[0mGET /api/chat/conversations [32m200[0m 4.472 ms - 27101[0m
[AUTH] Token Decoded: { id: 5, userId: '4607' }
[0mGET /api/chat/conversations [32m200[0m 4.532 ms - 27101[0m
[AUTH] Token Decoded: { id: 5, userId: '4607' }
[0mGET /api/cart [32m200[0m 3.395 ms - 18646[0m
[AUTH] Token Decoded: { id: 5, userId: '4607' }
[0mGET /api/cart [32m200[0m 3.338 ms - 18646[0m
[AUTH] Token Decoded: { id: 5, userId: '4607' }
[0mGET /api/chat/conversations [32m200[0m 4.653 ms - 27101[0m
[AUTH] Token Decoded: { id: 5, userId: '4607' }
[0mGET /api/chat/conversations [32m200[0m 4.396 ms - 27101[0m
[AUTH] Token Decoded: { id: 5, userId: '4607' }
[0mGET /api/cart [32m200[0m 3.659 ms - 18646[0m
[AUTH] Token Decoded: { id: 5, userId: '4607' }
[AUTH] Token Decoded: { id: 5, userId: '4607' }
[0mGET /api/chat/conversations [32m200[0m 5.707 ms - 27101[0m
✅ Connected to PostgreSQL database
[0mGET /api/cart [32m200[0m 52.540 ms - 18646[0m
[AUTH] Token Decoded: { id: 5, userId: '4607' }
[0mGET /api/chat/conversations [32m200[0m 10.517 ms - 27101[0m
[AUTH] Token Decoded: { id: 5, userId: '4607' }
[0mGET /api/chat/conversations [32m200[0m 4.554 ms - 27101[0m
[AUTH] Token Decoded: { id: 5, userId: '4607' }
[0mGET /api/chat/conversations [32m200[0m 4.799 ms - 27101[0m
[AUTH] Token Decoded: { id: 5, userId: '4607' }
[0mGET /api/chat/conversations [32m200[0m 4.643 ms - 27101[0m
[AUTH] Token Decoded: { id: 5, userId: '4607' }
[0mGET /api/chat/conversations [32m200[0m 4.994 ms - 27101[0m
[AUTH] Token Decoded: { id: 5, userId: '4607' }
[0mGET /api/chat/conversations [32m200[0m 4.590 ms - 27101[0m
[AUTH] Token Decoded: { id: 5, userId: '4607' }
[0mGET /api/chat/conversations [32m200[0m 4.155 ms - 27101[0m
[AUTH] Token Decoded: { id: 5, userId: '4607' }
[0mGET /api/chat/conversations [32m200[0m 4.753 ms - 27101[0m
[AUTH] Token Decoded: { id: 5, userId: '4607' }
[0mGET /api/chat/conversations [32m200[0m 4.269 ms - 27101[0m
[AUTH] Token Decoded: { id: 5, userId: '4607' }
[0mGET /api/chat/conversations [32m200[0m 4.056 ms - 27101[0m
[AUTH] Token Decoded: { id: 5, userId: '4607' }
[0mGET /api/chat/conversations [32m200[0m 4.618 ms - 27101[0m
[AUTH] Token Decoded: { id: 5, userId: '4607' }
[0mGET /api/chat/conversations [32m200[0m 4.748 ms - 27101[0m
[AUTH] Token Decoded: { id: 5, userId: '4607' }
[0mGET /api/chat/conversations [32m200[0m 4.638 ms - 27101[0m
[AUTH] Token Decoded: { id: 5, userId: '4607' }
[0mGET /api/chat/conversations [32m200[0m 4.656 ms - 27101[0m
[AUTH] Token Decoded: { id: 5, userId: '4607' }
[0mGET /api/chat/conversations [32m200[0m 8.880 ms - 27101[0m
[AUTH] Token Decoded: { id: 4, userId: '4208' }
[0mGET /api/chat/conversations [32m200[0m 5.450 ms - 1080[0m
[AUTH] Token Decoded: { id: 5, userId: '4607' }
[0mGET /api/chat/conversations [32m200[0m 4.756 ms - 27101[0m
[AUTH] Token Decoded: { id: 5, userId: '4607' }
[0mGET /api/chat/conversations [32m200[0m 4.641 ms - 27101[0m
[AUTH] Token Decoded: { id: 5, userId: '4607' }
[0mGET /api/chat/conversations [32m200[0m 4.066 ms - 27101[0m
[AUTH] Token Decoded: { id: 5, userId: '4607' }
[0mGET /api/chat/conversations [32m200[0m 5.535 ms - 27101[0m
[AUTH] Token Decoded: { id: 5, userId: '4607' }
[0mGET /api/chat/conversations [32m200[0m 4.856 ms - 27101[0m
[AUTH] Token Decoded: { id: 5, userId: '4607' }
[0mGET /api/chat/conversations [32m200[0m 4.274 ms - 27101[0m
[AUTH] Token Decoded: { id: 5, userId: '4607' }
[0mGET /api/chat/conversations [32m200[0m 4.130 ms - 27101[0m
[AUTH] Token Decoded: { id: 5, userId: '4607' }
[0mGET /api/chat/conversations [32m200[0m 4.527 ms - 27101[0m
[AUTH] Token Decoded: { id: 5, userId: '4607' }
[0mGET /api/chat/conversations [32m200[0m 4.771 ms - 27101[0m
[AUTH] Token Decoded: { id: 5, userId: '4607' }
[0mGET /api/chat/conversations [32m200[0m 4.365 ms - 27101[0m
[AUTH] Token Decoded: { id: 5, userId: '4607' }
[0mGET /api/chat/conversations [32m200[0m 4.956 ms - 27101[0m
[AUTH] Token Decoded: { id: 5, userId: '4607' }
[0mGET /api/chat/conversations [32m200[0m 4.229 ms - 27101[0m
[AUTH] Token Decoded: { id: 5, userId: '4607' }
[0mGET /api/chat/conversations [32m200[0m 4.458 ms - 27101[0m
[AUTH] Token Decoded: { id: 5, userId: '4607' }
[0mGET /api/chat/conversations [32m200[0m 4.576 ms - 27101[0m
[AUTH] Token Decoded: { id: 5, userId: '4607' }
[0mGET /api/chat/conversations [32m200[0m 4.167 ms - 27101[0m
[AUTH] Token Decoded: { id: 5, userId: '4607' }
✅ Connected to PostgreSQL database
[0mGET /api/chat/conversations [32m200[0m 94.144 ms - 27101[0m
[AUTH] Token Decoded: { id: 5, userId: '4607' }
✅ Connected to PostgreSQL database
[0mGET /api/chat/conversations [32m200[0m 48.881 ms - 27101[0m
[AUTH] Token Decoded: { id: 5, userId: '4607' }
✅ Connected to PostgreSQL database
[0mGET /api/chat/conversations [32m200[0m 60.928 ms - 27101[0m
[AUTH] Token Decoded: { id: 5, userId: '4607' }
✅ Connected to PostgreSQL database
[0mGET /api/cart [32m200[0m 51.257 ms - 18646[0m
[AUTH] Token Decoded: { id: 5, userId: '4607' }
[AUTH] Token Decoded: { id: 5, userId: '4607' }
[0mGET /api/cart [32m200[0m 6.647 ms - 18646[0m
✅ Connected to PostgreSQL database
[0mGET /api/chat/conversations [32m200[0m 48.299 ms - 27101[0m
[AUTH] Token Decoded: { id: 5, userId: '4607' }
[0mGET /api/chat/conversations [32m200[0m 4.697 ms - 27101[0m
[AUTH] Token Decoded: { id: 5, userId: '4607' }
[0mGET /api/chat/conversations [32m200[0m 4.758 ms - 27101[0m
[AUTH] Token Decoded: { id: 5, userId: '4607' }
[0mGET /api/chat/conversations [32m200[0m 4.804 ms - 27101[0m
[AUTH] Token Decoded: { id: 5, userId: '4607' }
[0mGET /api/chat/conversations [32m200[0m 4.730 ms - 27101[0m
[AUTH] Token Decoded: { id: 5, userId: '4607' }
[0mGET /api/chat/conversations [32m200[0m 4.522 ms - 27101[0m
[AUTH] Token Decoded: { id: 5, userId: '4607' }
[0mGET /api/chat/conversations [32m200[0m 4.821 ms - 27101[0m
[AUTH] Token Decoded: { id: 5, userId: '4607' }
[0mGET /api/chat/conversations [32m200[0m 4.553 ms - 27101[0m
[AUTH] Token Decoded: { id: 5, userId: '4607' }
[0mGET /api/chat/conversations [32m200[0m 4.795 ms - 27101[0m
[AUTH] Token Decoded: { id: 5, userId: '4607' }
[0mGET /api/chat/conversations [32m200[0m 4.567 ms - 27101[0m
[AUTH] Token Decoded: { id: 5, userId: '4607' }
[0mGET /api/chat/conversations [32m200[0m 5.119 ms - 27101[0m
[AUTH] Token Decoded: { id: 5, userId: '4607' }
[0mGET /api/chat/conversations [32m200[0m 4.309 ms - 27101[0m
[AUTH] Token Decoded: { id: 5, userId: '4607' }
[0mGET /api/chat/conversations [32m200[0m 4.111 ms - 27101[0m
[AUTH] Token Decoded: { id: 5, userId: '4607' }
[0mGET /api/chat/conversations [32m200[0m 4.709 ms - 27101[0m
[AUTH] Token Decoded: { id: 5, userId: '4607' }
[0mGET /api/chat/conversations [32m200[0m 4.996 ms - 27101[0m
[AUTH] Token Decoded: { id: 5, userId: '4607' }
[0mGET /api/chat/conversations [32m200[0m 5.058 ms - 27101[0m
[AUTH] Token Decoded: { id: 5, userId: '4607' }
[0mGET /api/chat/conversations [32m200[0m 4.832 ms - 27101[0m
[AUTH] Token Decoded: { id: 5, userId: '4607' }
[0mGET /api/chat/conversations [32m200[0m 4.706 ms - 27101[0m
[AUTH] Token Decoded: { id: 5, userId: '4607' }
[0mGET /api/chat/conversations [32m200[0m 4.513 ms - 27101[0m
[AUTH] Token Decoded: { id: 5, userId: '4607' }
[0mGET /api/chat/conversations [32m200[0m 5.063 ms - 27101[0m
[AUTH] Token Decoded: { id: 5, userId: '4607' }
[0mGET /api/chat/conversations [32m200[0m 4.584 ms - 27101[0m
[AUTH] Token Decoded: { id: 5, userId: '4607' }
[0mGET /api/chat/conversations [32m200[0m 4.694 ms - 27101[0m
[AUTH] Token Decoded: { id: 5, userId: '4607' }
[0mGET /api/chat/conversations [32m200[0m 4.587 ms - 27101[0m
[AUTH] Token Decoded: { id: 5, userId: '4607' }
[0mGET /api/chat/conversations [32m200[0m 4.893 ms - 27101[0m
[AUTH] Token Decoded: { id: 5, userId: '4607' }
[0mGET /api/chat/conversations [32m200[0m 4.772 ms - 27101[0m
[AUTH] Token Decoded: { id: 5, userId: '4607' }
[0mGET /api/chat/conversations [32m200[0m 4.649 ms - 27101[0m
[AUTH] Token Decoded: { id: 5, userId: '4607' }
[0mGET /api/chat/conversations [32m200[0m 4.697 ms - 27101[0m
[AUTH] Token Decoded: { id: 5, userId: '4607' }
[0mGET /api/chat/conversations [32m200[0m 4.698 ms - 27101[0m
[AUTH] Token Decoded: { id: 5, userId: '4607' }
[0mGET /api/chat/conversations [32m200[0m 4.845 ms - 27101[0m
[AUTH] Token Decoded: { id: 5, userId: '4607' }
[0mGET /api/chat/conversations [32m200[0m 4.752 ms - 27101[0m
[AUTH] Token Decoded: { id: 5, userId: '4607' }
[0mGET /api/chat/conversations [32m200[0m 4.748 ms - 27101[0m
[AUTH] Token Decoded: { id: 5, userId: '4607' }
[0mGET /api/chat/conversations [32m200[0m 4.789 ms - 27101[0m
[AUTH] Token Decoded: { id: 5, userId: '4607' }
[0mGET /api/chat/conversations [32m200[0m 4.691 ms - 27101[0m
[AUTH] Token Decoded: { id: 5, userId: '4607' }
[0mGET /api/chat/conversations [32m200[0m 4.018 ms - 27101[0m
[AUTH] Token Decoded: { id: 5, userId: '4607' }
[0mGET /api/chat/conversations [32m200[0m 3.993 ms - 27101[0m
[AUTH] Token Decoded: { id: 5, userId: '4607' }
[0mGET /api/chat/conversations [32m200[0m 4.640 ms - 27101[0m
[AUTH] Token Decoded: { id: 5, userId: '4607' }
[0mGET /api/chat/conversations [32m200[0m 4.663 ms - 27101[0m
[AUTH] Token Decoded: { id: 5, userId: '4607' }
[0mGET /api/chat/conversations [32m200[0m 4.681 ms - 27101[0m
[AUTH] Token Decoded: { id: 5, userId: '4607' }
[0mGET /api/chat/conversations [32m200[0m 4.712 ms - 27101[0m
[AUTH] Token Decoded: { id: 5, userId: '4607' }
[0mGET /api/chat/conversations [32m200[0m 4.845 ms - 27101[0m
[AUTH] Token Decoded: { id: 5, userId: '4607' }
[0mGET /api/chat/conversations [32m200[0m 4.814 ms - 27101[0m
[AUTH] Token Decoded: { id: 5, userId: '4607' }
[0mGET /api/chat/conversations [32m200[0m 4.505 ms - 27101[0m
[AUTH] Token Decoded: { id: 5, userId: '4607' }
[0mGET /api/chat/conversations [32m200[0m 4.856 ms - 27101[0m
[AUTH] Token Decoded: { id: 5, userId: '4607' }
[0mGET /api/chat/conversations [32m200[0m 4.656 ms - 27101[0m
[AUTH] Token Decoded: { id: 5, userId: '4607' }
[0mGET /api/chat/conversations [32m200[0m 4.720 ms - 27101[0m
[AUTH] Token Decoded: { id: 5, userId: '4607' }
[0mGET /api/chat/conversations [32m200[0m 4.620 ms - 27101[0m
[AUTH] Token Decoded: { id: 5, userId: '4607' }
[0mGET /api/chat/conversations [32m200[0m 4.594 ms - 27101[0m
[AUTH] Token Decoded: { id: 5, userId: '4607' }
[0mGET /api/chat/conversations [32m200[0m 4.489 ms - 27101[0m
[AUTH] Token Decoded: { id: 5, userId: '4607' }
[0mGET /api/chat/conversations [32m200[0m 4.779 ms - 27101[0m
[AUTH] Token Decoded: { id: 5, userId: '4607' }
[0mGET /api/chat/conversations [32m200[0m 4.486 ms - 27101[0m
[AUTH] Token Decoded: { id: 5, userId: '4607' }
[0mGET /api/chat/conversations [32m200[0m 4.805 ms - 27101[0m
[AUTH] Token Decoded: { id: 5, userId: '4607' }
[0mGET /api/chat/conversations [32m200[0m 4.606 ms - 27101[0m
[AUTH] Token Decoded: { id: 5, userId: '4607' }
[0mGET /api/chat/conversations [32m200[0m 8.025 ms - 27101[0m
[AUTH] Token Decoded: { id: 5, userId: '4607' }
[0mGET /api/chat/conversations [32m200[0m 4.684 ms - 27101[0m
[AUTH] Token Decoded: { id: 5, userId: '4607' }
[0mGET /api/chat/conversations [32m200[0m 4.714 ms - 27101[0m
[AUTH] Token Decoded: { id: 5, userId: '4607' }
[0mGET /api/chat/conversations [32m200[0m 4.806 ms - 27101[0m
[AUTH] Token Decoded: { id: 5, userId: '4607' }
[0mGET /api/chat/conversations [32m200[0m 4.747 ms - 27101[0m
[AUTH] Token Decoded: { id: 5, userId: '4607' }
[0mGET /api/chat/conversations [32m200[0m 4.728 ms - 27101[0m
[AUTH] Token Decoded: { id: 5, userId: '4607' }
[0mGET /api/chat/conversations [32m200[0m 4.686 ms - 27101[0m
[AUTH] Token Decoded: { id: 5, userId: '4607' }
[0mGET /api/chat/conversations [32m200[0m 4.573 ms - 27101[0m
[AUTH] Token Decoded: { id: 5, userId: '4607' }
[0mGET /api/chat/conversations [32m200[0m 4.585 ms - 27101[0m
[AUTH] Token Decoded: { id: 5, userId: '4607' }
[0mGET /api/chat/conversations [32m200[0m 4.719 ms - 27101[0m
[AUTH] Token Decoded: { id: 5, userId: '4607' }
[0mGET /api/chat/conversations [32m200[0m 4.599 ms - 27101[0m
[AUTH] Token Decoded: { id: 5, userId: '4607' }
[0mGET /api/chat/conversations [32m200[0m 4.806 ms - 27101[0m
[AUTH] Token Decoded: { id: 5, userId: '4607' }
[0mGET /api/chat/conversations [32m200[0m 4.706 ms - 27101[0m
[AUTH] Token Decoded: { id: 5, userId: '4607' }
[0mGET /api/chat/conversations [32m200[0m 4.128 ms - 27101[0m
[AUTH] Token Decoded: { id: 5, userId: '4607' }
[0mGET /api/cart [32m200[0m 5.518 ms - 18646[0m
[AUTH] Token Decoded: { id: 5, userId: '4607' }
[0mGET /api/cart [32m200[0m 3.708 ms - 18646[0m
[AUTH] Token Decoded: { id: 5, userId: '4607' }
[0mGET /api/chat/conversations [32m200[0m 4.660 ms - 27101[0m
[AUTH] Token Decoded: { id: 5, userId: '4607' }
[0mGET /api/chat/conversations [32m200[0m 4.873 ms - 27101[0m
[AUTH] Token Decoded: { id: 5, userId: '4607' }
[0mGET /api/chat/conversations [32m200[0m 4.588 ms - 27101[0m
[AUTH] Token Decoded: { id: 5, userId: '4607' }
[0mGET /api/chat/conversations [32m200[0m 4.494 ms - 27101[0m
[AUTH] Token Decoded: { id: 5, userId: '4607' }
[0mGET /api/chat/conversations [32m200[0m 4.576 ms - 27101[0m
[AUTH] Token Decoded: { id: 5, userId: '4607' }
[0mGET /api/chat/conversations [32m200[0m 4.732 ms - 27101[0m
[AUTH] Token Decoded: { id: 5, userId: '4607' }
[0mGET /api/chat/conversations [32m200[0m 4.615 ms - 27101[0m
[AUTH] Token Decoded: { id: 5, userId: '4607' }
[0mGET /api/chat/conversations [32m200[0m 4.803 ms - 27101[0m
[AUTH] Token Decoded: { id: 5, userId: '4607' }
[0mGET /api/chat/conversations [32m200[0m 4.510 ms - 27101[0m
[AUTH] Token Decoded: { id: 5, userId: '4607' }
[0mGET /api/chat/conversations [32m200[0m 4.634 ms - 27101[0m
[AUTH] Token Decoded: { id: 5, userId: '4607' }
[0mGET /api/chat/conversations [32m200[0m 5.467 ms - 27101[0m
[AUTH] Token Decoded: { id: 5, userId: '4607' }
[0mGET /api/chat/conversations [32m200[0m 4.813 ms - 27101[0m
[AUTH] Token Decoded: { id: 5, userId: '4607' }
[0mGET /api/chat/conversations [32m200[0m 4.650 ms - 27101[0m
[AUTH] Token Decoded: { id: 5, userId: '4607' }
[0mGET /api/chat/conversations [32m200[0m 4.723 ms - 27101[0m
[AUTH] Token Decoded: { id: 5, userId: '4607' }
[0mGET /api/chat/conversations [32m200[0m 4.662 ms - 27101[0m
[AUTH] Token Decoded: { id: 5, userId: '4607' }
[0mGET /api/chat/conversations [32m200[0m 4.792 ms - 27101[0m
[AUTH] Token Decoded: { id: 5, userId: '4607' }
[0mGET /api/chat/conversations [32m200[0m 4.642 ms - 27101[0m
[AUTH] Token Decoded: { id: 5, userId: '4607' }
[0mGET /api/chat/conversations [32m200[0m 4.542 ms - 27101[0m
[AUTH] Token Decoded: { id: 5, userId: '4607' }
[0mGET /api/chat/conversations [32m200[0m 4.783 ms - 27101[0m
[AUTH] Token Decoded: { id: 5, userId: '4607' }
[0mGET /api/chat/conversations [32m200[0m 3.897 ms - 27101[0m
[AUTH] Token Decoded: { id: 5, userId: '4607' }
[0mGET /api/chat/conversations [32m200[0m 4.707 ms - 27101[0m
[AUTH] Token Decoded: { id: 5, userId: '4607' }
[0mGET /api/chat/conversations [32m200[0m 4.509 ms - 27101[0m
[AUTH] Token Decoded: { id: 5, userId: '4607' }
[0mGET /api/chat/conversations [32m200[0m 4.742 ms - 27101[0m
[AUTH] Token Decoded: { id: 5, userId: '4607' }
[0mGET /api/chat/conversations [32m200[0m 5.206 ms - 27101[0m
[AUTH] Token Decoded: { id: 5, userId: '4607' }
[0mGET /api/chat/conversations [32m200[0m 4.622 ms - 27101[0m
[AUTH] Token Decoded: { id: 5, userId: '4607' }
[0mGET /api/chat/conversations [32m200[0m 4.693 ms - 27101[0m
[AUTH] Token Decoded: { id: 5, userId: '4607' }
[0mGET /api/chat/conversations [32m200[0m 5.279 ms - 27101[0m
[AUTH] Token Decoded: { id: 5, userId: '4607' }
[0mGET /api/chat/conversations [32m200[0m 4.717 ms - 27101[0m
[AUTH] Token Decoded: { id: 5, userId: '4607' }
[0mGET /api/chat/conversations [32m200[0m 4.794 ms - 27101[0m
[AUTH] Token Decoded: { id: 5, userId: '4607' }
[0mGET /api/chat/conversations [32m200[0m 4.736 ms - 27101[0m
[AUTH] Token Decoded: { id: 5, userId: '4607' }
[0mGET /api/chat/conversations [32m200[0m 4.761 ms - 27101[0m
[AUTH] Token Decoded: { id: 5, userId: '4607' }
✅ Connected to PostgreSQL database
[0mGET /api/chat/conversations [32m200[0m 35.382 ms - 27101[0m
[AUTH] Token Decoded: { id: 5, userId: '4607' }
✅ Connected to PostgreSQL database
[0mGET /api/chat/conversations [32m200[0m 51.610 ms - 27101[0m
[AUTH] Token Decoded: { id: 5, userId: '4607' }
✅ Connected to PostgreSQL database
[0mGET /api/chat/conversations [32m200[0m 71.315 ms - 27101[0m
[AUTH] Token Decoded: { id: 5, userId: '4607' }
✅ Connected to PostgreSQL database
[0mGET /api/chat/conversations [32m200[0m 67.448 ms - 27101[0m
[AUTH] Token Decoded: { id: 5, userId: '4607' }
✅ Connected to PostgreSQL database
[0mGET /api/chat/conversations [32m200[0m 49.487 ms - 27101[0m
[AUTH] Token Decoded: { id: 5, userId: '4607' }
✅ Connected to PostgreSQL database
[0mGET /api/chat/conversations [32m200[0m 58.237 ms - 27101[0m
[AUTH] Token Decoded: { id: 5, userId: '4607' }
✅ Connected to PostgreSQL database
[0mGET /api/chat/conversations [32m200[0m 51.337 ms - 27101[0m
[AUTH] Token Decoded: { id: 5, userId: '4607' }
✅ Connected to PostgreSQL database
[0mGET /api/chat/conversations [32m200[0m 48.619 ms - 27101[0m
[AUTH] Token Decoded: { id: 5, userId: '4607' }
✅ Connected to PostgreSQL database
[0mGET /api/cart [32m200[0m 40.847 ms - 18646[0m
[AUTH] Token Decoded: { id: 5, userId: '4607' }
[AUTH] Token Decoded: { id: 5, userId: '4607' }
[0mGET /api/chat/conversations [32m200[0m 13.336 ms - 27101[0m
✅ Connected to PostgreSQL database
[0mGET /api/cart [32m200[0m 42.165 ms - 18646[0m
[AUTH] Token Decoded: { id: 5, userId: '4607' }
[0mGET /api/chat/conversations [32m200[0m 11.220 ms - 27101[0m
[AUTH] Token Decoded: { id: 5, userId: '4607' }
[0mGET /api/chat/conversations [32m200[0m 4.663 ms - 27101[0m
[AUTH] Token Decoded: { id: 5, userId: '4607' }
[0mGET /api/chat/conversations [32m200[0m 4.644 ms - 27101[0m
[AUTH] Token Decoded: { id: 5, userId: '4607' }
[0mGET /api/chat/conversations [32m200[0m 4.598 ms - 27101[0m
[AUTH] Token Decoded: { id: 5, userId: '4607' }
[0mGET /api/chat/conversations [32m200[0m 4.091 ms - 27101[0m
[AUTH] Token Decoded: { id: 5, userId: '4607' }
[0mGET /api/chat/conversations [32m200[0m 4.760 ms - 27101[0m
[AUTH] Token Decoded: { id: 5, userId: '4607' }
[0mGET /api/cart [32m200[0m 3.782 ms - 18646[0m
[0mGET /api/market/16 [32m200[0m 5.314 ms - 45325[0m
[AUTH] Token Decoded: { id: 5, userId: '4607' }
[AUTH] Fetching profile for ID: 5
[DEBUG] Processing profile for goog
[0mGET /api/auth/profile [36m304[0m 20.360 ms - -[0m
[AUTH] Token Decoded: { id: 5, userId: '4607' }
[0mGET /api/chat/conversations [32m200[0m 4.404 ms - 27101[0m
[AUTH] Token Decoded: { id: 5, userId: '4607' }
[0mGET /api/chat/conversations [32m200[0m 4.648 ms - 27101[0m
[AUTH] Token Decoded: { id: 5, userId: '4607' }
[AUTH] Fetching profile for ID: 5
[DEBUG] Processing profile for goog
[0mGET /api/auth/profile [36m304[0m 9.761 ms - -[0m
✅ Connected to PostgreSQL database
[0mGET /api/market/16 [36m304[0m 54.887 ms - -[0m
[AUTH] Token Decoded: { id: 5, userId: '4607' }
[0mGET /api/chat/conversations [32m200[0m 8.210 ms - 27101[0m
[AUTH] Token Decoded: { id: 5, userId: '4607' }
[AUTH] Fetching profile for ID: 5
[DEBUG] Processing profile for goog
[0mGET /api/market/16 [36m304[0m 3.444 ms - -[0m
[0mGET /api/auth/profile [36m304[0m 16.236 ms - -[0m
[AUTH] Token Decoded: { id: 5, userId: '4607' }
[AUTH] Fetching profile for ID: 5
[DEBUG] Processing profile for goog
[0mGET /api/auth/profile [36m304[0m 8.355 ms - -[0m
[AUTH] Token Decoded: { id: 5, userId: '4607' }
[0mGET /api/chat/conversations [32m200[0m 4.559 ms - 27101[0m
[AUTH] Token Decoded: { id: 5, userId: '4607' }
[0mGET /api/chat/conversations [32m200[0m 4.899 ms - 27101[0m
[AUTH] Token Decoded: { id: 5, userId: '4607' }
[0mPOST /api/wallet/pay-order [32m200[0m 8.648 ms - 173[0m
[AUTH] Token Decoded: { id: 5, userId: '4607' }
[0mGET /api/chat/conversations [32m200[0m 3.907 ms - 27101[0m
[AUTH] Token Decoded: { id: 5, userId: '4607' }
[0mGET /api/chat/conversations [32m200[0m 4.974 ms - 27101[0m
[AUTH] Token Decoded: { id: 5, userId: '4607' }
[0mPOST /api/orders/create-bulk [32m201[0m 37.857 ms - 914[0m
[AUTH] Token Decoded: { id: 5, userId: '4607' }
[0mDELETE /api/cart [32m200[0m 6.978 ms - 103[0m
[AUTH] Token Decoded: { id: 5, userId: '4607' }
[0mGET /api/cart [32m200[0m 3.430 ms - 103[0m
[AUTH] Token Decoded: { id: 5, userId: '4607' }
[0mGET /api/cart [32m200[0m 3.347 ms - 103[0m
[AUTH] Token Decoded: { id: 5, userId: '4607' }
[0mGET /api/chat/conversations [32m200[0m 4.476 ms - 27101[0m
[AUTH] Token Decoded: { id: 5, userId: '4607' }
[0mGET /api/chat/conversations [32m200[0m 4.735 ms - 27101[0m
[AUTH] Token Decoded: { id: 5, userId: '4607' }
[0mGET /api/chat/conversations [32m200[0m 4.544 ms - 27101[0m
[AUTH] Token Decoded: { id: 5, userId: '4607' }
[AUTH] Fetching profile for ID: 5
[DEBUG] getMarketItems query: SELECT m.id, m.user_id, m.username, m.title, m.description, m.price, m.promo_price, m.category, 
                            m.sub_category, m.manual_category, m.stock, m.image_url, m.status, 
                            m.likes_count, m.comments_count, m.shares_count, m.views_count,
                            m.variants, m.shipping_info, m.commission_info,
                            m.created_at, m.product_code,
                            u.username as owner_username, u.profile_picture,
                            EXISTS(SELECT 1 FROM market_likes ml WHERE ml.market_id = m.id AND ml.user_id = $1) as user_liked
                     FROM market m 
                     INNER JOIN users u ON m.user_id = u.id 
                     WHERE 1=1 AND m.status = ANY($2) ORDER BY m.created_at DESC
[DEBUG] getMarketItems params: [ null, [ 'approved', 'active' ] ]
[DEBUG] Processing profile for goog
[0mGET /api/auth/profile [32m200[0m 14.768 ms - 1176[0m
✅ Connected to PostgreSQL database
[DEBUG] getMarketItems Result Rows: [
  { id: 21, user_id: 5, status: 'active' },
  { id: 16, user_id: 4, status: 'active' },
  { id: 15, user_id: 4, status: 'active' },
  { id: 10, user_id: 2, status: 'active' }
]
[0mGET /api/market?status=approved [32m200[0m 62.976 ms - 612036[0m
[AUTH] Token Decoded: { id: 5, userId: '4607' }
[0mGET /api/auth/user/5/following [36m304[0m 5.466 ms - -[0m
[AUTH] Token Decoded: { id: 5, userId: '4607' }
[AUTH] Token Decoded: { id: 5, userId: '4607' }
[0mGET /api/orders/buyer?status=pending%2Cprocessing%2Cshipped%2Cdelivered%2Creceived%2Creshipped%2Ccancelled%2Creturned%2Crejected [32m200[0m 32.360 ms - 2132653[0m
✅ Connected to PostgreSQL database
[0mGET /api/orders/buyer?status=processing [32m200[0m 103.799 ms - 26[0m
✅ Connected to PostgreSQL database
[0mGET /api/orders/seller?status=shipped [32m200[0m 114.663 ms - 26[0m
[AUTH] Token Decoded: { id: 5, userId: '4607' }
[0mGET /api/orders/buyer?status=pending%2Cprocessing%2Cshipped%2Cdelivered%2Creceived%2Creshipped%2Ccancelled%2Creturned%2Crejected [32m200[0m 16.775 ms - 2132653[0m
[AUTH] Token Decoded: { id: 5, userId: '4607' }
[AUTH] Token Decoded: { id: 5, userId: '4607' }
[AUTH] Token Decoded: { id: 5, userId: '4607' }
[0mGET /api/orders/seller?status=pending%2Cprocessing%2Cshipped%2Cdelivered%2Creceived%2Creshipped%2Ccancelled%2Creturned%2Crejected [32m200[0m 9.901 ms - 26[0m
✅ Connected to PostgreSQL database
[0mGET /api/orders/buyer?status=shipped [32m200[0m 146.723 ms - 26[0m
✅ Connected to PostgreSQL database
[0mGET /api/orders/seller?status=processing [32m200[0m 168.461 ms - 26[0m
[AUTH] Token Decoded: { id: 5, userId: '4607' }
[0mGET /api/chat/conversations [32m200[0m 7.674 ms - 27101[0m
[AUTH] Token Decoded: { id: 5, userId: '4607' }
[0mGET /api/chat/conversations [32m200[0m 5.273 ms - 27101[0m
[AUTH] Token Decoded: { id: 5, userId: '4607' }
[0mGET /api/chat/conversations [32m200[0m 4.788 ms - 27101[0m
[AUTH] Token Decoded: { id: 5, userId: '4607' }
[AUTH] Token Decoded: { id: 5, userId: '4607' }
[0mGET /api/cart [32m200[0m 5.671 ms - 103[0m
[0mGET /api/chat/conversations [32m200[0m 8.136 ms - 27101[0m
[AUTH] Token Decoded: { id: 5, userId: '4607' }
[AUTH] Fetching profile for ID: 5
[DEBUG] Processing profile for goog
[0mGET /api/auth/profile [36m304[0m 21.243 ms - -[0m
[AUTH] Token Decoded: { id: 5, userId: '4607' }
[0mGET /api/chat/conversations [32m200[0m 3.798 ms - 27101[0m
[AUTH] Token Decoded: { id: 5, userId: '4607' }
[AUTH] Fetching profile for ID: 5
[DEBUG] Processing profile for goog
[0mGET /api/auth/profile [36m304[0m 7.788 ms - -[0m
[AUTH] Token Decoded: { id: 5, userId: '4607' }
[0mGET /api/cart [32m200[0m 5.849 ms - 103[0m
[AUTH] Token Decoded: { id: 5, userId: '4607' }
[0mGET /api/chat/conversations [32m200[0m 4.510 ms - 27101[0m
[AUTH] Token Decoded: { id: 5, userId: '4607' }
[0mGET /api/chat/conversations [32m200[0m 4.541 ms - 27101[0m
[AUTH] Token Decoded: { id: 5, userId: '4607' }
[0mGET /api/chat/conversations [32m200[0m 4.565 ms - 27101[0m
[AUTH] Token Decoded: { id: 5, userId: '4607' }
[0mGET /api/chat/conversations [32m200[0m 4.896 ms - 27101[0m
[AUTH] Token Decoded: { id: 5, userId: '4607' }
[0mGET /api/chat/conversations [32m200[0m 4.539 ms - 27101[0m
[AUTH] Token Decoded: { id: 5, userId: '4607' }
[0mGET /api/chat/conversations [32m200[0m 4.776 ms - 27101[0m
[AUTH] Token Decoded: { id: 5, userId: '4607' }
[0mGET /api/chat/conversations [32m200[0m 4.563 ms - 27101[0m
[AUTH] Token Decoded: { id: 5, userId: '4607' }
[0mGET /api/chat/conversations [32m200[0m 5.161 ms - 27101[0m
[AUTH] Token Decoded: { id: 5, userId: '4607' }
[0mGET /api/chat/conversations [32m200[0m 4.049 ms - 27101[0m
[AUTH] Token Decoded: { id: 5, userId: '4607' }
[0mGET /api/chat/conversations [32m200[0m 4.993 ms - 27101[0m
[AUTH] Token Decoded: { id: 5, userId: '4607' }
[0mGET /api/chat/conversations [32m200[0m 4.647 ms - 27101[0m
[AUTH] Token Decoded: { id: 5, userId: '4607' }
[0mGET /api/chat/conversations [32m200[0m 4.516 ms - 27101[0m
[AUTH] Token Decoded: { id: 5, userId: '4607' }
[AUTH] Fetching profile for ID: 5
[DEBUG] Processing profile for goog
[0mGET /api/auth/profile [36m304[0m 8.364 ms - -[0m
[AUTH] Token Decoded: { id: 5, userId: '4607' }
[0mGET /api/ads/my [36m304[0m 6.239 ms - -[0m
[AUTH] Token Decoded: { id: 5, userId: '4607' }
[AUTH] Fetching profile for ID: 5
[AUTH] Token Decoded: { id: 5, userId: '4607' }
[DEBUG] Processing profile for goog
[0mGET /api/auth/profile [36m304[0m 11.814 ms - -[0m
✅ Connected to PostgreSQL database
[0mGET /api/wallet/history [32m200[0m 49.908 ms - 26357[0m
[AUTH] Token Decoded: { id: 5, userId: '4607' }
[AUTH] Fetching profile for ID: 5
[DEBUG] Processing profile for goog
[0mGET /api/auth/profile [36m304[0m 16.266 ms - -[0m
[AUTH] Token Decoded: { id: 5, userId: '4607' }
[AUTH] Fetching profile for ID: 5
[DEBUG] Processing profile for goog
[0mGET /api/auth/profile [36m304[0m 9.642 ms - -[0m
[AUTH] Token Decoded: { id: 5, userId: '4607' }
[0mGET /api/wallet/history [36m304[0m 4.839 ms - -[0m
[AUTH] Token Decoded: { id: 5, userId: '4607' }
[AUTH] Fetching profile for ID: 5
[DEBUG] Processing profile for goog
[0mGET /api/auth/profile [36m304[0m 7.766 ms - -[0m
[AUTH] Token Decoded: { id: 5, userId: '4607' }
[0mGET /api/wallet/history [36m304[0m 4.878 ms - -[0m
[AUTH] Token Decoded: { id: 5, userId: '4607' }
[AUTH] Fetching profile for ID: 5
[DEBUG] Processing profile for goog
[0mGET /api/auth/profile [36m304[0m 8.848 ms - -[0m
[AUTH] Token Decoded: { id: 5, userId: '4607' }
[0mGET /api/wallet/history [36m304[0m 4.892 ms - -[0m
[AUTH] Token Decoded: { id: 5, userId: '4607' }
[AUTH] Fetching profile for ID: 5
[DEBUG] Processing profile for goog
[0mGET /api/auth/profile [36m304[0m 8.488 ms - -[0m
[AUTH] Token Decoded: { id: 5, userId: '4607' }
[0mGET /api/chat/conversations [32m200[0m 6.220 ms - 27101[0m
[AUTH] Token Decoded: { id: 5, userId: '4607' }
[0mGET /api/ads/my [36m304[0m 9.335 ms - -[0m
[AUTH] Token Decoded: { id: 5, userId: '4607' }
[0mGET /api/wallet/history [36m304[0m 6.288 ms - -[0m
[AUTH] Token Decoded: { id: 5, userId: '4607' }
[AUTH] Fetching profile for ID: 5
[DEBUG] Processing profile for goog
[0mGET /api/auth/profile [36m304[0m 8.561 ms - -[0m
[AUTH] Token Decoded: { id: 5, userId: '4607' }
[0mGET /api/wallet/history [36m304[0m 6.060 ms - -[0m
[AUTH] Token Decoded: { id: 5, userId: '4607' }
[AUTH] Fetching profile for ID: 5
[DEBUG] Processing profile for goog
[0mGET /api/auth/profile [36m304[0m 9.545 ms - -[0m
[AUTH] Token Decoded: { id: 5, userId: '4607' }
[0mGET /api/wallet/history [36m304[0m 5.877 ms - -[0m
[AUTH] Token Decoded: { id: 5, userId: '4607' }
[AUTH] Fetching profile for ID: 5
[DEBUG] Processing profile for goog
[0mGET /api/auth/profile [36m304[0m 8.964 ms - -[0m
[AUTH] Token Decoded: { id: 5, userId: '4607' }
[0mGET /api/wallet/history [36m304[0m 6.005 ms - -[0m
[AUTH] Token Decoded: { id: 5, userId: '4607' }
[AUTH] Fetching profile for ID: 5
[DEBUG] Processing profile for goog
[0mGET /api/auth/profile [36m304[0m 8.514 ms - -[0m
[AUTH] Token Decoded: { id: 5, userId: '4607' }
[0mGET /api/wallet/history [36m304[0m 6.181 ms - -[0m
[AUTH] Token Decoded: { id: 5, userId: '4607' }
[AUTH] Fetching profile for ID: 5
[DEBUG] Processing profile for goog
[0mGET /api/auth/profile [36m304[0m 8.935 ms - -[0m
[AUTH] Token Decoded: { id: 5, userId: '4607' }
[0mGET /api/wallet/history [36m304[0m 6.390 ms - -[0m
[AUTH] Token Decoded: { id: 5, userId: '4607' }
[AUTH] Fetching profile for ID: 5
[DEBUG] Processing profile for goog
[0mGET /api/auth/profile [36m304[0m 8.893 ms - -[0m
[AUTH] Token Decoded: { id: 5, userId: '4607' }
[0mGET /api/wallet/history [36m304[0m 5.989 ms - -[0m
[AUTH] Token Decoded: { id: 5, userId: '4607' }
[0mGET /api/ads/my [36m304[0m 3.416 ms - -[0m
[AUTH] Token Decoded: { id: 5, userId: '4607' }
[AUTH] Fetching profile for ID: 5
[DEBUG] Processing profile for goog
[0mGET /api/auth/profile [36m304[0m 8.847 ms - -[0m
[AUTH] Token Decoded: { id: 5, userId: '4607' }
[0mGET /api/wallet/history [36m304[0m 6.518 ms - -[0m
[AUTH] Token Decoded: { id: 5, userId: '4607' }
[AUTH] Fetching profile for ID: 5
[DEBUG] Processing profile for goog
[0mGET /api/auth/profile [36m304[0m 8.791 ms - -[0m
[AUTH] Token Decoded: { id: 5, userId: '4607' }
[0mGET /api/wallet/history [36m304[0m 6.069 ms - -[0m
[AUTH] Token Decoded: { id: 5, userId: '4607' }
[AUTH] Fetching profile for ID: 5
[DEBUG] Processing profile for goog
[0mGET /api/auth/profile [36m304[0m 8.737 ms - -[0m
[AUTH] Token Decoded: { id: 5, userId: '4607' }
[0mGET /api/wallet/history [36m304[0m 6.129 ms - -[0m
[AUTH] Token Decoded: { id: 5, userId: '4607' }
[AUTH] Fetching profile for ID: 5
[DEBUG] Processing profile for goog
[0mGET /api/auth/profile [36m304[0m 8.742 ms - -[0m
[AUTH] Token Decoded: { id: 5, userId: '4607' }
[0mGET /api/wallet/history [36m304[0m 6.027 ms - -[0m
[AUTH] Token Decoded: { id: 5, userId: '4607' }
[AUTH] Fetching profile for ID: 5
[DEBUG] Processing profile for goog
[AUTH] Token Decoded: { id: 5, userId: '4607' }
[0mGET /api/auth/profile [36m304[0m 12.709 ms - -[0m
[0mGET /api/wallet/history [36m304[0m 8.100 ms - -[0m
[AUTH] Token Decoded: { id: 5, userId: '4607' }
[AUTH] Token Decoded: { id: 5, userId: '4607' }
[AUTH] Fetching profile for ID: 5
[0mGET /api/wallet/history [36m304[0m 8.371 ms - -[0m
[DEBUG] Processing profile for goog
[0mGET /api/auth/profile [36m304[0m 10.759 ms - -[0m
[AUTH] Token Decoded: { id: 5, userId: '4607' }
[0mGET /api/chat/conversations [32m200[0m 4.867 ms - 27101[0m
[AUTH] Token Decoded: { id: 5, userId: '4607' }
[AUTH] Token Decoded: { id: 5, userId: '4607' }
[AUTH] Token Decoded: { id: 5, userId: '4607' }
[AUTH] Fetching profile for ID: 5
[0mGET /api/wallet/history [36m304[0m 11.173 ms - -[0m
[0mGET /api/ads/my [36m304[0m 10.600 ms - -[0m
✅ Connected to PostgreSQL database
[DEBUG] Processing profile for goog
[0mGET /api/auth/profile [36m304[0m 61.896 ms - -[0m
[AUTH] Token Decoded: { id: 5, userId: '4607' }
[0mGET /api/wallet/history [36m304[0m 9.814 ms - -[0m
[AUTH] Token Decoded: { id: 5, userId: '4607' }
[AUTH] Fetching profile for ID: 5
[DEBUG] Processing profile for goog
[0mGET /api/auth/profile [36m304[0m 8.818 ms - -[0m
[AUTH] Token Decoded: { id: 5, userId: '4607' }
[0mGET /api/wallet/history [36m304[0m 5.109 ms - -[0m
[AUTH] Token Decoded: { id: 5, userId: '4607' }
[AUTH] Fetching profile for ID: 5
[DEBUG] Processing profile for goog
[0mGET /api/auth/profile [36m304[0m 8.630 ms - -[0m
[AUTH] Token Decoded: { id: 5, userId: '4607' }
[0mGET /api/wallet/history [36m304[0m 6.268 ms - -[0m
[AUTH] Token Decoded: { id: 5, userId: '4607' }
[AUTH] Fetching profile for ID: 5
[DEBUG] Processing profile for goog
[0mGET /api/auth/profile [36m304[0m 8.656 ms - -[0m
[AUTH] Token Decoded: { id: 5, userId: '4607' }
[0mGET /api/wallet/history [36m304[0m 6.059 ms - -[0m
[AUTH] Token Decoded: { id: 5, userId: '4607' }
[AUTH] Fetching profile for ID: 5
[DEBUG] Processing profile for goog
[0mGET /api/auth/profile [36m304[0m 8.761 ms - -[0m
[AUTH] Token Decoded: { id: 5, userId: '4607' }
[0mGET /api/wallet/history [36m304[0m 6.343 ms - -[0m
[AUTH] Token Decoded: { id: 5, userId: '4607' }
[AUTH] Fetching profile for ID: 5
[DEBUG] Processing profile for goog
[0mGET /api/auth/profile [36m304[0m 8.282 ms - -[0m
[AUTH] Token Decoded: { id: 5, userId: '4607' }
[AUTH] Token Decoded: { id: 5, userId: '4607' }
[0mGET /api/wallet/history [36m304[0m 6.618 ms - -[0m
[0mGET /api/ads/my [36m304[0m 6.050 ms - -[0m
[AUTH] Token Decoded: { id: 5, userId: '4607' }
[AUTH] Token Decoded: { id: 5, userId: '4607' }
[AUTH] Fetching profile for ID: 5
[0mGET /api/wallet/history [36m304[0m 8.766 ms - -[0m
[DEBUG] Processing profile for goog
[0mGET /api/auth/profile [36m304[0m 11.775 ms - -[0m
[AUTH] Token Decoded: { id: 5, userId: '4607' }
[AUTH] Token Decoded: { id: 5, userId: '4607' }
[AUTH] Fetching profile for ID: 5
[0mGET /api/wallet/history [36m304[0m 8.416 ms - -[0m
[DEBUG] Processing profile for goog
[0mGET /api/auth/profile [36m304[0m 11.556 ms - -[0m
[AUTH] Token Decoded: { id: 5, userId: '4607' }
[AUTH] Token Decoded: { id: 5, userId: '4607' }
[AUTH] Fetching profile for ID: 5
[0mGET /api/wallet/history [36m304[0m 8.167 ms - -[0m
[DEBUG] Processing profile for goog
[0mGET /api/auth/profile [36m304[0m 11.153 ms - -[0m
[AUTH] Token Decoded: { id: 5, userId: '4607' }
[0mGET /api/wallet/history [36m304[0m 6.479 ms - -[0m
[AUTH] Token Decoded: { id: 5, userId: '4607' }
[AUTH] Fetching profile for ID: 5
[DEBUG] Processing profile for goog
[0mGET /api/auth/profile [36m304[0m 9.191 ms - -[0m
[AUTH] Token Decoded: { id: 5, userId: '4607' }
[AUTH] Fetching profile for ID: 5
[AUTH] Token Decoded: { id: 5, userId: '4607' }
[DEBUG] Processing profile for goog
[0mGET /api/wallet/history [36m304[0m 6.029 ms - -[0m
[0mGET /api/auth/profile [36m304[0m 14.885 ms - -[0m
[AUTH] Token Decoded: { id: 5, userId: '4607' }
[AUTH] Fetching profile for ID: 5
[AUTH] Token Decoded: { id: 5, userId: '4607' }
[AUTH] Token Decoded: { id: 5, userId: '4607' }
[AUTH] Token Decoded: { id: 5, userId: '4607' }
[DEBUG] Processing profile for goog
[0mGET /api/ads/my [36m304[0m 10.452 ms - -[0m
[0mGET /api/chat/conversations [32m200[0m 10.009 ms - 27101[0m
[0mGET /api/auth/profile [36m304[0m 22.012 ms - -[0m
✅ Connected to PostgreSQL database
[0mGET /api/wallet/history [36m304[0m 55.177 ms - -[0m
[AUTH] Token Decoded: { id: 5, userId: '4607' }
[AUTH] Fetching profile for ID: 5
[DEBUG] Processing profile for goog
[0mGET /api/auth/profile [36m304[0m 14.553 ms - -[0m
[AUTH] Token Decoded: { id: 5, userId: '4607' }
[0mGET /api/wallet/history [36m304[0m 5.960 ms - -[0m
[AUTH] Token Decoded: { id: 5, userId: '4607' }
[AUTH] Fetching profile for ID: 5
[DEBUG] Processing profile for goog
[0mGET /api/auth/profile [36m304[0m 9.565 ms - -[0m
[AUTH] Token Decoded: { id: 5, userId: '4607' }
[0mGET /api/wallet/history [36m304[0m 6.139 ms - -[0m
[AUTH] Token Decoded: { id: 5, userId: '4607' }
[AUTH] Fetching profile for ID: 5
[DEBUG] Processing profile for goog
[0mGET /api/auth/profile [36m304[0m 9.194 ms - -[0m
[AUTH] Token Decoded: { id: 5, userId: '4607' }
[0mGET /api/wallet/history [36m304[0m 6.163 ms - -[0m
[AUTH] Token Decoded: { id: 5, userId: '4607' }
[AUTH] Fetching profile for ID: 5
[DEBUG] Processing profile for goog
[0mGET /api/auth/profile [36m304[0m 8.899 ms - -[0m
[AUTH] Token Decoded: { id: 5, userId: '4607' }
[0mGET /api/wallet/history [36m304[0m 5.884 ms - -[0m
[AUTH] Token Decoded: { id: 5, userId: '4607' }
[AUTH] Fetching profile for ID: 5
[DEBUG] Processing profile for goog
[0mGET /api/auth/profile [36m304[0m 8.610 ms - -[0m
[AUTH] Token Decoded: { id: 5, userId: '4607' }
[0mGET /api/ads/my [36m304[0m 6.429 ms - -[0m
[AUTH] Token Decoded: { id: 5, userId: '4607' }
[0mGET /api/wallet/history [36m304[0m 6.131 ms - -[0m
[AUTH] Token Decoded: { id: 5, userId: '4607' }
[AUTH] Fetching profile for ID: 5
[DEBUG] Processing profile for goog
[0mGET /api/auth/profile [36m304[0m 9.029 ms - -[0m
[AUTH] Token Decoded: { id: 5, userId: '4607' }
[0mGET /api/wallet/history [36m304[0m 5.982 ms - -[0m
[AUTH] Token Decoded: { id: 5, userId: '4607' }
[AUTH] Fetching profile for ID: 5
[DEBUG] Processing profile for goog
[0mGET /api/auth/profile [36m304[0m 9.365 ms - -[0m
[AUTH] Token Decoded: { id: 5, userId: '4607' }
[0mGET /api/wallet/history [36m304[0m 6.054 ms - -[0m
[AUTH] Token Decoded: { id: 5, userId: '4607' }
[AUTH] Fetching profile for ID: 5
[DEBUG] Processing profile for goog
[AUTH] Token Decoded: { id: 5, userId: '4607' }
[0mGET /api/auth/profile [36m304[0m 11.806 ms - -[0m
[0mGET /api/wallet/history [36m304[0m 7.022 ms - -[0m
[AUTH] Token Decoded: { id: 5, userId: '4607' }
[AUTH] Token Decoded: { id: 5, userId: '4607' }
[AUTH] Fetching profile for ID: 5
[0mGET /api/wallet/history [36m304[0m 8.412 ms - -[0m
[DEBUG] Processing profile for goog
[0mGET /api/auth/profile [36m304[0m 11.317 ms - -[0m
[AUTH] Token Decoded: { id: 5, userId: '4607' }
[0mGET /api/wallet/history [36m304[0m 6.039 ms - -[0m
[AUTH] Token Decoded: { id: 5, userId: '4607' }
[AUTH] Fetching profile for ID: 5
[DEBUG] Processing profile for goog
[0mGET /api/auth/profile [36m304[0m 9.149 ms - -[0m
[AUTH] Token Decoded: { id: 5, userId: '4607' }
[0mGET /api/chat/conversations [32m200[0m 7.517 ms - 27101[0m
[AUTH] Token Decoded: { id: 5, userId: '4607' }
[0mGET /api/ads/my [36m304[0m 3.453 ms - -[0m
[AUTH] Token Decoded: { id: 5, userId: '4607' }
[0mGET /api/wallet/history [36m304[0m 9.801 ms - -[0m
[AUTH] Token Decoded: { id: 5, userId: '4607' }
[AUTH] Fetching profile for ID: 5
[DEBUG] Processing profile for goog
[0mGET /api/auth/profile [36m304[0m 8.780 ms - -[0m
[AUTH] Token Decoded: { id: 5, userId: '4607' }
[0mGET /api/wallet/history [36m304[0m 5.970 ms - -[0m
[AUTH] Token Decoded: { id: 5, userId: '4607' }
[AUTH] Fetching profile for ID: 5
[DEBUG] Processing profile for goog
[0mGET /api/auth/profile [36m304[0m 8.176 ms - -[0m
[AUTH] Token Decoded: { id: 5, userId: '4607' }
[AUTH] Fetching profile for ID: 5
[AUTH] Token Decoded: { id: 5, userId: '4607' }
[DEBUG] Processing profile for goog
[0mGET /api/wallet/history [36m304[0m 5.765 ms - -[0m
[0mGET /api/auth/profile [36m304[0m 14.268 ms - -[0m
[AUTH] Token Decoded: { id: 5, userId: '4607' }
[0mGET /api/wallet/history [36m304[0m 5.917 ms - -[0m
[AUTH] Token Decoded: { id: 5, userId: '4607' }
[AUTH] Fetching profile for ID: 5
[DEBUG] Processing profile for goog
[0mGET /api/auth/profile [36m304[0m 7.807 ms - -[0m
[AUTH] Token Decoded: { id: 5, userId: '4607' }
[0mGET /api/wallet/history [36m304[0m 4.870 ms - -[0m
[AUTH] Token Decoded: { id: 5, userId: '4607' }
[AUTH] Fetching profile for ID: 5
[DEBUG] Processing profile for goog
[0mGET /api/auth/profile [36m304[0m 8.064 ms - -[0m
[AUTH] Token Decoded: { id: 5, userId: '4607' }
[0mGET /api/wallet/history [36m304[0m 6.204 ms - -[0m
[AUTH] Token Decoded: { id: 5, userId: '4607' }
[AUTH] Fetching profile for ID: 5
[DEBUG] Processing profile for goog
[0mGET /api/auth/profile [36m304[0m 8.913 ms - -[0m
[AUTH] Token Decoded: { id: 5, userId: '4607' }
[0mGET /api/ads/my [36m304[0m 3.360 ms - -[0m
[AUTH] Token Decoded: { id: 5, userId: '4607' }
[AUTH] Token Decoded: { id: 5, userId: '4607' }
[AUTH] Fetching profile for ID: 5
[0mGET /api/wallet/history [36m304[0m 7.991 ms - -[0m
[DEBUG] Processing profile for goog
[0mGET /api/auth/profile [36m304[0m 11.619 ms - -[0m
[AUTH] Token Decoded: { id: 5, userId: '4607' }
[AUTH] Fetching profile for ID: 5
[AUTH] Token Decoded: { id: 5, userId: '4607' }
[DEBUG] Processing profile for goog
[0mGET /api/wallet/history [36m304[0m 6.059 ms - -[0m
[0mGET /api/auth/profile [36m304[0m 14.790 ms - -[0m
[AUTH] Token Decoded: { id: 5, userId: '4607' }
[0mGET /api/wallet/history [36m304[0m 6.060 ms - -[0m
[AUTH] Token Decoded: { id: 5, userId: '4607' }
[AUTH] Fetching profile for ID: 5
[DEBUG] Processing profile for goog
[0mGET /api/auth/profile [36m304[0m 8.642 ms - -[0m
[AUTH] Token Decoded: { id: 5, userId: '4607' }
[AUTH] Token Decoded: { id: 5, userId: '4607' }
[AUTH] Fetching profile for ID: 5
[0mGET /api/wallet/history [36m304[0m 8.517 ms - -[0m
[DEBUG] Processing profile for goog
[0mGET /api/auth/profile [36m304[0m 11.512 ms - -[0m
[AUTH] Token Decoded: { id: 5, userId: '4607' }
[AUTH] Token Decoded: { id: 5, userId: '4607' }
[AUTH] Fetching profile for ID: 5
[0mGET /api/wallet/history [36m304[0m 8.277 ms - -[0m
[DEBUG] Processing profile for goog
[0mGET /api/auth/profile [36m304[0m 11.442 ms - -[0m
[AUTH] Token Decoded: { id: 5, userId: '4607' }
[AUTH] Fetching profile for ID: 5
[DEBUG] Processing profile for goog
[0mGET /api/auth/profile [36m304[0m 8.216 ms - -[0m
[AUTH] Token Decoded: { id: 5, userId: '4607' }
[0mGET /api/wallet/history [36m304[0m 5.736 ms - -[0m
[AUTH] Token Decoded: { id: 5, userId: '4607' }
[AUTH] Token Decoded: { id: 5, userId: '4607' }
[0mGET /api/chat/conversations [32m200[0m 8.226 ms - 27101[0m
[0mGET /api/wallet/history [36m304[0m 8.570 ms - -[0m
[AUTH] Token Decoded: { id: 5, userId: '4607' }
[AUTH] Fetching profile for ID: 5
[AUTH] Token Decoded: { id: 5, userId: '4607' }
[DEBUG] Processing profile for goog
[0mGET /api/ads/my [36m304[0m 5.605 ms - -[0m
[0mGET /api/auth/profile [36m304[0m 14.177 ms - -[0m
[AUTH] Token Decoded: { id: 5, userId: '4607' }
[0mGET /api/wallet/history [36m304[0m 6.061 ms - -[0m
[AUTH] Token Decoded: { id: 5, userId: '4607' }
[AUTH] Fetching profile for ID: 5
[DEBUG] Processing profile for goog
[0mGET /api/auth/profile [36m304[0m 9.005 ms - -[0m
[AUTH] Token Decoded: { id: 5, userId: '4607' }
[AUTH] Token Decoded: { id: 5, userId: '4607' }
[AUTH] Fetching profile for ID: 5
[0mGET /api/wallet/history [36m304[0m 8.173 ms - -[0m
[DEBUG] Processing profile for goog
[0mGET /api/auth/profile [36m304[0m 11.234 ms - -[0m
[AUTH] Token Decoded: { id: 5, userId: '4607' }
[0mGET /api/wallet/history [36m304[0m 4.866 ms - -[0m
[AUTH] Token Decoded: { id: 5, userId: '4607' }
[AUTH] Fetching profile for ID: 5
[DEBUG] Processing profile for goog
[0mGET /api/auth/profile [36m304[0m 8.167 ms - -[0m
[AUTH] Token Decoded: { id: 5, userId: '4607' }
[0mGET /api/wallet/history [36m304[0m 6.126 ms - -[0m
[AUTH] Token Decoded: { id: 5, userId: '4607' }
[AUTH] Fetching profile for ID: 5
[DEBUG] Processing profile for goog
[0mGET /api/auth/profile [36m304[0m 9.443 ms - -[0m
[AUTH] Token Decoded: { id: 5, userId: '4607' }
[AUTH] Token Decoded: { id: 5, userId: '4607' }
[AUTH] Fetching profile for ID: 5
[0mGET /api/wallet/history [36m304[0m 9.077 ms - -[0m
[DEBUG] Processing profile for goog
[0mGET /api/auth/profile [36m304[0m 11.047 ms - -[0m
[AUTH] Token Decoded: { id: 5, userId: '4607' }
[0mGET /api/ads/my [36m304[0m 3.430 ms - -[0m
[AUTH] Token Decoded: { id: 5, userId: '4607' }
[0mGET /api/wallet/history [36m304[0m 5.797 ms - -[0m
[AUTH] Token Decoded: { id: 5, userId: '4607' }
[AUTH] Fetching profile for ID: 5
[DEBUG] Processing profile for goog
[0mGET /api/auth/profile [36m304[0m 9.041 ms - -[0m
[AUTH] Token Decoded: { id: 5, userId: '4607' }
[AUTH] Token Decoded: { id: 5, userId: '4607' }
[AUTH] Fetching profile for ID: 5
[0mGET /api/wallet/history [36m304[0m 8.236 ms - -[0m
[DEBUG] Processing profile for goog
[0mGET /api/auth/profile [36m304[0m 10.877 ms - -[0m
[AUTH] Token Decoded: { id: 5, userId: '4607' }
[AUTH] Fetching profile for ID: 5
[AUTH] Token Decoded: { id: 5, userId: '4607' }
[DEBUG] Processing profile for goog
[0mGET /api/wallet/history [36m304[0m 5.663 ms - -[0m
[0mGET /api/auth/profile [36m304[0m 14.377 ms - -[0m
[AUTH] Token Decoded: { id: 5, userId: '4607' }
[AUTH] Token Decoded: { id: 5, userId: '4607' }
[AUTH] Fetching profile for ID: 5
[0mGET /api/wallet/history [36m304[0m 8.230 ms - -[0m
[DEBUG] Processing profile for goog
[0mGET /api/auth/profile [36m304[0m 11.216 ms - -[0m
[AUTH] Token Decoded: { id: 5, userId: '4607' }
[0mGET /api/wallet/history [36m304[0m 6.264 ms - -[0m
[AUTH] Token Decoded: { id: 5, userId: '4607' }
[AUTH] Fetching profile for ID: 5
[DEBUG] Processing profile for goog
[0mGET /api/auth/profile [36m304[0m 8.784 ms - -[0m
[AUTH] Token Decoded: { id: 5, userId: '4607' }
[0mGET /api/wallet/history [36m304[0m 6.076 ms - -[0m
[AUTH] Token Decoded: { id: 5, userId: '4607' }
[AUTH] Fetching profile for ID: 5
[DEBUG] Processing profile for goog
[0mGET /api/auth/profile [36m304[0m 8.245 ms - -[0m
[AUTH] Token Decoded: { id: 5, userId: '4607' }
[0mGET /api/chat/conversations [32m200[0m 4.437 ms - 27101[0m
[AUTH] Token Decoded: { id: 5, userId: '4607' }
[0mGET /api/wallet/history [36m304[0m 6.040 ms - -[0m
[AUTH] Token Decoded: { id: 5, userId: '4607' }
[AUTH] Fetching profile for ID: 5
[AUTH] Token Decoded: { id: 5, userId: '4607' }
[DEBUG] Processing profile for goog
[0mGET /api/ads/my [36m304[0m 5.075 ms - -[0m
[0mGET /api/auth/profile [36m304[0m 13.586 ms - -[0m
[AUTH] Token Decoded: { id: 5, userId: '4607' }
[0mGET /api/wallet/history [36m304[0m 6.190 ms - -[0m
[AUTH] Token Decoded: { id: 5, userId: '4607' }
[AUTH] Fetching profile for ID: 5
[DEBUG] Processing profile for goog
[0mGET /api/auth/profile [36m304[0m 8.127 ms - -[0m
[AUTH] Token Decoded: { id: 5, userId: '4607' }
[AUTH] Fetching profile for ID: 5
[DEBUG] Processing profile for goog
[AUTH] Token Decoded: { id: 5, userId: '4607' }
[0mGET /api/auth/profile [36m304[0m 11.532 ms - -[0m
[0mGET /api/wallet/history [36m304[0m 6.903 ms - -[0m
[AUTH] Token Decoded: { id: 5, userId: '4607' }
[0mGET /api/wallet/history [36m304[0m 6.008 ms - -[0m
[AUTH] Token Decoded: { id: 5, userId: '4607' }
[AUTH] Fetching profile for ID: 5
[DEBUG] Processing profile for goog
[0mGET /api/auth/profile [36m304[0m 9.298 ms - -[0m
[AUTH] Token Decoded: { id: 5, userId: '4607' }
[AUTH] Token Decoded: { id: 5, userId: '4607' }
[AUTH] Fetching profile for ID: 5
[0mGET /api/wallet/history [36m304[0m 8.441 ms - -[0m
[DEBUG] Processing profile for goog
[0mGET /api/auth/profile [36m304[0m 11.163 ms - -[0m
[AUTH] Token Decoded: { id: 5, userId: '4607' }
[AUTH] Token Decoded: { id: 5, userId: '4607' }
[AUTH] Fetching profile for ID: 5
[0mGET /api/wallet/history [36m304[0m 9.034 ms - -[0m
[DEBUG] Processing profile for goog
[0mGET /api/auth/profile [36m304[0m 11.193 ms - -[0m
[AUTH] Token Decoded: { id: 5, userId: '4607' }
[0mGET /api/wallet/history [36m304[0m 6.138 ms - -[0m
[AUTH] Token Decoded: { id: 5, userId: '4607' }
[AUTH] Fetching profile for ID: 5
[DEBUG] Processing profile for goog
[0mGET /api/auth/profile [36m304[0m 8.989 ms - -[0m
[AUTH] Token Decoded: { id: 5, userId: '4607' }
[0mGET /api/ads/my [36m304[0m 3.373 ms - -[0m
[AUTH] Token Decoded: { id: 5, userId: '4607' }
[AUTH] Token Decoded: { id: 5, userId: '4607' }
[AUTH] Fetching profile for ID: 5
[0mGET /api/wallet/history [36m304[0m 8.328 ms - -[0m
[DEBUG] Processing profile for goog
[0mGET /api/auth/profile [36m304[0m 11.457 ms - -[0m
[AUTH] Token Decoded: { id: 5, userId: '4607' }
[AUTH] Token Decoded: { id: 5, userId: '4607' }
[AUTH] Fetching profile for ID: 5
[0mGET /api/wallet/history [36m304[0m 8.373 ms - -[0m
[DEBUG] Processing profile for goog
[0mGET /api/auth/profile [36m304[0m 11.395 ms - -[0m
[AUTH] Token Decoded: { id: 5, userId: '4607' }
[AUTH] Fetching profile for ID: 5
[AUTH] Token Decoded: { id: 5, userId: '4607' }
[DEBUG] Processing profile for goog
[0mGET /api/wallet/history [36m304[0m 5.898 ms - -[0m
[0mGET /api/auth/profile [36m304[0m 14.291 ms - -[0m
[AUTH] Token Decoded: { id: 5, userId: '4607' }
[AUTH] Token Decoded: { id: 5, userId: '4607' }
[AUTH] Fetching profile for ID: 5
[0mGET /api/wallet/history [36m304[0m 7.805 ms - -[0m
[DEBUG] Processing profile for goog
[0mGET /api/auth/profile [36m304[0m 10.590 ms - -[0m
[AUTH] Token Decoded: { id: 5, userId: '4607' }
[AUTH] Token Decoded: { id: 5, userId: '4607' }
[AUTH] Fetching profile for ID: 5
[0mGET /api/wallet/history [36m304[0m 7.685 ms - -[0m
[DEBUG] Processing profile for goog
[0mGET /api/auth/profile [36m304[0m 10.356 ms - -[0m
[AUTH] Token Decoded: { id: 5, userId: '4607' }
[AUTH] Fetching profile for ID: 5
[AUTH] Token Decoded: { id: 5, userId: '4607' }
[DEBUG] Processing profile for goog
[0mGET /api/wallet/history [36m304[0m 5.082 ms - -[0m
[0mGET /api/auth/profile [36m304[0m 12.825 ms - -[0m
[AUTH] Token Decoded: { id: 5, userId: '4607' }
[0mGET /api/chat/conversations [32m200[0m 4.048 ms - 27101[0m
[AUTH] Token Decoded: { id: 5, userId: '4607' }
[0mGET /api/ads/my [36m304[0m 3.182 ms - -[0m
[AUTH] Token Decoded: { id: 5, userId: '4607' }
[AUTH] Token Decoded: { id: 5, userId: '4607' }
[AUTH] Fetching profile for ID: 5
[0mGET /api/wallet/history [36m304[0m 7.785 ms - -[0m
[DEBUG] Processing profile for goog
[0mGET /api/auth/profile [36m304[0m 10.161 ms - -[0m
[AUTH] Token Decoded: { id: 5, userId: '4607' }
[AUTH] Token Decoded: { id: 5, userId: '4607' }
[AUTH] Fetching profile for ID: 5
[0mGET /api/wallet/history [36m304[0m 8.900 ms - -[0m
[DEBUG] Processing profile for goog
[0mGET /api/auth/profile [36m304[0m 11.094 ms - -[0m
[AUTH] Token Decoded: { id: 5, userId: '4607' }
[AUTH] Token Decoded: { id: 5, userId: '4607' }
[0mGET /api/cart [32m200[0m 7.446 ms - 103[0m
[0mGET /api/wallet/history [36m304[0m 5.847 ms - -[0m
[AUTH] Token Decoded: { id: 5, userId: '4607' }
[AUTH] Fetching profile for ID: 5
[AUTH] Token Decoded: { id: 5, userId: '4607' }
[DEBUG] Processing profile for goog
[0mGET /api/ads/my [36m304[0m 4.773 ms - -[0m
[0mGET /api/auth/profile [36m304[0m 13.274 ms - -[0m
[AUTH] Token Decoded: { id: 5, userId: '4607' }
[AUTH] Fetching profile for ID: 5
[AUTH] Token Decoded: { id: 5, userId: '4607' }
[DEBUG] Processing profile for goog
[0mGET /api/wallet/history [36m304[0m 5.528 ms - -[0m
[0mGET /api/auth/profile [36m304[0m 14.473 ms - -[0m
[AUTH] Token Decoded: { id: 5, userId: '4607' }
[AUTH] Fetching profile for ID: 5
[DEBUG] Processing profile for goog
[0mGET /api/auth/profile [36m304[0m 8.476 ms - -[0m
[AUTH] Token Decoded: { id: 5, userId: '4607' }
[0mGET /api/wallet/history [36m304[0m 5.911 ms - -[0m
[AUTH] Token Decoded: { id: 5, userId: '4607' }
[AUTH] Fetching profile for ID: 5
[DEBUG] Processing profile for goog
[0mGET /api/auth/profile [36m304[0m 8.868 ms - -[0m
[AUTH] Token Decoded: { id: 5, userId: '4607' }
[0mGET /api/wallet/history [36m304[0m 6.107 ms - -[0m
[AUTH] Token Decoded: { id: 5, userId: '4607' }
[0mGET /api/auth/wallet [36m304[0m 5.429 ms - -[0m
[AUTH] Token Decoded: { id: 5, userId: '4607' }
[0mGET /api/wallet/history [36m304[0m 5.909 ms - -[0m
[AUTH] Token Decoded: { id: 5, userId: '4607' }
[0mGET /api/wallet/pending-requests [36m304[0m 3.705 ms - -[0m
[AUTH] Token Decoded: { id: 5, userId: '4607' }
[0mGET /api/chat/conversations [32m200[0m 4.506 ms - 27101[0m
[AUTH] Token Decoded: { id: 5, userId: '4607' }
[0mGET /api/chat/conversations [32m200[0m 4.583 ms - 27101[0m
[AUTH] Token Decoded: { id: 5, userId: '4607' }
[0mGET /api/chat/conversations [32m200[0m 4.559 ms - 27101[0m
[AUTH] Token Decoded: { id: 5, userId: '4607' }
[0mGET /api/chat/conversations [32m200[0m 4.197 ms - 27101[0m
[AUTH] Token Decoded: { id: 5, userId: '4607' }
[0mGET /api/chat/conversations [32m200[0m 4.585 ms - 27101[0m
[AUTH] Token Decoded: { id: 5, userId: '4607' }
[0mGET /api/chat/conversations [32m200[0m 4.542 ms - 27101[0m
[AUTH] Token Decoded: { id: 5, userId: '4607' }
[0mGET /api/chat/conversations [32m200[0m 4.707 ms - 27101[0m
[AUTH] Token Decoded: { id: 5, userId: '4607' }
[0mGET /api/chat/conversations [32m200[0m 4.666 ms - 27101[0m
[AUTH] Token Decoded: { id: 5, userId: '4607' }
[0mGET /api/chat/conversations [32m200[0m 4.833 ms - 27101[0m
[AUTH] Token Decoded: { id: 5, userId: '4607' }
[0mGET /api/chat/conversations [32m200[0m 4.017 ms - 27101[0m
[AUTH] Token Decoded: { id: 5, userId: '4607' }
[0mGET /api/chat/conversations [32m200[0m 4.649 ms - 27101[0m
[AUTH] Token Decoded: { id: 5, userId: '4607' }
[0mGET /api/chat/conversations [32m200[0m 4.108 ms - 27101[0m
[AUTH] Token Decoded: { id: 5, userId: '4607' }
[0mGET /api/chat/conversations [32m200[0m 4.644 ms - 27101[0m
[AUTH] Token Decoded: { id: 5, userId: '4607' }
[0mGET /api/chat/conversations [32m200[0m 4.598 ms - 27101[0m
[AUTH] Token Decoded: { id: 5, userId: '4607' }
[0mGET /api/chat/conversations [32m200[0m 4.601 ms - 27101[0m
[AUTH] Token Decoded: { id: 5, userId: '4607' }
[AUTH] Fetching profile for ID: 5
[DEBUG] getMarketItems query: SELECT m.id, m.user_id, m.username, m.title, m.description, m.price, m.promo_price, m.category, 
                            m.sub_category, m.manual_category, m.stock, m.image_url, m.status, 
                            m.likes_count, m.comments_count, m.shares_count, m.views_count,
                            m.variants, m.shipping_info, m.commission_info,
                            m.created_at, m.product_code,
                            u.username as owner_username, u.profile_picture,
                            EXISTS(SELECT 1 FROM market_likes ml WHERE ml.market_id = m.id AND ml.user_id = $1) as user_liked
                     FROM market m 
                     INNER JOIN users u ON m.user_id = u.id 
                     WHERE 1=1 AND m.status = ANY($2) ORDER BY m.created_at DESC
[DEBUG] getMarketItems params: [ null, [ 'approved', 'active' ] ]
[DEBUG] Processing profile for goog
[0mGET /api/auth/profile [36m304[0m 13.727 ms - -[0m
✅ Connected to PostgreSQL database
[DEBUG] getMarketItems Result Rows: [
  { id: 21, user_id: 5, status: 'active' },
  { id: 16, user_id: 4, status: 'active' },
  { id: 15, user_id: 4, status: 'active' },
  { id: 10, user_id: 2, status: 'active' }
]
[0mGET /api/market?status=approved [36m304[0m 67.232 ms - -[0m
[0mGET /api/auth/user/5/following [36m304[0m 3.443 ms - -[0m
[AUTH] Token Decoded: { id: 5, userId: '4607' }
[AUTH] Token Decoded: { id: 5, userId: '4607' }
[AUTH] Token Decoded: { id: 5, userId: '4607' }
[AUTH] Token Decoded: { id: 5, userId: '4607' }
[AUTH] Token Decoded: { id: 5, userId: '4607' }
[AUTH] Token Decoded: { id: 5, userId: '4607' }
✅ Connected to PostgreSQL database
✅ Connected to PostgreSQL database
✅ Connected to PostgreSQL database
✅ Connected to PostgreSQL database
[0mGET /api/orders/buyer?status=processing [32m200[0m 162.657 ms - 26[0m
[0mGET /api/orders/seller?status=pending%2Cprocessing%2Cshipped%2Cdelivered%2Creceived%2Creshipped%2Ccancelled%2Creturned%2Crejected [32m200[0m 159.023 ms - 26[0m
✅ Connected to PostgreSQL database
✅ Connected to PostgreSQL database
[0mGET /api/orders/buyer?status=shipped [32m200[0m 185.311 ms - 26[0m
[0mGET /api/orders/seller?status=processing [32m200[0m 189.392 ms - 26[0m
✅ Connected to PostgreSQL database
✅ Connected to PostgreSQL database
[0mGET /api/orders/buyer?status=pending%2Cprocessing%2Cshipped%2Cdelivered%2Creceived%2Creshipped%2Ccancelled%2Creturned%2Crejected [32m200[0m 265.856 ms - 2132653[0m
[DEBUG] getMarketItems query: SELECT m.id, m.user_id, m.username, m.title, m.description, m.price, m.promo_price, m.category, 
                            m.sub_category, m.manual_category, m.stock, m.image_url, m.status, 
                            m.likes_count, m.comments_count, m.shares_count, m.views_count,
                            m.variants, m.shipping_info, m.commission_info,
                            m.created_at, m.product_code,
                            u.username as owner_username, u.profile_picture,
                            EXISTS(SELECT 1 FROM market_likes ml WHERE ml.market_id = m.id AND ml.user_id = $1) as user_liked
                     FROM market m 
                     INNER JOIN users u ON m.user_id = u.id 
                     WHERE 1=1 AND m.status = ANY($2) ORDER BY m.created_at DESC
[DEBUG] getMarketItems params: [ null, [ 'approved', 'active' ] ]
[0mGET /api/orders/seller?status=shipped [32m200[0m 254.842 ms - 26[0m
[DEBUG] getMarketItems Result Rows: [
  { id: 21, user_id: 5, status: 'active' },
  { id: 16, user_id: 4, status: 'active' },
  { id: 15, user_id: 4, status: 'active' },
  { id: 10, user_id: 2, status: 'active' }
]
[0mGET /api/market?status=approved [36m304[0m 14.539 ms - -[0m
[AUTH] Token Decoded: { id: 5, userId: '4607' }
[0mGET /api/chat/conversations [32m200[0m 4.098 ms - 27101[0m
[AUTH] Token Decoded: { id: 5, userId: '4607' }
[0mGET /api/orders/buyer?status=pending%2Cprocessing%2Cshipped%2Cdelivered%2Creceived%2Creshipped%2Ccancelled%2Creturned%2Crejected [32m200[0m 17.390 ms - 2132653[0m
[AUTH] Token Decoded: { id: 5, userId: '4607' }
[0mGET /api/chat/conversations [32m200[0m 4.885 ms - 27101[0m
[AUTH] Token Decoded: { id: 5, userId: '4607' }
[0mGET /api/chat/conversations [32m200[0m 4.652 ms - 27101[0m
[AUTH] Token Decoded: { id: 5, userId: '4607' }
[0mGET /api/chat/conversations [32m200[0m 4.648 ms - 27101[0m
[AUTH] Token Decoded: { id: 5, userId: '4607' }
[0mPUT /api/orders/162/status [32m200[0m 12.949 ms - 914[0m
[AUTH] Token Decoded: { id: 5, userId: '4607' }
[AUTH] Token Decoded: { id: 5, userId: '4607' }
[AUTH] Token Decoded: { id: 5, userId: '4607' }
[AUTH] Token Decoded: { id: 5, userId: '4607' }
[0mGET /api/orders/buyer?status=pending%2Cprocessing%2Cshipped%2Cdelivered%2Creceived%2Creshipped%2Ccancelled%2Creturned%2Crejected [32m200[0m 28.676 ms - 2132655[0m
[0mGET /api/orders/buyer?status=pending%2Cprocessing%2Cshipped%2Cdelivered%2Creceived%2Creshipped%2Ccancelled%2Creturned%2Crejected [32m200[0m 36.827 ms - 2132655[0m
[0mGET /api/orders/buyer?status=processing [32m200[0m 43.477 ms - 26[0m
[0mGET /api/orders/seller?status=pending%2Cprocessing%2Cshipped%2Cdelivered%2Creceived%2Creshipped%2Ccancelled%2Creturned%2Crejected [32m200[0m 40.054 ms - 26[0m
[AUTH] Token Decoded: { id: 5, userId: '4607' }
[AUTH] Token Decoded: { id: 5, userId: '4607' }
[0mGET /api/orders/seller?status=processing [32m200[0m 6.867 ms - 26[0m
[AUTH] Token Decoded: { id: 5, userId: '4607' }
[0mGET /api/orders/buyer?status=shipped [32m200[0m 8.843 ms - 26[0m
[0mGET /api/orders/seller?status=shipped [32m200[0m 5.983 ms - 26[0m
[AUTH] Token Decoded: { id: 5, userId: '4607' }
[0mGET /api/chat/conversations [32m200[0m 11.407 ms - 27101[0m
[AUTH] Token Decoded: { id: 5, userId: '4607' }
[0mGET /api/chat/conversations [32m200[0m 4.566 ms - 27101[0m
[AUTH] Token Decoded: { id: 5, userId: '4607' }
[0mGET /api/chat/conversations [32m200[0m 4.643 ms - 27101[0m
[AUTH] Token Decoded: { id: 5, userId: '4607' }
[AUTH] Token Decoded: { id: 5, userId: '4607' }
[AUTH] Fetching profile for ID: 5
[0mGET /api/ads/my [36m304[0m 8.247 ms - -[0m
[DEBUG] Processing profile for goog
[0mGET /api/auth/profile [32m200[0m 18.647 ms - 1176[0m
[AUTH] Token Decoded: { id: 5, userId: '4607' }
[0mGET /api/chat/conversations [32m200[0m 5.708 ms - 27101[0m
[AUTH] Token Decoded: { id: 5, userId: '4607' }
[AUTH] Token Decoded: { id: 5, userId: '4607' }
[AUTH] Fetching profile for ID: 5
[0mGET /api/wallet/history [32m200[0m 7.670 ms - 26362[0m
[DEBUG] Processing profile for goog
[0mGET /api/auth/profile [36m304[0m 14.508 ms - -[0m
[AUTH] Token Decoded: { id: 5, userId: '4607' }
[0mGET /api/wallet/history [36m304[0m 10.133 ms - -[0m
[AUTH] Token Decoded: { id: 5, userId: '4607' }
[AUTH] Fetching profile for ID: 5
[DEBUG] Processing profile for goog
[0mGET /api/auth/profile [36m304[0m 8.609 ms - -[0m
[AUTH] Token Decoded: { id: 5, userId: '4607' }
[0mGET /api/wallet/history [36m304[0m 6.514 ms - -[0m
[AUTH] Token Decoded: { id: 5, userId: '4607' }
[AUTH] Fetching profile for ID: 5
[DEBUG] Processing profile for goog
[0mGET /api/auth/profile [36m304[0m 8.870 ms - -[0m
[AUTH] Token Decoded: { id: 5, userId: '4607' }
[AUTH] Fetching profile for ID: 5
[AUTH] Token Decoded: { id: 5, userId: '4607' }
[DEBUG] Processing profile for goog
[0mGET /api/wallet/history [36m304[0m 5.986 ms - -[0m
[0mGET /api/auth/profile [36m304[0m 14.503 ms - -[0m
[AUTH] Token Decoded: { id: 5, userId: '4607' }
[0mGET /api/wallet/history [36m304[0m 6.091 ms - -[0m
[AUTH] Token Decoded: { id: 5, userId: '4607' }
[AUTH] Fetching profile for ID: 5
[DEBUG] Processing profile for goog
[0mGET /api/auth/profile [36m304[0m 8.964 ms - -[0m
[AUTH] Token Decoded: { id: 5, userId: '4607' }
[0mGET /api/ads/my [36m304[0m 3.368 ms - -[0m
[AUTH] Token Decoded: { id: 5, userId: '4607' }
[0mGET /api/wallet/history [36m304[0m 6.273 ms - -[0m
[AUTH] Token Decoded: { id: 5, userId: '4607' }
[AUTH] Fetching profile for ID: 5
[DEBUG] Processing profile for goog
[0mGET /api/auth/profile [36m304[0m 8.788 ms - -[0m
[AUTH] Token Decoded: { id: 5, userId: '4607' }
[AUTH] Token Decoded: { id: 5, userId: '4607' }
[AUTH] Fetching profile for ID: 5
[0mGET /api/wallet/history [36m304[0m 8.655 ms - -[0m
[DEBUG] Processing profile for goog
[0mGET /api/auth/profile [36m304[0m 11.426 ms - -[0m
[AUTH] Token Decoded: { id: 5, userId: '4607' }
[0mGET /api/wallet/history [36m304[0m 6.051 ms - -[0m
[AUTH] Token Decoded: { id: 5, userId: '4607' }
[AUTH] Fetching profile for ID: 5
[DEBUG] Processing profile for goog
[0mGET /api/auth/profile [36m304[0m 8.857 ms - -[0m
[AUTH] Token Decoded: { id: 5, userId: '4607' }
[0mGET /api/wallet/history [36m304[0m 6.060 ms - -[0m
[AUTH] Token Decoded: { id: 5, userId: '4607' }
[AUTH] Fetching profile for ID: 5
[DEBUG] Processing profile for goog
[0mGET /api/auth/profile [36m304[0m 9.369 ms - -[0m
[AUTH] Token Decoded: { id: 5, userId: '4607' }
[0mGET /api/wallet/history [36m304[0m 6.002 ms - -[0m
[AUTH] Token Decoded: { id: 5, userId: '4607' }
[AUTH] Fetching profile for ID: 5
[DEBUG] Processing profile for goog
[0mGET /api/auth/profile [36m304[0m 8.998 ms - -[0m
[AUTH] Token Decoded: { id: 5, userId: '4607' }
[0mGET /api/wallet/history [36m304[0m 6.345 ms - -[0m
[AUTH] Token Decoded: { id: 5, userId: '4607' }
[AUTH] Fetching profile for ID: 5
[DEBUG] Processing profile for goog
[0mGET /api/auth/profile [36m304[0m 9.386 ms - -[0m
[AUTH] Token Decoded: { id: 5, userId: '4607' }
[0mGET /api/ads/my [36m304[0m 5.688 ms - -[0m
[AUTH] Token Decoded: { id: 5, userId: '4607' }
[0mGET /api/chat/conversations [32m200[0m 4.591 ms - 27101[0m
[AUTH] Token Decoded: { id: 5, userId: '4607' }
[0mGET /api/wallet/history [36m304[0m 6.051 ms - -[0m
[AUTH] Token Decoded: { id: 5, userId: '4607' }
[AUTH] Fetching profile for ID: 5
[DEBUG] Processing profile for goog
[0mGET /api/auth/profile [36m304[0m 8.019 ms - -[0m
[AUTH] Token Decoded: { id: 5, userId: '4607' }
[0mGET /api/wallet/history [36m304[0m 6.006 ms - -[0m
[AUTH] Token Decoded: { id: 5, userId: '4607' }
[AUTH] Fetching profile for ID: 5
[DEBUG] Processing profile for goog
[0mGET /api/auth/profile [36m304[0m 8.677 ms - -[0m
[AUTH] Token Decoded: { id: 5, userId: '4607' }
[AUTH] Token Decoded: { id: 5, userId: '4607' }
[AUTH] Fetching profile for ID: 5
[0mGET /api/wallet/history [36m304[0m 8.275 ms - -[0m
[DEBUG] Processing profile for goog
[0mGET /api/auth/profile [36m304[0m 11.853 ms - -[0m
[AUTH] Token Decoded: { id: 5, userId: '4607' }
[0mGET /api/wallet/history [36m304[0m 6.110 ms - -[0m
[AUTH] Token Decoded: { id: 5, userId: '4607' }
[AUTH] Fetching profile for ID: 5
[DEBUG] Processing profile for goog
[0mGET /api/auth/profile [36m304[0m 8.005 ms - -[0m
[AUTH] Token Decoded: { id: 5, userId: '4607' }
[0mGET /api/wallet/history [36m304[0m 6.118 ms - -[0m
[AUTH] Token Decoded: { id: 5, userId: '4607' }
[AUTH] Fetching profile for ID: 5
[DEBUG] Processing profile for goog
[0mGET /api/auth/profile [36m304[0m 9.239 ms - -[0m
[AUTH] Token Decoded: { id: 5, userId: '4607' }
[0mGET /api/wallet/history [36m304[0m 6.239 ms - -[0m
[AUTH] Token Decoded: { id: 5, userId: '4607' }
[AUTH] Fetching profile for ID: 5
[DEBUG] Processing profile for goog
[0mGET /api/auth/profile [36m304[0m 8.596 ms - -[0m
[AUTH] Token Decoded: { id: 5, userId: '4607' }
[0mGET /api/ads/my [36m304[0m 3.514 ms - -[0m
[AUTH] Token Decoded: { id: 5, userId: '4607' }
[0mGET /api/wallet/history [36m304[0m 6.052 ms - -[0m
[AUTH] Token Decoded: { id: 5, userId: '4607' }
[AUTH] Fetching profile for ID: 5
[DEBUG] Processing profile for goog
[0mGET /api/auth/profile [36m304[0m 8.520 ms - -[0m
[AUTH] Token Decoded: { id: 5, userId: '4607' }
[AUTH] Token Decoded: { id: 5, userId: '4607' }
[AUTH] Fetching profile for ID: 5
[0mGET /api/wallet/history [36m304[0m 8.368 ms - -[0m
[DEBUG] Processing profile for goog
[0mGET /api/auth/profile [36m304[0m 11.662 ms - -[0m
[AUTH] Token Decoded: { id: 5, userId: '4607' }
[0mGET /api/wallet/history [36m304[0m 5.798 ms - -[0m
[AUTH] Token Decoded: { id: 5, userId: '4607' }
[AUTH] Fetching profile for ID: 5
[DEBUG] Processing profile for goog
[0mGET /api/auth/profile [36m304[0m 8.068 ms - -[0m
[AUTH] Token Decoded: { id: 5, userId: '4607' }
[0mGET /api/wallet/history [36m304[0m 6.047 ms - -[0m
[AUTH] Token Decoded: { id: 5, userId: '4607' }
[AUTH] Fetching profile for ID: 5
[DEBUG] Processing profile for goog
[0mGET /api/auth/profile [36m304[0m 8.299 ms - -[0m
[AUTH] Token Decoded: { id: 5, userId: '4607' }
[0mGET /api/wallet/history [36m304[0m 6.127 ms - -[0m
[AUTH] Token Decoded: { id: 5, userId: '4607' }
[AUTH] Fetching profile for ID: 5
[DEBUG] Processing profile for goog
[0mGET /api/auth/profile [36m304[0m 8.239 ms - -[0m
[AUTH] Token Decoded: { id: 5, userId: '4607' }
[0mGET /api/wallet/history [36m304[0m 5.566 ms - -[0m
[AUTH] Token Decoded: { id: 5, userId: '4607' }
[AUTH] Fetching profile for ID: 5
[AUTH] Token Decoded: { id: 5, userId: '4607' }
[DEBUG] Processing profile for goog
[0mGET /api/ads/my [36m304[0m 4.851 ms - -[0m
[0mGET /api/auth/profile [36m304[0m 13.406 ms - -[0m
[AUTH] Token Decoded: { id: 5, userId: '4607' }
[0mGET /api/chat/conversations [32m200[0m 4.606 ms - 27101[0m
[AUTH] Token Decoded: { id: 5, userId: '4607' }
[0mGET /api/wallet/history [36m304[0m 6.136 ms - -[0m
[AUTH] Token Decoded: { id: 5, userId: '4607' }
[AUTH] Fetching profile for ID: 5
[DEBUG] Processing profile for goog
[0mGET /api/auth/profile [36m304[0m 8.380 ms - -[0m
[AUTH] Token Decoded: { id: 5, userId: '4607' }
[0mGET /api/wallet/history [36m304[0m 6.123 ms - -[0m
[AUTH] Token Decoded: { id: 5, userId: '4607' }
[AUTH] Fetching profile for ID: 5
[DEBUG] Processing profile for goog
[0mGET /api/auth/profile [36m304[0m 8.362 ms - -[0m
[AUTH] Token Decoded: { id: 5, userId: '4607' }
[0mGET /api/wallet/history [36m304[0m 6.267 ms - -[0m
[AUTH] Token Decoded: { id: 5, userId: '4607' }
[AUTH] Fetching profile for ID: 5
[DEBUG] Processing profile for goog
[0mGET /api/auth/profile [36m304[0m 8.607 ms - -[0m
[AUTH] Token Decoded: { id: 5, userId: '4607' }
[AUTH] Token Decoded: { id: 5, userId: '4607' }
[AUTH] Fetching profile for ID: 5
[0mGET /api/wallet/history [36m304[0m 9.064 ms - -[0m
[DEBUG] Processing profile for goog
[0mGET /api/auth/profile [36m304[0m 11.836 ms - -[0m
[AUTH] Token Decoded: { id: 5, userId: '4607' }
[0mGET /api/wallet/history [36m304[0m 6.017 ms - -[0m
[AUTH] Token Decoded: { id: 5, userId: '4607' }
[AUTH] Fetching profile for ID: 5
[DEBUG] Processing profile for goog
[0mGET /api/auth/profile [36m304[0m 8.647 ms - -[0m
[AUTH] Token Decoded: { id: 5, userId: '4607' }
[0mGET /api/ads/my [36m304[0m 3.681 ms - -[0m
[AUTH] Token Decoded: { id: 5, userId: '4607' }
[AUTH] Token Decoded: { id: 5, userId: '4607' }
[AUTH] Fetching profile for ID: 5
[0mGET /api/wallet/history [36m304[0m 8.173 ms - -[0m
[DEBUG] Processing profile for goog
[0mGET /api/auth/profile [36m304[0m 11.393 ms - -[0m
[AUTH] Token Decoded: { id: 5, userId: '4607' }
[AUTH] Token Decoded: { id: 5, userId: '4607' }
[0mGET /api/wallet/history [36m304[0m 6.279 ms - -[0m
[0mGET /api/ads/my [36m304[0m 5.955 ms - -[0m
[AUTH] Token Decoded: { id: 5, userId: '4607' }
[AUTH] Fetching profile for ID: 5
[DEBUG] Processing profile for goog
[0mGET /api/auth/profile [36m304[0m 8.019 ms - -[0m
[AUTH] Token Decoded: { id: 5, userId: '4607' }
[0mGET /api/wallet/history [36m304[0m 6.339 ms - -[0m
[AUTH] Token Decoded: { id: 5, userId: '4607' }
[AUTH] Fetching profile for ID: 5
[DEBUG] Processing profile for goog
[0mGET /api/auth/profile [36m304[0m 8.429 ms - -[0m
[AUTH] Token Decoded: { id: 5, userId: '4607' }
[AUTH] Token Decoded: { id: 5, userId: '4607' }
[AUTH] Fetching profile for ID: 5
[0mGET /api/wallet/history [36m304[0m 8.395 ms - -[0m
[DEBUG] Processing profile for goog
[0mGET /api/auth/profile [36m304[0m 11.315 ms - -[0m
[AUTH] Token Decoded: { id: 5, userId: '4607' }
[0mGET /api/wallet/history [36m304[0m 6.090 ms - -[0m
[AUTH] Token Decoded: { id: 5, userId: '4607' }
[AUTH] Fetching profile for ID: 5
[DEBUG] Processing profile for goog
[0mGET /api/auth/profile [36m304[0m 9.898 ms - -[0m
[AUTH] Token Decoded: { id: 5, userId: '4607' }
[0mGET /api/wallet/history [36m304[0m 6.081 ms - -[0m
[AUTH] Token Decoded: { id: 5, userId: '4607' }
[AUTH] Fetching profile for ID: 5
[DEBUG] Processing profile for goog
[0mGET /api/auth/profile [36m304[0m 8.404 ms - -[0m
[AUTH] Token Decoded: { id: 5, userId: '4607' }
[AUTH] Token Decoded: { id: 5, userId: '4607' }
[AUTH] Fetching profile for ID: 5
[0mGET /api/wallet/history [36m304[0m 8.172 ms - -[0m
[DEBUG] Processing profile for goog
[0mGET /api/auth/profile [36m304[0m 11.065 ms - -[0m
[AUTH] Token Decoded: { id: 5, userId: '4607' }
[0mGET /api/wallet/history [36m304[0m 6.413 ms - -[0m
[AUTH] Token Decoded: { id: 5, userId: '4607' }
[AUTH] Fetching profile for ID: 5
[DEBUG] Processing profile for goog
[0mGET /api/auth/profile [36m304[0m 8.795 ms - -[0m
[AUTH] Token Decoded: { id: 5, userId: '4607' }
[0mGET /api/ads/my [36m304[0m 3.370 ms - -[0m
[AUTH] Token Decoded: { id: 5, userId: '4607' }
[0mGET /api/chat/conversations [32m200[0m 4.327 ms - 27101[0m
[AUTH] Token Decoded: { id: 5, userId: '4607' }
[0mGET /api/wallet/history [36m304[0m 6.468 ms - -[0m
[AUTH] Token Decoded: { id: 5, userId: '4607' }
[AUTH] Fetching profile for ID: 5
[DEBUG] Processing profile for goog
[0mGET /api/auth/profile [36m304[0m 8.532 ms - -[0m
[AUTH] Token Decoded: { id: 5, userId: '4607' }
[0mGET /api/wallet/history [36m304[0m 6.189 ms - -[0m
[AUTH] Token Decoded: { id: 5, userId: '4607' }
[AUTH] Fetching profile for ID: 5
[DEBUG] Processing profile for goog
[0mGET /api/auth/profile [36m304[0m 10.178 ms - -[0m
[AUTH] Token Decoded: { id: 5, userId: '4607' }
[AUTH] Token Decoded: { id: 5, userId: '4607' }
[AUTH] Fetching profile for ID: 5
[0mGET /api/wallet/history [36m304[0m 7.344 ms - -[0m
[DEBUG] Processing profile for goog
[0mGET /api/auth/profile [36m304[0m 9.632 ms - -[0m
[AUTH] Token Decoded: { id: 5, userId: '4607' }
[0mGET /api/wallet/history [36m304[0m 6.152 ms - -[0m
[AUTH] Token Decoded: { id: 5, userId: '4607' }
[AUTH] Fetching profile for ID: 5
[DEBUG] Processing profile for goog
[0mGET /api/auth/profile [36m304[0m 8.851 ms - -[0m
[AUTH] Token Decoded: { id: 5, userId: '4607' }
[AUTH] Fetching profile for ID: 5
[DEBUG] Processing profile for goog
[AUTH] Token Decoded: { id: 5, userId: '4607' }
[0mGET /api/wallet/history [36m304[0m 9.911 ms - -[0m
[0mGET /api/auth/profile [36m304[0m 23.119 ms - -[0m
[AUTH] Token Decoded: { id: 5, userId: '4607' }
[AUTH] Token Decoded: { id: 5, userId: '4607' }
[AUTH] Fetching profile for ID: 5
[0mGET /api/wallet/history [36m304[0m 8.432 ms - -[0m
[AUTH] Token Decoded: { id: 5, userId: '4607' }
[DEBUG] Processing profile for goog
[0mGET /api/ads/my [36m304[0m 5.002 ms - -[0m
[0mGET /api/auth/profile [36m304[0m 16.569 ms - -[0m
[AUTH] Token Decoded: { id: 5, userId: '4607' }
[0mGET /api/wallet/history [36m304[0m 6.111 ms - -[0m
[AUTH] Token Decoded: { id: 5, userId: '4607' }
[AUTH] Fetching profile for ID: 5
[DEBUG] Processing profile for goog
[0mGET /api/auth/profile [36m304[0m 9.288 ms - -[0m
[AUTH] Token Decoded: { id: 5, userId: '4607' }
[AUTH] Token Decoded: { id: 5, userId: '4607' }
[AUTH] Fetching profile for ID: 5
[0mGET /api/wallet/history [36m304[0m 9.292 ms - -[0m
[DEBUG] Processing profile for goog
[0mGET /api/auth/profile [36m304[0m 11.375 ms - -[0m
[AUTH] Token Decoded: { id: 5, userId: '4607' }
[AUTH] Token Decoded: { id: 5, userId: '4607' }
[AUTH] Fetching profile for ID: 5
[0mGET /api/wallet/history [36m304[0m 8.553 ms - -[0m
[DEBUG] Processing profile for goog
[0mGET /api/auth/profile [36m304[0m 11.244 ms - -[0m
[AUTH] Token Decoded: { id: 5, userId: '4607' }
[0mGET /api/wallet/history [36m304[0m 6.061 ms - -[0m
[AUTH] Token Decoded: { id: 5, userId: '4607' }
[AUTH] Fetching profile for ID: 5
[DEBUG] Processing profile for goog
[0mGET /api/auth/profile [36m304[0m 9.155 ms - -[0m
[AUTH] Token Decoded: { id: 5, userId: '4607' }
[0mGET /api/wallet/history [36m304[0m 5.921 ms - -[0m
[AUTH] Token Decoded: { id: 5, userId: '4607' }
[AUTH] Fetching profile for ID: 5
[DEBUG] Processing profile for goog
[0mGET /api/auth/profile [36m304[0m 8.797 ms - -[0m
[AUTH] Token Decoded: { id: 5, userId: '4607' }
[AUTH] Token Decoded: { id: 5, userId: '4607' }
[0mGET /api/ads/my [36m304[0m 5.872 ms - -[0m
[0mGET /api/chat/conversations [32m200[0m 5.211 ms - 27101[0m
[AUTH] Token Decoded: { id: 5, userId: '4607' }
[AUTH] Token Decoded: { id: 5, userId: '4607' }
[AUTH] Fetching profile for ID: 5
[0mGET /api/wallet/history [36m304[0m 8.366 ms - -[0m
[DEBUG] Processing profile for goog
[0mGET /api/auth/profile [36m304[0m 12.250 ms - -[0m
[AUTH] Token Decoded: { id: 5, userId: '4607' }
[AUTH] Fetching profile for ID: 5
[AUTH] Token Decoded: { id: 5, userId: '4607' }
[DEBUG] Processing profile for goog
[0mGET /api/wallet/history [36m304[0m 6.204 ms - -[0m
[0mGET /api/auth/profile [36m304[0m 14.857 ms - -[0m
[AUTH] Token Decoded: { id: 5, userId: '4607' }
[AUTH] Fetching profile for ID: 5
[AUTH] Token Decoded: { id: 5, userId: '4607' }
[DEBUG] Processing profile for goog
[0mGET /api/wallet/history [36m304[0m 5.586 ms - -[0m
[0mGET /api/auth/profile [36m304[0m 14.253 ms - -[0m
[AUTH] Token Decoded: { id: 5, userId: '4607' }
[AUTH] Token Decoded: { id: 5, userId: '4607' }
[AUTH] Fetching profile for ID: 5
[0mGET /api/wallet/history [36m304[0m 8.506 ms - -[0m
[DEBUG] Processing profile for goog
[0mGET /api/auth/profile [36m304[0m 11.578 ms - -[0m
[AUTH] Token Decoded: { id: 5, userId: '4607' }
[0mGET /api/wallet/history [36m304[0m 6.059 ms - -[0m
[AUTH] Token Decoded: { id: 5, userId: '4607' }
[AUTH] Fetching profile for ID: 5
[DEBUG] Processing profile for goog
[0mGET /api/auth/profile [36m304[0m 8.434 ms - -[0m
[AUTH] Token Decoded: { id: 5, userId: '4607' }
[AUTH] Fetching profile for ID: 5
[AUTH] Token Decoded: { id: 5, userId: '4607' }
[DEBUG] Processing profile for goog
[0mGET /api/wallet/history [36m304[0m 5.663 ms - -[0m
[0mGET /api/auth/profile [36m304[0m 14.452 ms - -[0m
[AUTH] Token Decoded: { id: 5, userId: '4607' }
[0mGET /api/ads/my [36m304[0m 3.465 ms - -[0m
[AUTH] Token Decoded: { id: 5, userId: '4607' }
[AUTH] Token Decoded: { id: 5, userId: '4607' }
[AUTH] Fetching profile for ID: 5
[0mGET /api/wallet/history [36m304[0m 8.582 ms - -[0m
[DEBUG] Processing profile for goog
[0mGET /api/auth/profile [36m304[0m 11.130 ms - -[0m
[AUTH] Token Decoded: { id: 5, userId: '4607' }
[0mGET /api/wallet/history [36m304[0m 6.074 ms - -[0m
[AUTH] Token Decoded: { id: 5, userId: '4607' }
[AUTH] Fetching profile for ID: 5
[DEBUG] Processing profile for goog
[0mGET /api/auth/profile [36m304[0m 8.667 ms - -[0m
[AUTH] Token Decoded: { id: 5, userId: '4607' }
[0mGET /api/wallet/history [36m304[0m 6.209 ms - -[0m
[AUTH] Token Decoded: { id: 5, userId: '4607' }
[AUTH] Fetching profile for ID: 5
[DEBUG] Processing profile for goog
[0mGET /api/auth/profile [36m304[0m 8.338 ms - -[0m
[AUTH] Token Decoded: { id: 5, userId: '4607' }
[0mGET /api/wallet/history [36m304[0m 5.926 ms - -[0m
[AUTH] Token Decoded: { id: 5, userId: '4607' }
[AUTH] Fetching profile for ID: 5
[DEBUG] Processing profile for goog
[0mGET /api/auth/profile [36m304[0m 9.055 ms - -[0m
[AUTH] Token Decoded: { id: 5, userId: '4607' }
[AUTH] Token Decoded: { id: 5, userId: '4607' }
[AUTH] Fetching profile for ID: 5
[0mGET /api/wallet/history [36m304[0m 8.101 ms - -[0m
[DEBUG] Processing profile for goog
[0mGET /api/auth/profile [36m304[0m 10.775 ms - -[0m
[AUTH] Token Decoded: { id: 5, userId: '4607' }
[AUTH] Fetching profile for ID: 5
[DEBUG] Processing profile for goog
[0mGET /api/auth/profile [36m304[0m 8.275 ms - -[0m
[AUTH] Token Decoded: { id: 5, userId: '4607' }
[0mGET /api/wallet/history [36m304[0m 6.220 ms - -[0m
[AUTH] Token Decoded: { id: 5, userId: '4607' }
[AUTH] Fetching profile for ID: 5
[DEBUG] Processing profile for goog
[0mGET /api/auth/profile [36m304[0m 9.260 ms - -[0m
[AUTH] Token Decoded: { id: 5, userId: '4607' }
[AUTH] Token Decoded: { id: 5, userId: '4607' }
[0mGET /api/chat/conversations [32m200[0m 7.368 ms - 27101[0m
[0mGET /api/wallet/history [36m304[0m 6.199 ms - -[0m
[AUTH] Token Decoded: { id: 5, userId: '4607' }
[0mGET /api/ads/my [36m304[0m 3.571 ms - -[0m
[AUTH] Token Decoded: { id: 5, userId: '4607' }
[AUTH] Fetching profile for ID: 5
[DEBUG] Processing profile for goog
[0mGET /api/auth/profile [36m304[0m 9.248 ms - -[0m
[AUTH] Token Decoded: { id: 5, userId: '4607' }
[0mGET /api/wallet/history [36m304[0m 6.495 ms - -[0m
[AUTH] Token Decoded: { id: 5, userId: '4607' }
[AUTH] Fetching profile for ID: 5
[DEBUG] Processing profile for goog
[0mGET /api/auth/profile [36m304[0m 8.749 ms - -[0m
[AUTH] Token Decoded: { id: 5, userId: '4607' }
[0mGET /api/wallet/history [36m304[0m 9.713 ms - -[0m
[AUTH] Token Decoded: { id: 5, userId: '4607' }
[AUTH] Fetching profile for ID: 5
[DEBUG] Processing profile for goog
[0mGET /api/auth/profile [36m304[0m 8.837 ms - -[0m
[AUTH] Token Decoded: { id: 5, userId: '4607' }
[0mGET /api/wallet/history [36m304[0m 6.353 ms - -[0m
[AUTH] Token Decoded: { id: 5, userId: '4607' }
[AUTH] Fetching profile for ID: 5
[DEBUG] Processing profile for goog
[0mGET /api/auth/profile [36m304[0m 10.369 ms - -[0m
[AUTH] Token Decoded: { id: 5, userId: '4607' }
[0mGET /api/wallet/history [36m304[0m 5.843 ms - -[0m
[AUTH] Token Decoded: { id: 5, userId: '4607' }
[AUTH] Fetching profile for ID: 5
[DEBUG] Processing profile for goog
[0mGET /api/auth/profile [36m304[0m 8.574 ms - -[0m
[AUTH] Token Decoded: { id: 5, userId: '4607' }
[0mGET /api/wallet/history [36m304[0m 6.864 ms - -[0m
[AUTH] Token Decoded: { id: 5, userId: '4607' }
[AUTH] Fetching profile for ID: 5
[DEBUG] Processing profile for goog
[0mGET /api/auth/profile [36m304[0m 8.722 ms - -[0m
[AUTH] Token Decoded: { id: 5, userId: '4607' }
[0mGET /api/wallet/history [36m304[0m 5.830 ms - -[0m
[AUTH] Token Decoded: { id: 5, userId: '4607' }
[0mGET /api/ads/my [36m304[0m 3.863 ms - -[0m
[AUTH] Token Decoded: { id: 5, userId: '4607' }
[0mGET /api/wallet/history [36m304[0m 5.978 ms - -[0m
[AUTH] Token Decoded: { id: 5, userId: '4607' }
[AUTH] Fetching profile for ID: 5
[DEBUG] Processing profile for goog
[0mGET /api/auth/profile [36m304[0m 8.390 ms - -[0m
[AUTH] Token Decoded: { id: 5, userId: '4607' }
[0mGET /api/wallet/history [36m304[0m 5.011 ms - -[0m
[AUTH] Token Decoded: { id: 5, userId: '4607' }
[AUTH] Fetching profile for ID: 5
[DEBUG] Processing profile for goog
[0mGET /api/auth/profile [36m304[0m 7.858 ms - -[0m
[AUTH] Token Decoded: { id: 5, userId: '4607' }
[AUTH] Fetching profile for ID: 5
[DEBUG] Processing profile for goog
[0mGET /api/auth/profile [36m304[0m 10.575 ms - -[0m
[AUTH] Token Decoded: { id: 5, userId: '4607' }
[0mGET /api/wallet/history [36m304[0m 4.885 ms - -[0m
[AUTH] Token Decoded: { id: 5, userId: '4607' }
[AUTH] Fetching profile for ID: 5
[DEBUG] Processing profile for goog
[0mGET /api/auth/profile [36m304[0m 8.739 ms - -[0m
[AUTH] Token Decoded: { id: 5, userId: '4607' }
[0mGET /api/wallet/history [36m304[0m 5.848 ms - -[0m
[AUTH] Token Decoded: { id: 5, userId: '4607' }
[AUTH] Fetching profile for ID: 5
[DEBUG] Processing profile for goog
[0mGET /api/auth/profile [36m304[0m 9.111 ms - -[0m
[AUTH] Token Decoded: { id: 5, userId: '4607' }
[0mGET /api/wallet/history [36m304[0m 5.605 ms - -[0m
[AUTH] Token Decoded: { id: 5, userId: '4607' }
[AUTH] Fetching profile for ID: 5
[DEBUG] Processing profile for goog
[0mGET /api/auth/profile [36m304[0m 8.626 ms - -[0m
[AUTH] Token Decoded: { id: 5, userId: '4607' }
[0mGET /api/wallet/history [36m304[0m 6.102 ms - -[0m
[AUTH] Token Decoded: { id: 5, userId: '4607' }
[AUTH] Fetching profile for ID: 5
[AUTH] Token Decoded: { id: 5, userId: '4607' }
[DEBUG] Processing profile for goog
[AUTH] Token Decoded: { id: 5, userId: '4607' }
[0mGET /api/wallet/history [36m304[0m 8.353 ms - -[0m
[AUTH] Token Decoded: { id: 5, userId: '4607' }
[0mGET /api/auth/profile [36m304[0m 20.280 ms - -[0m
[0mGET /api/chat/conversations [32m200[0m 6.482 ms - 27101[0m
✅ Connected to PostgreSQL database
[0mGET /api/ads/my [36m304[0m 58.772 ms - -[0m
[AUTH] Token Decoded: { id: 5, userId: '4607' }
[0mGET /api/wallet/history [36m304[0m 12.150 ms - -[0m
[AUTH] Token Decoded: { id: 5, userId: '4607' }
[AUTH] Fetching profile for ID: 5
[DEBUG] Processing profile for goog
[0mGET /api/auth/profile [36m304[0m 12.943 ms - -[0m
[AUTH] Token Decoded: { id: 5, userId: '4607' }
[0mGET /api/wallet/history [36m304[0m 5.976 ms - -[0m
[AUTH] Token Decoded: { id: 5, userId: '4607' }
[AUTH] Fetching profile for ID: 5
[DEBUG] Processing profile for goog
[0mGET /api/auth/profile [36m304[0m 8.531 ms - -[0m
[AUTH] Token Decoded: { id: 5, userId: '4607' }
[AUTH] Fetching profile for ID: 5
[AUTH] Token Decoded: { id: 5, userId: '4607' }
[DEBUG] Processing profile for goog
[0mGET /api/wallet/history [36m304[0m 5.799 ms - -[0m
[0mGET /api/auth/profile [36m304[0m 14.587 ms - -[0m
[AUTH] Token Decoded: { id: 5, userId: '4607' }
[AUTH] Token Decoded: { id: 5, userId: '4607' }
[AUTH] Fetching profile for ID: 5
[0mGET /api/wallet/history [36m304[0m 8.560 ms - -[0m
[DEBUG] Processing profile for goog
[0mGET /api/auth/profile [36m304[0m 11.109 ms - -[0m
[AUTH] Token Decoded: { id: 5, userId: '4607' }
[AUTH] Token Decoded: { id: 5, userId: '4607' }
[AUTH] Fetching profile for ID: 5
[0mGET /api/wallet/history [36m304[0m 8.745 ms - -[0m
[DEBUG] Processing profile for goog
[0mGET /api/auth/profile [36m304[0m 11.366 ms - -[0m
[AUTH] Token Decoded: { id: 5, userId: '4607' }
[0mGET /api/ads/my [36m304[0m 3.517 ms - -[0m
[AUTH] Token Decoded: { id: 5, userId: '4607' }
[0mGET /api/wallet/history [36m304[0m 6.806 ms - -[0m
[AUTH] Token Decoded: { id: 5, userId: '4607' }
[AUTH] Fetching profile for ID: 5
[DEBUG] Processing profile for goog
[0mGET /api/auth/profile [36m304[0m 8.967 ms - -[0m
[AUTH] Token Decoded: { id: 5, userId: '4607' }
[0mGET /api/wallet/history [36m304[0m 5.981 ms - -[0m
[AUTH] Token Decoded: { id: 5, userId: '4607' }
[AUTH] Fetching profile for ID: 5
[DEBUG] Processing profile for goog
[0mGET /api/auth/profile [36m304[0m 12.021 ms - -[0m
[AUTH] Token Decoded: { id: 5, userId: '4607' }
[0mGET /api/wallet/history [36m304[0m 4.998 ms - -[0m
[AUTH] Token Decoded: { id: 5, userId: '4607' }
[AUTH] Fetching profile for ID: 5
[DEBUG] Processing profile for goog
[0mGET /api/auth/profile [36m304[0m 7.892 ms - -[0m
[AUTH] Token Decoded: { id: 5, userId: '4607' }
[AUTH] Fetching profile for ID: 5
[DEBUG] Processing profile for goog
[0mGET /api/auth/profile [36m304[0m 8.043 ms - -[0m
[AUTH] Token Decoded: { id: 5, userId: '4607' }
[0mGET /api/wallet/history [36m304[0m 6.133 ms - -[0m
[AUTH] Token Decoded: { id: 5, userId: '4607' }
[AUTH] Fetching profile for ID: 5
[DEBUG] Processing profile for goog
[0mGET /api/auth/profile [36m304[0m 9.156 ms - -[0m
[AUTH] Token Decoded: { id: 5, userId: '4607' }
[0mGET /api/wallet/history [36m304[0m 5.888 ms - -[0m
[AUTH] Token Decoded: { id: 5, userId: '4607' }
[AUTH] Fetching profile for ID: 5
[DEBUG] Processing profile for goog
[0mGET /api/auth/profile [36m304[0m 8.536 ms - -[0m
[AUTH] Token Decoded: { id: 5, userId: '4607' }
[0mGET /api/wallet/history [36m304[0m 11.722 ms - -[0m
[AUTH] Token Decoded: { id: 5, userId: '4607' }
[0mGET /api/ads/my [36m304[0m 3.802 ms - -[0m
[AUTH] Token Decoded: { id: 5, userId: '4607' }
[0mGET /api/chat/conversations [32m200[0m 8.182 ms - 27101[0m
[AUTH] Token Decoded: { id: 5, userId: '4607' }
[AUTH] Fetching profile for ID: 5
[DEBUG] Processing profile for goog
[0mGET /api/auth/profile [36m304[0m 9.014 ms - -[0m
[AUTH] Token Decoded: { id: 5, userId: '4607' }
[0mGET /api/wallet/history [36m304[0m 6.370 ms - -[0m
[AUTH] Token Decoded: { id: 5, userId: '4607' }
[AUTH] Fetching profile for ID: 5
[DEBUG] Processing profile for goog
[0mGET /api/auth/profile [36m304[0m 9.269 ms - -[0m
[AUTH] Token Decoded: { id: 5, userId: '4607' }
[0mGET /api/wallet/history [36m304[0m 6.168 ms - -[0m
[AUTH] Token Decoded: { id: 5, userId: '4607' }
[AUTH] Fetching profile for ID: 5
[DEBUG] Processing profile for goog
[0mGET /api/auth/profile [36m304[0m 9.213 ms - -[0m
[AUTH] Token Decoded: { id: 5, userId: '4607' }
[0mGET /api/wallet/history [36m304[0m 6.006 ms - -[0m
[AUTH] Token Decoded: { id: 5, userId: '4607' }
[AUTH] Fetching profile for ID: 5
[DEBUG] Processing profile for goog
[0mGET /api/auth/profile [36m304[0m 8.417 ms - -[0m
[AUTH] Token Decoded: { id: 5, userId: '4607' }
[0mGET /api/wallet/history [36m304[0m 5.937 ms - -[0m
[AUTH] Token Decoded: { id: 5, userId: '4607' }
[AUTH] Fetching profile for ID: 5
[AUTH] Token Decoded: { id: 5, userId: '4607' }
[DEBUG] Processing profile for goog
[0mGET /api/wallet/history [36m304[0m 5.604 ms - -[0m
[0mGET /api/auth/profile [36m304[0m 14.382 ms - -[0m
[AUTH] Token Decoded: { id: 5, userId: '4607' }
[AUTH] Token Decoded: { id: 5, userId: '4607' }
[AUTH] Fetching profile for ID: 5
[0mGET /api/wallet/history [36m304[0m 8.343 ms - -[0m
[DEBUG] Processing profile for goog
[0mGET /api/auth/profile [36m304[0m 11.842 ms - -[0m
[AUTH] Token Decoded: { id: 5, userId: '4607' }
[0mGET /api/ads/my [36m304[0m 3.589 ms - -[0m
[AUTH] Token Decoded: { id: 5, userId: '4607' }
[AUTH] Token Decoded: { id: 5, userId: '4607' }
[AUTH] Fetching profile for ID: 5
[0mGET /api/wallet/history [36m304[0m 8.479 ms - -[0m
[DEBUG] Processing profile for goog
[0mGET /api/auth/profile [36m304[0m 11.055 ms - -[0m
[AUTH] Token Decoded: { id: 5, userId: '4607' }
[0mGET /api/wallet/history [36m304[0m 6.154 ms - -[0m
[AUTH] Token Decoded: { id: 5, userId: '4607' }
[AUTH] Fetching profile for ID: 5
[DEBUG] Processing profile for goog
[0mGET /api/auth/profile [36m304[0m 8.622 ms - -[0m
[AUTH] Token Decoded: { id: 5, userId: '4607' }
[AUTH] Fetching profile for ID: 5
[AUTH] Token Decoded: { id: 5, userId: '4607' }
[DEBUG] Processing profile for goog
[0mGET /api/wallet/history [36m304[0m 5.907 ms - -[0m
[0mGET /api/auth/profile [36m304[0m 14.917 ms - -[0m
[AUTH] Token Decoded: { id: 5, userId: '4607' }
[0mGET /api/wallet/history [36m304[0m 5.948 ms - -[0m
[AUTH] Token Decoded: { id: 5, userId: '4607' }
[AUTH] Fetching profile for ID: 5
[DEBUG] Processing profile for goog
[0mGET /api/auth/profile [36m304[0m 8.811 ms - -[0m
[AUTH] Token Decoded: { id: 5, userId: '4607' }
[AUTH] Fetching profile for ID: 5
[DEBUG] Processing profile for goog
[0mGET /api/auth/profile [36m304[0m 8.455 ms - -[0m
[AUTH] Token Decoded: { id: 5, userId: '4607' }
[0mGET /api/wallet/history [36m304[0m 6.004 ms - -[0m
[AUTH] Token Decoded: { id: 5, userId: '4607' }
[AUTH] Fetching profile for ID: 5
[DEBUG] Processing profile for goog
[0mGET /api/auth/profile [36m304[0m 8.328 ms - -[0m
[AUTH] Token Decoded: { id: 5, userId: '4607' }
[0mGET /api/wallet/history [36m304[0m 6.053 ms - -[0m
[AUTH] Token Decoded: { id: 5, userId: '4607' }
[AUTH] Token Decoded: { id: 5, userId: '4607' }
[AUTH] Fetching profile for ID: 5
[0mGET /api/ads/my [36m304[0m 7.719 ms - -[0m
[DEBUG] Processing profile for goog
[AUTH] Token Decoded: { id: 5, userId: '4607' }
[0mGET /api/chat/conversations [32m200[0m 4.027 ms - 27101[0m
[0mGET /api/auth/profile [36m304[0m 15.662 ms - -[0m
[AUTH] Token Decoded: { id: 5, userId: '4607' }
[0mGET /api/wallet/history [36m304[0m 5.850 ms - -[0m
[AUTH] Token Decoded: { id: 5, userId: '4607' }
[AUTH] Fetching profile for ID: 5
[DEBUG] Processing profile for goog
[0mGET /api/auth/profile [36m304[0m 8.768 ms - -[0m
[AUTH] Token Decoded: { id: 5, userId: '4607' }
[0mGET /api/wallet/history [36m304[0m 6.007 ms - -[0m
[AUTH] Token Decoded: { id: 5, userId: '4607' }
[AUTH] Fetching profile for ID: 5
[DEBUG] Processing profile for goog
[0mGET /api/auth/profile [36m304[0m 9.563 ms - -[0m
[AUTH] Token Decoded: { id: 5, userId: '4607' }
[0mGET /api/wallet/history [36m304[0m 6.199 ms - -[0m
[AUTH] Token Decoded: { id: 5, userId: '4607' }
[AUTH] Fetching profile for ID: 5
[DEBUG] Processing profile for goog
[0mGET /api/auth/profile [36m304[0m 8.909 ms - -[0m
[AUTH] Token Decoded: { id: 5, userId: '4607' }
[0mGET /api/wallet/history [36m304[0m 6.236 ms - -[0m
[AUTH] Token Decoded: { id: 5, userId: '4607' }
[AUTH] Fetching profile for ID: 5
[DEBUG] Processing profile for goog
[0mGET /api/auth/profile [36m304[0m 9.315 ms - -[0m
[AUTH] Token Decoded: { id: 5, userId: '4607' }
[0mGET /api/wallet/history [36m304[0m 5.955 ms - -[0m
[AUTH] Token Decoded: { id: 5, userId: '4607' }
[AUTH] Fetching profile for ID: 5
[DEBUG] Processing profile for goog
[0mGET /api/auth/profile [36m304[0m 8.829 ms - -[0m
[AUTH] Token Decoded: { id: 5, userId: '4607' }
[0mGET /api/wallet/history [36m304[0m 6.221 ms - -[0m
[AUTH] Token Decoded: { id: 5, userId: '4607' }
[AUTH] Fetching profile for ID: 5
[DEBUG] Processing profile for goog
[0mGET /api/auth/profile [36m304[0m 8.862 ms - -[0m
[AUTH] Token Decoded: { id: 5, userId: '4607' }
[0mGET /api/wallet/history [36m304[0m 6.322 ms - -[0m
[AUTH] Token Decoded: { id: 5, userId: '4607' }
[0mGET /api/ads/my [36m304[0m 3.540 ms - -[0m
[AUTH] Token Decoded: { id: 5, userId: '4607' }
[AUTH] Fetching profile for ID: 5
[DEBUG] Processing profile for goog
[0mGET /api/auth/profile [36m304[0m 8.275 ms - -[0m
[AUTH] Token Decoded: { id: 5, userId: '4607' }
[0mGET /api/wallet/history [36m304[0m 6.077 ms - -[0m
[AUTH] Token Decoded: { id: 5, userId: '4607' }
[AUTH] Fetching profile for ID: 5
[DEBUG] Processing profile for goog
[0mGET /api/auth/profile [36m304[0m 9.028 ms - -[0m
[AUTH] Token Decoded: { id: 5, userId: '4607' }
[0mGET /api/wallet/history [36m304[0m 5.946 ms - -[0m
[AUTH] Token Decoded: { id: 5, userId: '4607' }
[AUTH] Fetching profile for ID: 5
[DEBUG] Processing profile for goog
[0mGET /api/auth/profile [36m304[0m 7.954 ms - -[0m
[AUTH] Token Decoded: { id: 5, userId: '4607' }
[0mGET /api/wallet/history [36m304[0m 4.570 ms - -[0m
[AUTH] Token Decoded: { id: 5, userId: '4607' }
[AUTH] Fetching profile for ID: 5
[DEBUG] Processing profile for goog
[0mGET /api/auth/profile [36m304[0m 8.492 ms - -[0m
[AUTH] Token Decoded: { id: 5, userId: '4607' }
[0mGET /api/wallet/history [36m304[0m 7.224 ms - -[0m
[AUTH] Token Decoded: { id: 5, userId: '4607' }
[0mGET /api/wallet/history [36m304[0m 6.194 ms - -[0m
[AUTH] Token Decoded: { id: 5, userId: '4607' }
[AUTH] Fetching profile for ID: 5
[DEBUG] Processing profile for goog
[0mGET /api/auth/profile [36m304[0m 8.981 ms - -[0m
[AUTH] Token Decoded: { id: 5, userId: '4607' }
[AUTH] Fetching profile for ID: 5
[AUTH] Token Decoded: { id: 5, userId: '4607' }
[DEBUG] Processing profile for goog
[0mGET /api/wallet/history [36m304[0m 6.078 ms - -[0m
[0mGET /api/auth/profile [36m304[0m 14.853 ms - -[0m
[AUTH] Token Decoded: { id: 5, userId: '4607' }
[AUTH] Fetching profile for ID: 5
[DEBUG] Processing profile for goog
[0mGET /api/auth/profile [36m304[0m 8.714 ms - -[0m
[AUTH] Token Decoded: { id: 5, userId: '4607' }
[0mGET /api/wallet/history [36m304[0m 5.763 ms - -[0m
[AUTH] Token Decoded: { id: 5, userId: '4607' }
[0mGET /api/ads/my [36m304[0m 3.433 ms - -[0m
[AUTH] Token Decoded: { id: 5, userId: '4607' }
[0mGET /api/chat/conversations [32m200[0m 4.599 ms - 27101[0m
[AUTH] Token Decoded: { id: 5, userId: '4607' }
[AUTH] Fetching profile for ID: 5
[DEBUG] Processing profile for goog
[0mGET /api/auth/profile [36m304[0m 9.080 ms - -[0m
[AUTH] Token Decoded: { id: 5, userId: '4607' }
[0mGET /api/wallet/history [36m304[0m 5.686 ms - -[0m
[AUTH] Token Decoded: { id: 5, userId: '4607' }
[AUTH] Fetching profile for ID: 5
[DEBUG] Processing profile for goog
[0mGET /api/auth/profile [36m304[0m 8.360 ms - -[0m
[AUTH] Token Decoded: { id: 5, userId: '4607' }
[0mGET /api/wallet/history [36m304[0m 5.960 ms - -[0m
[AUTH] Token Decoded: { id: 5, userId: '4607' }
[AUTH] Fetching profile for ID: 5
[AUTH] Token Decoded: { id: 5, userId: '4607' }
[DEBUG] Processing profile for goog
[0mGET /api/wallet/history [36m304[0m 5.762 ms - -[0m
[0mGET /api/auth/profile [36m304[0m 14.521 ms - -[0m
[AUTH] Token Decoded: { id: 5, userId: '4607' }
[AUTH] Fetching profile for ID: 5
[DEBUG] Processing profile for goog
[0mGET /api/auth/profile [36m304[0m 9.030 ms - -[0m
[AUTH] Token Decoded: { id: 5, userId: '4607' }
[0mGET /api/wallet/history [36m304[0m 5.918 ms - -[0m
[AUTH] Token Decoded: { id: 5, userId: '4607' }
[AUTH] Fetching profile for ID: 5
[AUTH] Token Decoded: { id: 5, userId: '4607' }
[DEBUG] Processing profile for goog
[0mGET /api/wallet/history [36m304[0m 5.915 ms - -[0m
[0mGET /api/auth/profile [36m304[0m 14.723 ms - -[0m
[AUTH] Token Decoded: { id: 5, userId: '4607' }
[0mGET /api/wallet/history [36m304[0m 6.065 ms - -[0m
[AUTH] Token Decoded: { id: 5, userId: '4607' }
[AUTH] Fetching profile for ID: 5
[DEBUG] Processing profile for goog
[0mGET /api/auth/profile [36m304[0m 9.511 ms - -[0m
[AUTH] Token Decoded: { id: 5, userId: '4607' }
[AUTH] Token Decoded: { id: 5, userId: '4607' }
[AUTH] Fetching profile for ID: 5
[0mGET /api/wallet/history [36m304[0m 8.537 ms - -[0m
[DEBUG] Processing profile for goog
[0mGET /api/auth/profile [36m304[0m 11.237 ms - -[0m
[AUTH] Token Decoded: { id: 5, userId: '4607' }
[0mGET /api/ads/my [36m304[0m 3.308 ms - -[0m
[AUTH] Token Decoded: { id: 5, userId: '4607' }
[AUTH] Token Decoded: { id: 5, userId: '4607' }
[AUTH] Fetching profile for ID: 5
[0mGET /api/wallet/history [36m304[0m 8.270 ms - -[0m
[DEBUG] Processing profile for goog
[0mGET /api/auth/profile [36m304[0m 10.818 ms - -[0m
[AUTH] Token Decoded: { id: 5, userId: '4607' }
[AUTH] Fetching profile for ID: 5
[AUTH] Token Decoded: { id: 5, userId: '4607' }
[DEBUG] Processing profile for goog
[0mGET /api/wallet/history [36m304[0m 5.758 ms - -[0m
[0mGET /api/auth/profile [36m304[0m 14.703 ms - -[0m
[AUTH] Token Decoded: { id: 5, userId: '4607' }
[AUTH] Fetching profile for ID: 5
[AUTH] Token Decoded: { id: 5, userId: '4607' }
[DEBUG] Processing profile for goog
[0mGET /api/wallet/history [36m304[0m 5.592 ms - -[0m
[0mGET /api/auth/profile [36m304[0m 13.869 ms - -[0m
[AUTH] Token Decoded: { id: 5, userId: '4607' }
[0mGET /api/wallet/history [36m304[0m 6.059 ms - -[0m
[AUTH] Token Decoded: { id: 5, userId: '4607' }
[AUTH] Fetching profile for ID: 5
[DEBUG] Processing profile for goog
[0mGET /api/auth/profile [36m304[0m 8.167 ms - -[0m
[AUTH] Token Decoded: { id: 5, userId: '4607' }
[0mGET /api/wallet/history [36m304[0m 6.056 ms - -[0m
[AUTH] Token Decoded: { id: 5, userId: '4607' }
[AUTH] Fetching profile for ID: 5
[DEBUG] Processing profile for goog
[0mGET /api/auth/profile [36m304[0m 8.917 ms - -[0m
[AUTH] Token Decoded: { id: 5, userId: '4607' }
[0mGET /api/wallet/history [36m304[0m 5.764 ms - -[0m
[AUTH] Token Decoded: { id: 5, userId: '4607' }
[AUTH] Fetching profile for ID: 5
[DEBUG] Processing profile for goog
[0mGET /api/auth/profile [36m304[0m 9.541 ms - -[0m
[AUTH] Token Decoded: { id: 5, userId: '4607' }
[0mGET /api/ads/my [36m304[0m 3.406 ms - -[0m
[AUTH] Token Decoded: { id: 5, userId: '4607' }
[0mGET /api/chat/conversations [32m200[0m 5.027 ms - 27101[0m
[AUTH] Token Decoded: { id: 5, userId: '4607' }
[AUTH] Token Decoded: { id: 5, userId: '4607' }
[AUTH] Fetching profile for ID: 5
[0mGET /api/wallet/history [36m304[0m 8.511 ms - -[0m
[DEBUG] Processing profile for goog
[0mGET /api/auth/profile [36m304[0m 11.286 ms - -[0m
[AUTH] Token Decoded: { id: 5, userId: '4607' }
[0mGET /api/wallet/history [36m304[0m 6.088 ms - -[0m
[AUTH] Token Decoded: { id: 5, userId: '4607' }
[AUTH] Fetching profile for ID: 5
[DEBUG] Processing profile for goog
[0mGET /api/auth/profile [36m304[0m 9.130 ms - -[0m
[AUTH] Token Decoded: { id: 5, userId: '4607' }
[AUTH] Fetching profile for ID: 5
[DEBUG] Processing profile for goog
[AUTH] Token Decoded: { id: 5, userId: '4607' }
[0mGET /api/auth/profile [36m304[0m 12.072 ms - -[0m
[0mGET /api/wallet/history [36m304[0m 7.617 ms - -[0m
[AUTH] Token Decoded: { id: 5, userId: '4607' }
[AUTH] Fetching profile for ID: 5
[DEBUG] Processing profile for goog
[0mGET /api/auth/profile [36m304[0m 9.209 ms - -[0m
[AUTH] Token Decoded: { id: 5, userId: '4607' }
[0mGET /api/wallet/history [36m304[0m 6.781 ms - -[0m
[AUTH] Token Decoded: { id: 5, userId: '4607' }
[AUTH] Fetching profile for ID: 5
[DEBUG] Processing profile for goog
[0mGET /api/auth/profile [36m304[0m 9.096 ms - -[0m
[AUTH] Token Decoded: { id: 5, userId: '4607' }
[0mGET /api/wallet/history [36m304[0m 6.181 ms - -[0m
[AUTH] Token Decoded: { id: 5, userId: '4607' }
[AUTH] Fetching profile for ID: 5
[DEBUG] Processing profile for goog
[0mGET /api/auth/profile [36m304[0m 8.671 ms - -[0m
[AUTH] Token Decoded: { id: 5, userId: '4607' }
[0mGET /api/wallet/history [36m304[0m 6.059 ms - -[0m
[AUTH] Token Decoded: { id: 5, userId: '4607' }
[0mGET /api/ads/my [36m304[0m 3.275 ms - -[0m
[AUTH] Token Decoded: { id: 5, userId: '4607' }
[AUTH] Fetching profile for ID: 5
[AUTH] Token Decoded: { id: 5, userId: '4607' }
[DEBUG] Processing profile for goog
[0mGET /api/wallet/history [36m304[0m 5.882 ms - -[0m
[0mGET /api/auth/profile [36m304[0m 14.326 ms - -[0m
[AUTH] Token Decoded: { id: 5, userId: '4607' }
[0mGET /api/wallet/history [36m304[0m 5.951 ms - -[0m
[AUTH] Token Decoded: { id: 5, userId: '4607' }
[AUTH] Fetching profile for ID: 5
[DEBUG] Processing profile for goog
[0mGET /api/auth/profile [36m304[0m 8.629 ms - -[0m
[AUTH] Token Decoded: { id: 5, userId: '4607' }
[AUTH] Fetching profile for ID: 5
[AUTH] Token Decoded: { id: 5, userId: '4607' }
[DEBUG] Processing profile for goog
[0mGET /api/wallet/history [36m304[0m 5.821 ms - -[0m
[0mGET /api/auth/profile [36m304[0m 14.336 ms - -[0m
[AUTH] Token Decoded: { id: 5, userId: '4607' }
[AUTH] Token Decoded: { id: 5, userId: '4607' }
[AUTH] Fetching profile for ID: 5
[0mGET /api/wallet/history [36m304[0m 8.573 ms - -[0m
[DEBUG] Processing profile for goog
[0mGET /api/auth/profile [36m304[0m 10.764 ms - -[0m
[AUTH] Token Decoded: { id: 5, userId: '4607' }
[AUTH] Token Decoded: { id: 5, userId: '4607' }
[AUTH] Fetching profile for ID: 5
[0mGET /api/wallet/history [36m304[0m 8.777 ms - -[0m
[DEBUG] Processing profile for goog
[0mGET /api/auth/profile [36m304[0m 11.200 ms - -[0m
[AUTH] Token Decoded: { id: 5, userId: '4607' }
[AUTH] Fetching profile for ID: 5
[AUTH] Token Decoded: { id: 5, userId: '4607' }
[DEBUG] Processing profile for goog
[0mGET /api/wallet/history [36m304[0m 5.624 ms - -[0m
[0mGET /api/auth/profile [36m304[0m 14.096 ms - -[0m
[AUTH] Token Decoded: { id: 5, userId: '4607' }
[0mGET /api/chat/conversations [32m200[0m 4.413 ms - 27101[0m
[AUTH] Token Decoded: { id: 5, userId: '4607' }
[0mGET /api/ads/my [36m304[0m 3.498 ms - -[0m
[AUTH] Token Decoded: { id: 5, userId: '4607' }
[AUTH] Fetching profile for ID: 5
[AUTH] Token Decoded: { id: 5, userId: '4607' }
[DEBUG] Processing profile for goog
[0mGET /api/wallet/history [36m304[0m 5.723 ms - -[0m
[0mGET /api/auth/profile [36m304[0m 14.510 ms - -[0m
[AUTH] Token Decoded: { id: 5, userId: '4607' }
[0mGET /api/wallet/history [36m304[0m 5.228 ms - -[0m
[AUTH] Token Decoded: { id: 5, userId: '4607' }
[AUTH] Fetching profile for ID: 5
[DEBUG] Processing profile for goog
[0mGET /api/auth/profile [36m304[0m 12.300 ms - -[0m
[AUTH] Token Decoded: { id: 5, userId: '4607' }
[0mGET /api/wallet/history [36m304[0m 5.046 ms - -[0m
[AUTH] Token Decoded: { id: 5, userId: '4607' }
[AUTH] Fetching profile for ID: 5
[DEBUG] Processing profile for goog
[0mGET /api/auth/profile [36m304[0m 7.975 ms - -[0m
[AUTH] Token Decoded: { id: 5, userId: '4607' }
[AUTH] Fetching profile for ID: 5
[DEBUG] Processing profile for goog
[0mGET /api/auth/profile [36m304[0m 7.908 ms - -[0m
[AUTH] Token Decoded: { id: 5, userId: '4607' }
[0mGET /api/wallet/history [36m304[0m 4.881 ms - -[0m
[AUTH] Token Decoded: { id: 5, userId: '4607' }
[AUTH] Fetching profile for ID: 5
[DEBUG] Processing profile for goog
[0mGET /api/auth/profile [36m304[0m 8.024 ms - -[0m
[AUTH] Token Decoded: { id: 5, userId: '4607' }
[0mGET /api/wallet/history [36m304[0m 4.916 ms - -[0m
[AUTH] Token Decoded: { id: 5, userId: '4607' }
[AUTH] Fetching profile for ID: 5
[DEBUG] Processing profile for goog
[0mGET /api/auth/profile [36m304[0m 8.119 ms - -[0m
[AUTH] Token Decoded: { id: 5, userId: '4607' }
[0mGET /api/wallet/history [36m304[0m 5.026 ms - -[0m
[AUTH] Token Decoded: { id: 5, userId: '4607' }
[0mGET /api/ads/my [36m304[0m 3.092 ms - -[0m
[AUTH] Token Decoded: { id: 5, userId: '4607' }
[AUTH] Fetching profile for ID: 5
[AUTH] Token Decoded: { id: 5, userId: '4607' }
[DEBUG] Processing profile for goog
[0mGET /api/wallet/history [36m304[0m 4.925 ms - -[0m
[0mGET /api/auth/profile [36m304[0m 12.602 ms - -[0m
[AUTH] Token Decoded: { id: 5, userId: '4607' }
[0mGET /api/wallet/history [36m304[0m 4.872 ms - -[0m
[AUTH] Token Decoded: { id: 5, userId: '4607' }
[AUTH] Fetching profile for ID: 5
[DEBUG] Processing profile for goog
[0mGET /api/auth/profile [36m304[0m 10.641 ms - -[0m
[AUTH] Token Decoded: { id: 5, userId: '4607' }
[0mGET /api/wallet/history [36m304[0m 5.478 ms - -[0m
[AUTH] Token Decoded: { id: 5, userId: '4607' }
[AUTH] Fetching profile for ID: 5
[DEBUG] Processing profile for goog
[0mGET /api/auth/profile [36m304[0m 7.631 ms - -[0m
[AUTH] Token Decoded: { id: 5, userId: '4607' }
[AUTH] Fetching profile for ID: 5
[AUTH] Token Decoded: { id: 5, userId: '4607' }
[DEBUG] Processing profile for goog
[0mGET /api/wallet/history [36m304[0m 5.758 ms - -[0m
[0mGET /api/auth/profile [36m304[0m 13.338 ms - -[0m
[AUTH] Token Decoded: { id: 5, userId: '4607' }
[AUTH] Token Decoded: { id: 5, userId: '4607' }
[AUTH] Fetching profile for ID: 5
[0mGET /api/wallet/history [36m304[0m 8.256 ms - -[0m
[DEBUG] Processing profile for goog
[0mGET /api/auth/profile [36m304[0m 11.386 ms - -[0m
[AUTH] Token Decoded: { id: 5, userId: '4607' }
[AUTH] Fetching profile for ID: 5
[AUTH] Token Decoded: { id: 5, userId: '4607' }
[DEBUG] Processing profile for goog
[0mGET /api/wallet/history [36m304[0m 5.827 ms - -[0m
[0mGET /api/auth/profile [36m304[0m 14.418 ms - -[0m
[AUTH] Token Decoded: { id: 5, userId: '4607' }
[AUTH] Token Decoded: { id: 5, userId: '4607' }
[AUTH] Token Decoded: { id: 5, userId: '4607' }
[AUTH] Fetching profile for ID: 5
[AUTH] Token Decoded: { id: 5, userId: '4607' }
[0mGET /api/ads/my [36m304[0m 12.999 ms - -[0m
[0mGET /api/chat/conversations [32m200[0m 12.259 ms - 27101[0m
✅ Connected to PostgreSQL database
✅ Connected to PostgreSQL database
[DEBUG] Processing profile for goog
[0mGET /api/wallet/history [36m304[0m 89.950 ms - -[0m
[0mGET /api/auth/profile [36m304[0m 113.452 ms - -[0m
[AUTH] Token Decoded: { id: 5, userId: '4607' }
[0mGET /api/wallet/history [36m304[0m 7.860 ms - -[0m
[AUTH] Token Decoded: { id: 5, userId: '4607' }
[AUTH] Fetching profile for ID: 5
[DEBUG] Processing profile for goog
[0mGET /api/auth/profile [36m304[0m 7.929 ms - -[0m
[AUTH] Token Decoded: { id: 5, userId: '4607' }
[AUTH] Token Decoded: { id: 5, userId: '4607' }
[AUTH] Fetching profile for ID: 5
[0mGET /api/wallet/history [36m304[0m 7.316 ms - -[0m
[DEBUG] Processing profile for goog
[0mGET /api/auth/profile [36m304[0m 17.769 ms - -[0m
[AUTH] Token Decoded: { id: 5, userId: '4607' }
[AUTH] Fetching profile for ID: 5
[AUTH] Token Decoded: { id: 5, userId: '4607' }
[DEBUG] Processing profile for goog
[0mGET /api/wallet/history [36m304[0m 5.187 ms - -[0m
[0mGET /api/auth/profile [36m304[0m 13.460 ms - -[0m
[AUTH] Token Decoded: { id: 5, userId: '4607' }
[AUTH] Fetching profile for ID: 5
[AUTH] Token Decoded: { id: 5, userId: '4607' }
[DEBUG] Processing profile for goog
[0mGET /api/wallet/history [36m304[0m 4.906 ms - -[0m
[0mGET /api/auth/profile [36m304[0m 12.646 ms - -[0m
[AUTH] Token Decoded: { id: 5, userId: '4607' }
[AUTH] Fetching profile for ID: 5
[AUTH] Token Decoded: { id: 5, userId: '4607' }
[DEBUG] Processing profile for goog
[0mGET /api/wallet/history [36m304[0m 7.720 ms - -[0m
[0mGET /api/auth/profile [36m304[0m 21.394 ms - -[0m
[AUTH] Token Decoded: { id: 5, userId: '4607' }
[0mGET /api/ads/my [36m304[0m 6.336 ms - -[0m
[AUTH] Token Decoded: { id: 5, userId: '4607' }
[AUTH] Fetching profile for ID: 5
[AUTH] Token Decoded: { id: 5, userId: '4607' }
[DEBUG] Processing profile for goog
[0mGET /api/wallet/history [36m304[0m 5.703 ms - -[0m
[0mGET /api/auth/profile [36m304[0m 14.221 ms - -[0m
[AUTH] Token Decoded: { id: 5, userId: '4607' }
[0mGET /api/wallet/history [36m304[0m 6.008 ms - -[0m
[AUTH] Token Decoded: { id: 5, userId: '4607' }
[AUTH] Fetching profile for ID: 5
[DEBUG] Processing profile for goog
[0mGET /api/auth/profile [36m304[0m 9.155 ms - -[0m
[AUTH] Token Decoded: { id: 5, userId: '4607' }
[AUTH] Fetching profile for ID: 5
[DEBUG] Processing profile for goog
[0mGET /api/auth/profile [36m304[0m 9.222 ms - -[0m
[AUTH] Token Decoded: { id: 5, userId: '4607' }
[0mGET /api/wallet/history [36m304[0m 5.877 ms - -[0m
[AUTH] Token Decoded: { id: 5, userId: '4607' }
[AUTH] Fetching profile for ID: 5
[DEBUG] Processing profile for goog
[0mGET /api/auth/profile [36m304[0m 8.523 ms - -[0m
[AUTH] Token Decoded: { id: 5, userId: '4607' }
[0mGET /api/wallet/history [36m304[0m 6.041 ms - -[0m
[AUTH] Token Decoded: { id: 5, userId: '4607' }
[0mGET /api/wallet/history [36m304[0m 6.204 ms - -[0m
[AUTH] Token Decoded: { id: 5, userId: '4607' }
[AUTH] Fetching profile for ID: 5
[DEBUG] Processing profile for goog
[0mGET /api/auth/profile [36m304[0m 8.948 ms - -[0m
[AUTH] Token Decoded: { id: 5, userId: '4607' }
[AUTH] Token Decoded: { id: 5, userId: '4607' }
[AUTH] Fetching profile for ID: 5
[0mGET /api/wallet/history [36m304[0m 8.490 ms - -[0m
[DEBUG] Processing profile for goog
[0mGET /api/auth/profile [36m304[0m 11.427 ms - -[0m
[AUTH] Token Decoded: { id: 5, userId: '4607' }
[0mGET /api/ads/my [36m304[0m 5.930 ms - -[0m
[AUTH] Token Decoded: { id: 5, userId: '4607' }
[0mGET /api/chat/conversations [32m200[0m 7.241 ms - 27101[0m
[AUTH] Token Decoded: { id: 5, userId: '4607' }
[AUTH] Fetching profile for ID: 5
[DEBUG] Processing profile for goog
[AUTH] Token Decoded: { id: 5, userId: '4607' }
[0mGET /api/auth/profile [36m304[0m 12.608 ms - -[0m
[0mGET /api/wallet/history [36m304[0m 6.919 ms - -[0m
[AUTH] Token Decoded: { id: 5, userId: '4607' }
[AUTH] Fetching profile for ID: 5
[AUTH] Token Decoded: { id: 5, userId: '4607' }
[DEBUG] Processing profile for goog
[0mGET /api/wallet/history [36m304[0m 5.734 ms - -[0m
[0mGET /api/auth/profile [36m304[0m 14.653 ms - -[0m
[AUTH] Token Decoded: { id: 5, userId: '4607' }
[AUTH] Token Decoded: { id: 5, userId: '4607' }
[AUTH] Fetching profile for ID: 5
[0mGET /api/wallet/history [36m304[0m 8.377 ms - -[0m
[DEBUG] Processing profile for goog
[0mGET /api/auth/profile [36m304[0m 11.194 ms - -[0m
[AUTH] Token Decoded: { id: 5, userId: '4607' }
[AUTH] Token Decoded: { id: 5, userId: '4607' }
[AUTH] Fetching profile for ID: 5
[0mGET /api/wallet/history [36m304[0m 7.906 ms - -[0m
[DEBUG] Processing profile for goog
[0mGET /api/auth/profile [36m304[0m 11.715 ms - -[0m
[AUTH] Token Decoded: { id: 5, userId: '4607' }
[AUTH] Token Decoded: { id: 5, userId: '4607' }
[AUTH] Fetching profile for ID: 5
[0mGET /api/wallet/history [36m304[0m 8.386 ms - -[0m
[DEBUG] Processing profile for goog
[0mGET /api/auth/profile [36m304[0m 11.218 ms - -[0m
[AUTH] Token Decoded: { id: 5, userId: '4607' }
[AUTH] Token Decoded: { id: 5, userId: '4607' }
[AUTH] Fetching profile for ID: 5
[0mGET /api/wallet/history [36m304[0m 8.548 ms - -[0m
[DEBUG] Processing profile for goog
[0mGET /api/auth/profile [36m304[0m 11.077 ms - -[0m
[AUTH] Token Decoded: { id: 5, userId: '4607' }
[AUTH] Fetching profile for ID: 5
[DEBUG] Processing profile for goog
[AUTH] Token Decoded: { id: 5, userId: '4607' }
[AUTH] Token Decoded: { id: 5, userId: '4607' }
[0mGET /api/wallet/history [36m304[0m 5.652 ms - -[0m
[0mGET /api/ads/my [36m304[0m 5.708 ms - -[0m
[0mGET /api/auth/profile [36m304[0m 18.695 ms - -[0m
[AUTH] Token Decoded: { id: 5, userId: '4607' }
[0mGET /api/wallet/history [36m304[0m 4.589 ms - -[0m
[AUTH] Token Decoded: { id: 5, userId: '4607' }
[AUTH] Fetching profile for ID: 5
[DEBUG] Processing profile for goog
[0mGET /api/auth/profile [36m304[0m 8.234 ms - -[0m
[AUTH] Token Decoded: { id: 5, userId: '4607' }
[0mGET /api/wallet/history [36m304[0m 4.977 ms - -[0m
[AUTH] Token Decoded: { id: 5, userId: '4607' }
[AUTH] Fetching profile for ID: 5
[DEBUG] Processing profile for goog
[0mGET /api/auth/profile [36m304[0m 7.820 ms - -[0m
[AUTH] Token Decoded: { id: 5, userId: '4607' }
[0mGET /api/wallet/history [36m304[0m 4.656 ms - -[0m
[AUTH] Token Decoded: { id: 5, userId: '4607' }
[AUTH] Fetching profile for ID: 5
[DEBUG] Processing profile for goog
[0mGET /api/auth/profile [36m304[0m 7.926 ms - -[0m
[AUTH] Token Decoded: { id: 5, userId: '4607' }
[0mGET /api/wallet/history [36m304[0m 5.061 ms - -[0m
[AUTH] Token Decoded: { id: 5, userId: '4607' }
[AUTH] Fetching profile for ID: 5
[DEBUG] Processing profile for goog
[0mGET /api/auth/profile [36m304[0m 7.467 ms - -[0m
[AUTH] Token Decoded: { id: 5, userId: '4607' }
[0mGET /api/wallet/history [36m304[0m 5.738 ms - -[0m
[AUTH] Token Decoded: { id: 5, userId: '4607' }
[AUTH] Fetching profile for ID: 5
[DEBUG] Processing profile for goog
[0mGET /api/auth/profile [36m304[0m 7.763 ms - -[0m
[AUTH] Token Decoded: { id: 5, userId: '4607' }
[0mGET /api/wallet/history [36m304[0m 4.601 ms - -[0m
[AUTH] Token Decoded: { id: 5, userId: '4607' }
[AUTH] Fetching profile for ID: 5
[DEBUG] Processing profile for goog
[0mGET /api/auth/profile [36m304[0m 8.569 ms - -[0m
[AUTH] Token Decoded: { id: 5, userId: '4607' }
[0mGET /api/chat/conversations [32m200[0m 6.115 ms - 27101[0m
[AUTH] Token Decoded: { id: 5, userId: '4607' }
[0mGET /api/ads/my [36m304[0m 2.939 ms - -[0m
[AUTH] Token Decoded: { id: 5, userId: '4607' }
[0mGET /api/wallet/history [36m304[0m 4.986 ms - -[0m
[AUTH] Token Decoded: { id: 5, userId: '4607' }
[AUTH] Fetching profile for ID: 5
[DEBUG] Processing profile for goog
[0mGET /api/auth/profile [36m304[0m 7.837 ms - -[0m
[AUTH] Token Decoded: { id: 5, userId: '4607' }
[AUTH] Token Decoded: { id: 5, userId: '4607' }
[AUTH] Fetching profile for ID: 5
[0mGET /api/wallet/history [36m304[0m 7.717 ms - -[0m
[DEBUG] Processing profile for goog
[0mGET /api/auth/profile [36m304[0m 10.161 ms - -[0m
[AUTH] Token Decoded: { id: 5, userId: '4607' }
[0mGET /api/wallet/history [36m304[0m 4.858 ms - -[0m
[AUTH] Token Decoded: { id: 5, userId: '4607' }
[AUTH] Fetching profile for ID: 5
[DEBUG] Processing profile for goog
[0mGET /api/auth/profile [36m304[0m 8.074 ms - -[0m
[AUTH] Token Decoded: { id: 5, userId: '4607' }
[AUTH] Token Decoded: { id: 5, userId: '4607' }
[AUTH] Fetching profile for ID: 5
[0mGET /api/wallet/history [36m304[0m 7.704 ms - -[0m
[DEBUG] Processing profile for goog
[0mGET /api/auth/profile [36m304[0m 10.371 ms - -[0m
[AUTH] Token Decoded: { id: 5, userId: '4607' }
[0mGET /api/wallet/history [36m304[0m 4.743 ms - -[0m
[AUTH] Token Decoded: { id: 5, userId: '4607' }
[AUTH] Fetching profile for ID: 5
[DEBUG] Processing profile for goog
[0mGET /api/auth/profile [36m304[0m 7.797 ms - -[0m
[AUTH] Token Decoded: { id: 5, userId: '4607' }
[AUTH] Fetching profile for ID: 5
[AUTH] Token Decoded: { id: 5, userId: '4607' }
[DEBUG] Processing profile for goog
[0mGET /api/wallet/history [36m304[0m 5.735 ms - -[0m
[0mGET /api/auth/profile [36m304[0m 13.953 ms - -[0m
[AUTH] Token Decoded: { id: 5, userId: '4607' }
[0mGET /api/ads/my [36m304[0m 3.456 ms - -[0m
[AUTH] Token Decoded: { id: 5, userId: '4607' }
[AUTH] Fetching profile for ID: 5
[AUTH] Token Decoded: { id: 5, userId: '4607' }
[DEBUG] Processing profile for goog
[0mGET /api/wallet/history [36m304[0m 5.791 ms - -[0m
[0mGET /api/auth/profile [36m304[0m 14.336 ms - -[0m
[AUTH] Token Decoded: { id: 5, userId: '4607' }
[0mGET /api/wallet/history [36m304[0m 6.220 ms - -[0m
[AUTH] Token Decoded: { id: 5, userId: '4607' }
[AUTH] Fetching profile for ID: 5
[DEBUG] Processing profile for goog
[0mGET /api/auth/profile [36m304[0m 8.816 ms - -[0m
[AUTH] Token Decoded: { id: 5, userId: '4607' }
[AUTH] Fetching profile for ID: 5
[AUTH] Token Decoded: { id: 5, userId: '4607' }
[DEBUG] Processing profile for goog
[0mGET /api/wallet/history [36m304[0m 5.468 ms - -[0m
[0mGET /api/auth/profile [36m304[0m 13.704 ms - -[0m
[AUTH] Token Decoded: { id: 5, userId: '4607' }
[0mGET /api/wallet/history [36m304[0m 5.639 ms - -[0m
[AUTH] Token Decoded: { id: 5, userId: '4607' }
[AUTH] Fetching profile for ID: 5
[DEBUG] Processing profile for goog
[0mGET /api/auth/profile [36m304[0m 8.534 ms - -[0m
[AUTH] Token Decoded: { id: 5, userId: '4607' }
[AUTH] Fetching profile for ID: 5
[AUTH] Token Decoded: { id: 5, userId: '4607' }
[DEBUG] Processing profile for goog
[0mGET /api/wallet/history [36m304[0m 7.025 ms - -[0m
[0mGET /api/auth/profile [36m304[0m 15.127 ms - -[0m
[AUTH] Token Decoded: { id: 5, userId: '4607' }
[AUTH] Fetching profile for ID: 5
[DEBUG] Processing profile for goog
[0mGET /api/auth/profile [36m304[0m 8.755 ms - -[0m
[AUTH] Token Decoded: { id: 5, userId: '4607' }
[0mGET /api/wallet/history [36m304[0m 6.114 ms - -[0m
[AUTH] Token Decoded: { id: 5, userId: '4607' }
[AUTH] Token Decoded: { id: 5, userId: '4607' }
[0mGET /api/chat/conversations [32m200[0m 5.991 ms - 27101[0m
[0mGET /api/ads/my [36m304[0m 5.632 ms - -[0m
[AUTH] Token Decoded: { id: 5, userId: '4607' }
[0mGET /api/wallet/history [36m304[0m 6.024 ms - -[0m
[AUTH] Token Decoded: { id: 5, userId: '4607' }
[AUTH] Fetching profile for ID: 5
[DEBUG] Processing profile for goog
[0mGET /api/auth/profile [36m304[0m 8.289 ms - -[0m
[AUTH] Token Decoded: { id: 5, userId: '4607' }
[AUTH] Fetching profile for ID: 5
[AUTH] Token Decoded: { id: 5, userId: '4607' }
[DEBUG] Processing profile for goog
[0mGET /api/wallet/history [36m304[0m 6.109 ms - -[0m
[0mGET /api/auth/profile [36m304[0m 14.426 ms - -[0m
[AUTH] Token Decoded: { id: 5, userId: '4607' }
[AUTH] Fetching profile for ID: 5
[DEBUG] Processing profile for goog
[AUTH] Token Decoded: { id: 5, userId: '4607' }
[0mGET /api/auth/profile [36m304[0m 12.007 ms - -[0m
[0mGET /api/wallet/history [36m304[0m 7.228 ms - -[0m
[AUTH] Token Decoded: { id: 5, userId: '4607' }
[AUTH] Fetching profile for ID: 5
[DEBUG] Processing profile for goog
[0mGET /api/auth/profile [36m304[0m 8.643 ms - -[0m
[AUTH] Token Decoded: { id: 5, userId: '4607' }
[0mGET /api/wallet/history [36m304[0m 5.722 ms - -[0m
[AUTH] Token Decoded: { id: 5, userId: '4607' }
[AUTH] Fetching profile for ID: 5
[DEBUG] Processing profile for goog
[AUTH] Token Decoded: { id: 5, userId: '4607' }
[0mGET /api/auth/profile [36m304[0m 11.715 ms - -[0m
[0mGET /api/wallet/history [36m304[0m 6.333 ms - -[0m
[AUTH] Token Decoded: { id: 5, userId: '4607' }
[AUTH] Fetching profile for ID: 5
[AUTH] Token Decoded: { id: 5, userId: '4607' }
[DEBUG] Processing profile for goog
[0mGET /api/wallet/history [36m304[0m 5.682 ms - -[0m
[0mGET /api/auth/profile [36m304[0m 14.241 ms - -[0m
[AUTH] Token Decoded: { id: 5, userId: '4607' }
[0mGET /api/ads/my [36m304[0m 3.678 ms - -[0m
[AUTH] Token Decoded: { id: 5, userId: '4607' }
[AUTH] Token Decoded: { id: 5, userId: '4607' }
[AUTH] Fetching profile for ID: 5
[0mGET /api/wallet/history [36m304[0m 8.326 ms - -[0m
[DEBUG] Processing profile for goog
[0mGET /api/auth/profile [36m304[0m 11.399 ms - -[0m
[AUTH] Token Decoded: { id: 5, userId: '4607' }
[0mGET /api/wallet/history [36m304[0m 6.683 ms - -[0m
[AUTH] Token Decoded: { id: 5, userId: '4607' }
[AUTH] Fetching profile for ID: 5
[DEBUG] Processing profile for goog
[0mGET /api/auth/profile [36m304[0m 10.942 ms - -[0m
[AUTH] Token Decoded: { id: 5, userId: '4607' }
[0mGET /api/wallet/history [36m304[0m 6.089 ms - -[0m
[AUTH] Token Decoded: { id: 5, userId: '4607' }
[AUTH] Fetching profile for ID: 5
[DEBUG] Processing profile for goog
[0mGET /api/auth/profile [36m304[0m 8.341 ms - -[0m
[AUTH] Token Decoded: { id: 5, userId: '4607' }
[AUTH] Token Decoded: { id: 5, userId: '4607' }
[AUTH] Fetching profile for ID: 5
[0mGET /api/wallet/history [36m304[0m 8.468 ms - -[0m
[DEBUG] Processing profile for goog
[0mGET /api/auth/profile [36m304[0m 11.610 ms - -[0m
[AUTH] Token Decoded: { id: 5, userId: '4607' }
[0mGET /api/wallet/history [36m304[0m 6.005 ms - -[0m
[AUTH] Token Decoded: { id: 5, userId: '4607' }
[AUTH] Fetching profile for ID: 5
[DEBUG] Processing profile for goog
[0mGET /api/auth/profile [36m304[0m 8.166 ms - -[0m
[AUTH] Token Decoded: { id: 5, userId: '4607' }
[0mGET /api/wallet/history [36m304[0m 4.966 ms - -[0m
[AUTH] Token Decoded: { id: 5, userId: '4607' }
[AUTH] Fetching profile for ID: 5
[DEBUG] Processing profile for goog
[0mGET /api/auth/profile [36m304[0m 9.004 ms - -[0m
[AUTH] Token Decoded: { id: 5, userId: '4607' }
[AUTH] Token Decoded: { id: 5, userId: '4607' }
[0mGET /api/ads/my [36m304[0m 5.621 ms - -[0m
[0mGET /api/chat/conversations [32m200[0m 5.021 ms - 27101[0m
[AUTH] Token Decoded: { id: 5, userId: '4607' }
[AUTH] Token Decoded: { id: 5, userId: '4607' }
[AUTH] Fetching profile for ID: 5
[0mGET /api/wallet/history [36m304[0m 8.360 ms - -[0m
[DEBUG] Processing profile for goog
[0mGET /api/auth/profile [36m304[0m 11.111 ms - -[0m
[AUTH] Token Decoded: { id: 5, userId: '4607' }
[AUTH] Token Decoded: { id: 5, userId: '4607' }
[AUTH] Fetching profile for ID: 5
[0mGET /api/wallet/history [36m304[0m 8.125 ms - -[0m
[DEBUG] Processing profile for goog
[0mGET /api/auth/profile [36m304[0m 11.055 ms - -[0m
[AUTH] Token Decoded: { id: 5, userId: '4607' }
[0mGET /api/wallet/history [36m304[0m 5.899 ms - -[0m
[AUTH] Token Decoded: { id: 5, userId: '4607' }
[AUTH] Fetching profile for ID: 5
[DEBUG] Processing profile for goog
[0mGET /api/auth/profile [36m304[0m 8.281 ms - -[0m
[AUTH] Token Decoded: { id: 5, userId: '4607' }
[0mGET /api/wallet/history [36m304[0m 6.296 ms - -[0m
[AUTH] Token Decoded: { id: 5, userId: '4607' }
[AUTH] Fetching profile for ID: 5
[DEBUG] Processing profile for goog
[0mGET /api/auth/profile [36m304[0m 8.895 ms - -[0m
[AUTH] Token Decoded: { id: 5, userId: '4607' }
[AUTH] Fetching profile for ID: 5
[AUTH] Token Decoded: { id: 5, userId: '4607' }
[DEBUG] Processing profile for goog
[0mGET /api/wallet/history [36m304[0m 5.702 ms - -[0m
[0mGET /api/auth/profile [36m304[0m 13.909 ms - -[0m
[AUTH] Token Decoded: { id: 5, userId: '4607' }
[0mGET /api/wallet/history [36m304[0m 6.045 ms - -[0m
[AUTH] Token Decoded: { id: 5, userId: '4607' }
[AUTH] Fetching profile for ID: 5
[DEBUG] Processing profile for goog
[0mGET /api/auth/profile [36m304[0m 9.070 ms - -[0m
[AUTH] Token Decoded: { id: 5, userId: '4607' }
[0mGET /api/ads/my [36m304[0m 3.404 ms - -[0m
[AUTH] Token Decoded: { id: 5, userId: '4607' }
[AUTH] Token Decoded: { id: 5, userId: '4607' }
[AUTH] Fetching profile for ID: 5
[0mGET /api/wallet/history [36m304[0m 8.446 ms - -[0m
[DEBUG] Processing profile for goog
[0mGET /api/auth/profile [36m304[0m 11.554 ms - -[0m
[AUTH] Token Decoded: { id: 5, userId: '4607' }
[AUTH] Token Decoded: { id: 5, userId: '4607' }
[AUTH] Fetching profile for ID: 5
[0mGET /api/wallet/history [36m304[0m 8.172 ms - -[0m
[DEBUG] Processing profile for goog
[0mGET /api/auth/profile [36m304[0m 10.700 ms - -[0m
[AUTH] Token Decoded: { id: 5, userId: '4607' }
[AUTH] Fetching profile for ID: 5
[AUTH] Token Decoded: { id: 5, userId: '4607' }
[DEBUG] Processing profile for goog
[0mGET /api/wallet/history [36m304[0m 5.641 ms - -[0m
[0mGET /api/auth/profile [36m304[0m 14.243 ms - -[0m
[AUTH] Token Decoded: { id: 5, userId: '4607' }
[0mGET /api/wallet/history [36m304[0m 5.989 ms - -[0m
[AUTH] Token Decoded: { id: 5, userId: '4607' }
[AUTH] Fetching profile for ID: 5
[DEBUG] Processing profile for goog
[0mGET /api/auth/profile [36m304[0m 8.813 ms - -[0m
[AUTH] Token Decoded: { id: 5, userId: '4607' }
[AUTH] Token Decoded: { id: 5, userId: '4607' }
[AUTH] Fetching profile for ID: 5
[0mGET /api/wallet/history [36m304[0m 8.771 ms - -[0m
[DEBUG] Processing profile for goog
[0mGET /api/auth/profile [36m304[0m 11.381 ms - -[0m
[AUTH] Token Decoded: { id: 5, userId: '4607' }
[AUTH] Token Decoded: { id: 5, userId: '4607' }
[AUTH] Fetching profile for ID: 5
[0mGET /api/wallet/history [36m304[0m 8.147 ms - -[0m
[DEBUG] Processing profile for goog
[0mGET /api/auth/profile [36m304[0m 10.959 ms - -[0m
[AUTH] Token Decoded: { id: 5, userId: '4607' }
[AUTH] Token Decoded: { id: 5, userId: '4607' }
[0mGET /api/chat/conversations [32m200[0m 6.304 ms - 27101[0m
[0mGET /api/wallet/history [36m304[0m 5.802 ms - -[0m
[AUTH] Token Decoded: { id: 5, userId: '4607' }
[0mGET /api/ads/my [36m304[0m 3.079 ms - -[0m
[AUTH] Token Decoded: { id: 5, userId: '4607' }
[AUTH] Fetching profile for ID: 5
[DEBUG] Processing profile for goog
[0mGET /api/auth/profile [36m304[0m 9.132 ms - -[0m
[AUTH] Token Decoded: { id: 5, userId: '4607' }
[0mGET /api/wallet/history [36m304[0m 6.206 ms - -[0m
[AUTH] Token Decoded: { id: 5, userId: '4607' }
[AUTH] Fetching profile for ID: 5
[DEBUG] Processing profile for goog
[0mGET /api/auth/profile [36m304[0m 8.763 ms - -[0m
[AUTH] Token Decoded: { id: 5, userId: '4607' }
[0mGET /api/wallet/history [36m304[0m 6.033 ms - -[0m
[AUTH] Token Decoded: { id: 5, userId: '4607' }
[AUTH] Fetching profile for ID: 5
[DEBUG] Processing profile for goog
[0mGET /api/auth/profile [36m304[0m 8.840 ms - -[0m
[AUTH] Token Decoded: { id: 5, userId: '4607' }
[0mGET /api/wallet/history [36m304[0m 4.879 ms - -[0m
[AUTH] Token Decoded: { id: 5, userId: '4607' }
[AUTH] Fetching profile for ID: 5
[DEBUG] Processing profile for goog
[0mGET /api/auth/profile [36m304[0m 8.193 ms - -[0m
[AUTH] Token Decoded: { id: 5, userId: '4607' }
[0mGET /api/wallet/history [36m304[0m 4.548 ms - -[0m
[AUTH] Token Decoded: { id: 5, userId: '4607' }
[AUTH] Fetching profile for ID: 5
[DEBUG] Processing profile for goog
[0mGET /api/auth/profile [36m304[0m 8.296 ms - -[0m
[AUTH] Token Decoded: { id: 5, userId: '4607' }
[0mGET /api/wallet/history [36m304[0m 4.987 ms - -[0m
[AUTH] Token Decoded: { id: 5, userId: '4607' }
[AUTH] Fetching profile for ID: 5
[DEBUG] Processing profile for goog
[0mGET /api/auth/profile [36m304[0m 10.866 ms - -[0m
[AUTH] Token Decoded: { id: 5, userId: '4607' }
[0mGET /api/ads/my [36m304[0m 3.813 ms - -[0m
[AUTH] Token Decoded: { id: 5, userId: '4607' }
[0mGET /api/wallet/history [36m304[0m 4.854 ms - -[0m
[AUTH] Token Decoded: { id: 5, userId: '4607' }
[AUTH] Fetching profile for ID: 5
[DEBUG] Processing profile for goog
[0mGET /api/auth/profile [36m304[0m 7.427 ms - -[0m
[AUTH] Token Decoded: { id: 5, userId: '4607' }
[0mGET /api/wallet/history [36m304[0m 5.011 ms - -[0m
[AUTH] Token Decoded: { id: 5, userId: '4607' }
[AUTH] Fetching profile for ID: 5
[DEBUG] Processing profile for goog
[0mGET /api/auth/profile [36m304[0m 7.744 ms - -[0m
[AUTH] Token Decoded: { id: 5, userId: '4607' }
[0mGET /api/wallet/history [36m304[0m 5.909 ms - -[0m
[AUTH] Token Decoded: { id: 5, userId: '4607' }
[AUTH] Fetching profile for ID: 5
[DEBUG] Processing profile for goog
[0mGET /api/auth/profile [36m304[0m 8.944 ms - -[0m
[AUTH] Token Decoded: { id: 5, userId: '4607' }
[0mGET /api/wallet/history [36m304[0m 6.282 ms - -[0m
[AUTH] Token Decoded: { id: 5, userId: '4607' }
[AUTH] Fetching profile for ID: 5
[DEBUG] Processing profile for goog
[0mGET /api/auth/profile [36m304[0m 9.168 ms - -[0m
[AUTH] Token Decoded: { id: 5, userId: '4607' }
[0mGET /api/wallet/history [36m304[0m 6.309 ms - -[0m
[AUTH] Token Decoded: { id: 5, userId: '4607' }
[AUTH] Fetching profile for ID: 5
[DEBUG] Processing profile for goog
[0mGET /api/auth/profile [36m304[0m 8.727 ms - -[0m
[AUTH] Token Decoded: { id: 5, userId: '4607' }
[AUTH] Fetching profile for ID: 5
[AUTH] Token Decoded: { id: 5, userId: '4607' }
[DEBUG] Processing profile for goog
[0mGET /api/wallet/history [36m304[0m 6.045 ms - -[0m
[0mGET /api/auth/profile [36m304[0m 14.932 ms - -[0m
[AUTH] Token Decoded: { id: 5, userId: '4607' }
[0mGET /api/ads/my [36m304[0m 3.446 ms - -[0m
[AUTH] Token Decoded: { id: 5, userId: '4607' }
[AUTH] Token Decoded: { id: 5, userId: '4607' }
[AUTH] Fetching profile for ID: 5
[0mGET /api/chat/conversations [32m200[0m 7.813 ms - 27101[0m
[DEBUG] Processing profile for goog
[0mGET /api/auth/profile [36m304[0m 10.563 ms - -[0m
[AUTH] Token Decoded: { id: 5, userId: '4607' }
[0mGET /api/wallet/history [36m304[0m 5.850 ms - -[0m
[AUTH] Token Decoded: { id: 5, userId: '4607' }
[0mGET /api/wallet/history [36m304[0m 6.477 ms - -[0m
[AUTH] Token Decoded: { id: 5, userId: '4607' }
[AUTH] Fetching profile for ID: 5
[DEBUG] Processing profile for goog
[0mGET /api/auth/profile [36m304[0m 8.848 ms - -[0m
[AUTH] Token Decoded: { id: 5, userId: '4607' }
[AUTH] Token Decoded: { id: 5, userId: '4607' }
[AUTH] Fetching profile for ID: 5
[0mGET /api/wallet/history [36m304[0m 8.188 ms - -[0m
[DEBUG] Processing profile for goog
[0mGET /api/auth/profile [36m304[0m 10.739 ms - -[0m
[AUTH] Token Decoded: { id: 5, userId: '4607' }
[0mGET /api/wallet/history [36m304[0m 6.154 ms - -[0m
[AUTH] Token Decoded: { id: 5, userId: '4607' }
[AUTH] Fetching profile for ID: 5
[DEBUG] Processing profile for goog
[0mGET /api/auth/profile [36m304[0m 8.716 ms - -[0m
[AUTH] Token Decoded: { id: 5, userId: '4607' }
[0mGET /api/wallet/history [36m304[0m 6.093 ms - -[0m
[AUTH] Token Decoded: { id: 5, userId: '4607' }
[AUTH] Fetching profile for ID: 5
[DEBUG] Processing profile for goog
[0mGET /api/auth/profile [36m304[0m 8.668 ms - -[0m
[AUTH] Token Decoded: { id: 5, userId: '4607' }
[0mGET /api/wallet/history [36m304[0m 6.013 ms - -[0m
[AUTH] Token Decoded: { id: 5, userId: '4607' }
[AUTH] Fetching profile for ID: 5
[DEBUG] Processing profile for goog
[0mGET /api/auth/profile [36m304[0m 9.228 ms - -[0m
[AUTH] Token Decoded: { id: 5, userId: '4607' }
[AUTH] Token Decoded: { id: 5, userId: '4607' }
[0mGET /api/ads/my [36m304[0m 5.615 ms - -[0m
[AUTH] Token Decoded: { id: 5, userId: '4607' }
[AUTH] Fetching profile for ID: 5
[0mGET /api/wallet/history [36m304[0m 10.306 ms - -[0m
[DEBUG] Processing profile for goog
[0mGET /api/auth/profile [36m304[0m 10.452 ms - -[0m
[AUTH] Token Decoded: { id: 4, userId: '4208' }
✅ Connected to PostgreSQL database
[0mGET /api/chat/conversations [32m200[0m 52.573 ms - 1080[0m
[AUTH] Token Decoded: { id: 4, userId: '4208' }
[0mGET /api/chat/conversations [32m200[0m 4.731 ms - 1080[0m
